"File","Module","Line","Type","Url"
"pages/demo.adoc","ROOT","17","url","https://docs.ted.europa.eu/espd-demo"
"pages/demo.adoc","ROOT","33","url","https://docs.ted.europa.eu/espd-demo/"
"pages/migration-breaking-changes.adoc","ROOT","66","url","https://github.com/OP-TED/ESPD-EDM/releases"
"pages/previous-versions-downloads.adoc","ROOT","12","url","https://github.com/OP-TED/ESPD-EDM/tree/v5.0.0"
"pages/previous-versions-downloads.adoc","ROOT","12","url","https://docs.ted.europa.eu/ESPD-EDM/5.0.0/index.html"
"pages/previous-versions-downloads.adoc","ROOT","21","url","https://github.com/OP-TED/ESPD-EDM/tree/v4.1.0"
"pages/previous-versions-downloads.adoc","ROOT","22","url","https://docs.ted.europa.eu/ESPD-EDM/4.1.0/index.html"
"pages/previous-versions-downloads.adoc","ROOT","25","url","https://github.com/OP-TED/ESPD-EDM/tree/v4.0.0"
"pages/previous-versions-downloads.adoc","ROOT","26","url","https://docs.ted.europa.eu/ESPD-EDM/4.0.0/index.html"
"pages/previous-versions-downloads.adoc","ROOT","29","url","https://github.com/OP-TED/ESPD-EDM/tree/v3.3.0"
"pages/previous-versions-downloads.adoc","ROOT","30","url","https://docs.ted.europa.eu/ESPD-EDM/3.3.0/index.html"
"pages/previous-versions-downloads.adoc","ROOT","33","url","https://github.com/OP-TED/ESPD-EDM/tree/v3.2.0"
"pages/previous-versions-downloads.adoc","ROOT","34","url","https://docs.ted.europa.eu/ESPD-EDM/3.2.0/index.html"
"pages/previous-versions-downloads.adoc","ROOT","37","url","https://github.com/OP-TED/ESPD-EDM/tree/v3.1.0"
"pages/previous-versions-downloads.adoc","ROOT","38","url","https://docs.ted.europa.eu/ESPD-EDM/3.1.0/index.html"
"pages/previous-versions-downloads.adoc","ROOT","41","url","https://github.com/OP-TED/ESPD-EDM/tree/v3.0.0"
"pages/previous-versions-downloads.adoc","ROOT","42","url","https://docs.ted.europa.eu/ESPD-EDM/3.0.0/index.html"
"pages/previous-versions-downloads.adoc","ROOT","45","url","https://github.com/OP-TED/ESPD-EDM/tree/v2.1.x"
"pages/previous-versions-downloads.adoc","ROOT","46","url","https://docs.ted.europa.eu/ESPD-EDM/2.1.0/index.html"
"pages/previous-versions-downloads.adoc","ROOT","52","url","https://github.com/OP-TED/ESPD-EDM/releases"
"pages/previous-versions-downloads.adoc","ROOT","58","url","https://docs.ted.europa.eu/ESPD-EDM/latest/index.html"
"pages/release_notes.adoc","ROOT","13","url","https://github.com/OP-TED/ESPD-EDM"
"pages/release_notes.adoc","ROOT","27","url","https://github.com/OP-TED/ESPD-EDM/issues/356"
"pages/release_notes.adoc","ROOT","28","url","https://github.com/OP-TED/ESPD-EDM/issues/386"
"pages/release_notes.adoc","ROOT","29","url","https://github.com/OP-TED/ESPD-EDM/issues/413"
"pages/release_notes.adoc","ROOT","30","url","https://github.com/OP-TED/ESPD-EDM/issues/422"
"pages/release_notes.adoc","ROOT","31","url","https://github.com/OP-TED/ESPD-EDM/issues/423"
"pages/release_notes.adoc","ROOT","32","url","https://github.com/OP-TED/ESPD-EDM/issues/424"
"pages/release_notes.adoc","ROOT","54","url","https://github.com/OP-TED/ESPD-EDM/tree/v5.0.0/codelists/codelists.json"
"pages/release_notes.adoc","ROOT","64","url","https://docs.ted.europa.eu/ESPD-EDM/4.0.0/index.html"
"partials/attributes.adoc","ROOT","14","url","https://github.com/OP-TED/ePO"
"partials/feedback.adoc","ROOT","5","url","https://github.com/OP-TED/espd-docs/issues/new/choose"
"pages/business_info.adoc","business","62","image-url","https://kroki.io/vega/svg/eNrNVk2PmzAQvedXILe9ZYnthCy7t0rtvdJK1VarHLzBAbd8ROBkk4347x0bMCYJYVNtq14QzPjNmxm_GXEYOQ76WCwjnjB076BIynVxP5lsecjcUMho8-yKbFId0NbJ1nN_FlmKxgoa8GKZi7UUYAD4Z0eKhMci5c5WFBsWi1emfE62cmTEna_fHr44W54XYCvcKsSLCGQE4DnG-jviIowkGEhtWLMgEGkIFm880qRMqmSf4N1xDvoJ1pQlXOXQhNfRtWeV5QlTEQ9I7tdwCFUFqNB5Ad8H9JzlUICKzJU9EDxQsfR3WZpIWxZveGG4bX7tj9kzjxXwu-c-uo8mBe2sOByE6QSTCcXU6_obUnBW_ltk3OV4iHB2gbAJOOshvK3982sIpxcIZ3VA0kM4Nx24gpAOV0j884SEmoSuICRvIJxfrhASagnrt8XIoj-RL9_yVF4n3peIG_EOiLXhUcVhl6owNboRAVTUaU2LoC5xiYVomkru-hBT4LARRvm0HwGYM1nRaR9iBhwdxJ0Rey-CdBAEGzX2ILxjjnZgjm8VnotqSxVLFlvtP7novT7QXnR1uyAxlgatNWdpqMxPeAwKKESYMi3OekuWC3MyyBImUi2UekFaqxB0JHispVnpu7wowl1Pbmq7n-ZWr_DWnm1SRSXzDb8qPd2tasaaJbwoj_vKdnZXUZYLGBjduEzKLFHIKnurDmuM0KcfyIqWsPzXmUsyBfOdtGYxh_h2BfWwtjPH02UWKGS7UsAmed4xgXGn45xLtLknrbWys132GqTnGt5uCO664Tp0NOsI9bpHViKOOyfQB4zxEY0uWh0yuWhdHEXKUvkgXrt8hJYn6-680poG53z5_zbY73qbPxWr3u4B8-vStu6AQhiHtT2ykEO2WhVcHfQHr8f3fXRtUwdUa-bur7RVj--5thrQ_hRULSW7MzfTd1Fuve3eIF38ztL9513e0UGUXql_dje9Sm8aOBu8L7r05zToV7PayqPyNzZp_E4="
"pages/business_info.adoc","business","62","url","https://kroki.io/vega/svg/eNrNVk2PmzAQvedXILe9ZYnthCy7t0rtvdJK1VarHLzBAbd8ROBkk4347x0bMCYJYVNtq14QzPjNmxm_GXEYOQ76WCwjnjB076BIynVxP5lsecjcUMho8-yKbFId0NbJ1nN_FlmKxgoa8GKZi7UUYAD4Z0eKhMci5c5WFBsWi1emfE62cmTEna_fHr44W54XYCvcKsSLCGQE4DnG-jviIowkGEhtWLMgEGkIFm880qRMqmSf4N1xDvoJ1pQlXOXQhNfRtWeV5QlTEQ9I7tdwCFUFqNB5Ad8H9JzlUICKzJU9EDxQsfR3WZpIWxZveGG4bX7tj9kzjxXwu-c-uo8mBe2sOByE6QSTCcXU6_obUnBW_ltk3OV4iHB2gbAJOOshvK3982sIpxcIZ3VA0kM4Nx24gpAOV0j884SEmoSuICRvIJxfrhASagnrt8XIoj-RL9_yVF4n3peIG_EOiLXhUcVhl6owNboRAVTUaU2LoC5xiYVomkru-hBT4LARRvm0HwGYM1nRaR9iBhwdxJ0Rey-CdBAEGzX2ILxjjnZgjm8VnotqSxVLFlvtP7novT7QXnR1uyAxlgatNWdpqMxPeAwKKESYMi3OekuWC3MyyBImUi2UekFaqxB0JHispVnpu7wowl1Pbmq7n-ZWr_DWnm1SRSXzDb8qPd2tasaaJbwoj_vKdnZXUZYLGBjduEzKLFHIKnurDmuM0KcfyIqWsPzXmUsyBfOdtGYxh_h2BfWwtjPH02UWKGS7UsAmed4xgXGn45xLtLknrbWys132GqTnGt5uCO664Tp0NOsI9bpHViKOOyfQB4zxEY0uWh0yuWhdHEXKUvkgXrt8hJYn6-680poG53z5_zbY73qbPxWr3u4B8-vStu6AQhiHtT2ykEO2WhVcHfQHr8f3fXRtUwdUa-bur7RVj--5thrQ_hRULSW7MzfTd1Fuve3eIF38ztL9513e0UGUXql_dje9Sm8aOBu8L7r05zToV7PayqPyNzZp_E4="
"pages/business_info.adoc","business","64","url","https://niolesk.top/#https://kroki.io/vega/svg/eNrNVk2PmzAQvedXILe9ZYnthCy7t0rtvdJK1VarHLzBAbd8ROBkk4347x0bMCYJYVNtq14QzPjNmxm_GXEYOQ76WCwjnjB076BIynVxP5lsecjcUMho8-yKbFId0NbJ1nN_FlmKxgoa8GKZi7UUYAD4Z0eKhMci5c5WFBsWi1emfE62cmTEna_fHr44W54XYCvcKsSLCGQE4DnG-jviIowkGEhtWLMgEGkIFm880qRMqmSf4N1xDvoJ1pQlXOXQhNfRtWeV5QlTEQ9I7tdwCFUFqNB5Ad8H9JzlUICKzJU9EDxQsfR3WZpIWxZveGG4bX7tj9kzjxXwu-c-uo8mBe2sOByE6QSTCcXU6_obUnBW_ltk3OV4iHB2gbAJOOshvK3982sIpxcIZ3VA0kM4Nx24gpAOV0j884SEmoSuICRvIJxfrhASagnrt8XIoj-RL9_yVF4n3peIG_EOiLXhUcVhl6owNboRAVTUaU2LoC5xiYVomkru-hBT4LARRvm0HwGYM1nRaR9iBhwdxJ0Rey-CdBAEGzX2ILxjjnZgjm8VnotqSxVLFlvtP7novT7QXnR1uyAxlgatNWdpqMxPeAwKKESYMi3OekuWC3MyyBImUi2UekFaqxB0JHispVnpu7wowl1Pbmq7n-ZWr_DWnm1SRSXzDb8qPd2tasaaJbwoj_vKdnZXUZYLGBjduEzKLFHIKnurDmuM0KcfyIqWsPzXmUsyBfOdtGYxh_h2BfWwtjPH02UWKGS7UsAmed4xgXGn45xLtLknrbWys132GqTnGt5uCO664Tp0NOsI9bpHViKOOyfQB4zxEY0uWh0yuWhdHEXKUvkgXrt8hJYn6-680poG53z5_zbY73qbPxWr3u4B8-vStu6AQhiHtT2ykEO2WhVcHfQHr8f3fXRtUwdUa-bur7RVj--5thrQ_hRULSW7MzfTd1Fuve3eIF38ztL9513e0UGUXql_dje9Sm8aOBu8L7r05zToV7PayqPyNzZp_E4="
"pages/business_info.adoc","business","68","url","https://single-market-economy.ec.europa.eu/single-market/public-procurement/digital-procurement/eforms_en"
"pages/business_info.adoc","business","109","image-url","https://kroki.io/pikchr/svg/eNrFlU-P2jAQxe_5FKN0D_2zRMEORarUQ-nSXrbaVXvtJZABLCU2tY3CfvvOOAmEQCW0EuoJGDt-7_dmHO4sfIY0EUpHb6BUGm1ehMp08v7ORlypVVMRkyiajT_BwuyBd022e4hnuxe0UOCKNroY4kfj6YMe8RvIEj4DNqjWGw8iGfOvlSpLSPfZ9CGbfIlya00NNmxolq2pYDZOEPwGNey2kHE5_Dhui-bkA8tSbR0GTRjHnc44qP7j5DmdTBCXKdiaA6VjcFVOLuP5r-cH-Il_duh8V2zQZA-sERyAXUMmLpKJAZm4kkwEMnFrMjhFE6do0VwO7Msr7ctgX_7_xhSm1s0xZ63RAzZ9JZsObNnt2fi6HvJ0UORugwV4wxZ0h97yMnDP6ZH94oWbiXRg_2m1Qqv0Gp5z61_o6n-3hob6EfMC7StfAb1pEimHJoeqjcgPrBZo3f0hNEN-LaD2yivs1d1uMVoa7W2-9Ma60zxfb04Gc9mtIuG0l83Z8bd2PoBb086G2xrtkM4vlfOstw461SGVQR5gsVQ0CIamLM51AWex_I5qRd4SV0PuQ_i6hg_wNk3Se3r1y3dhB9ufNoZb-zLhaYm4UX3Drd_4MM2d405HNzqUIymOLulkiTiLKeLMO52vpixx6R1wQ1mG1DohKjaUleK_o5jSqCAo0zdlwXCjzqizjnpEToKdydHPx5O2yUQGP8cLxy2jK0d3LaTXX6FsEh1WmLe_kh2eYe2_9s9KsQ=="
"pages/business_info.adoc","business","109","url","https://kroki.io/pikchr/svg/eNrFlU-P2jAQxe_5FKN0D_2zRMEORarUQ-nSXrbaVXvtJZABLCU2tY3CfvvOOAmEQCW0EuoJGDt-7_dmHO4sfIY0EUpHb6BUGm1ehMp08v7ORlypVVMRkyiajT_BwuyBd022e4hnuxe0UOCKNroY4kfj6YMe8RvIEj4DNqjWGw8iGfOvlSpLSPfZ9CGbfIlya00NNmxolq2pYDZOEPwGNey2kHE5_Dhui-bkA8tSbR0GTRjHnc44qP7j5DmdTBCXKdiaA6VjcFVOLuP5r-cH-Il_duh8V2zQZA-sERyAXUMmLpKJAZm4kkwEMnFrMjhFE6do0VwO7Msr7ctgX_7_xhSm1s0xZ63RAzZ9JZsObNnt2fi6HvJ0UORugwV4wxZ0h97yMnDP6ZH94oWbiXRg_2m1Qqv0Gp5z61_o6n-3hob6EfMC7StfAb1pEimHJoeqjcgPrBZo3f0hNEN-LaD2yivs1d1uMVoa7W2-9Ma60zxfb04Gc9mtIuG0l83Z8bd2PoBb086G2xrtkM4vlfOstw461SGVQR5gsVQ0CIamLM51AWex_I5qRd4SV0PuQ_i6hg_wNk3Se3r1y3dhB9ufNoZb-zLhaYm4UX3Drd_4MM2d405HNzqUIymOLulkiTiLKeLMO52vpixx6R1wQ1mG1DohKjaUleK_o5jSqCAo0zdlwXCjzqizjnpEToKdydHPx5O2yUQGP8cLxy2jK0d3LaTXX6FsEh1WmLe_kh2eYe2_9s9KsQ=="
"pages/business_info.adoc","business","111","url","https://niolesk.top/#https://kroki.io/pikchr/svg/eNrFlU-P2jAQxe_5FKN0D_2zRMEORarUQ-nSXrbaVXvtJZABLCU2tY3CfvvOOAmEQCW0EuoJGDt-7_dmHO4sfIY0EUpHb6BUGm1ehMp08v7ORlypVVMRkyiajT_BwuyBd022e4hnuxe0UOCKNroY4kfj6YMe8RvIEj4DNqjWGw8iGfOvlSpLSPfZ9CGbfIlya00NNmxolq2pYDZOEPwGNey2kHE5_Dhui-bkA8tSbR0GTRjHnc44qP7j5DmdTBCXKdiaA6VjcFVOLuP5r-cH-Il_duh8V2zQZA-sERyAXUMmLpKJAZm4kkwEMnFrMjhFE6do0VwO7Msr7ctgX_7_xhSm1s0xZ63RAzZ9JZsObNnt2fi6HvJ0UORugwV4wxZ0h97yMnDP6ZH94oWbiXRg_2m1Qqv0Gp5z61_o6n-3hob6EfMC7StfAb1pEimHJoeqjcgPrBZo3f0hNEN-LaD2yivs1d1uMVoa7W2-9Ma60zxfb04Gc9mtIuG0l83Z8bd2PoBb086G2xrtkM4vlfOstw461SGVQR5gsVQ0CIamLM51AWex_I5qRd4SV0PuQ_i6hg_wNk3Se3r1y3dhB9ufNoZb-zLhaYm4UX3Drd_4MM2d405HNzqUIymOLulkiTiLKeLMO52vpixx6R1wQ1mG1DohKjaUleK_o5jSqCAo0zdlwXCjzqizjnpEToKdydHPx5O2yUQGP8cLxy2jK0d3LaTXX6FsEh1WmLe_kh2eYe2_9s9KsQ=="
"pages/for-contracting-authorities.adoc","business","118","url","https://single-market-economy.ec.europa.eu/single-market/public-procurement/digital-procurement/european-single-procurement-document-and-ecertis_en"
"pages/for-economic-operators.adoc","business","142","url","https://single-market-economy.ec.europa.eu/single-market/public-procurement/digital-procurement/european-single-procurement-document-and-ecertis_en"
"pages/implementation.adoc","business","15","url","https://single-market-economy.ec.europa.eu/single-market/public-procurement/digital-procurement/european-single-procurement-document-and-ecertis_en"
"pages/reference-implementation-guide.adoc","business","24","url","https://github.com/OP-TED/espd-service-sandbox"
"pages/using-espd-service.adoc","business","12","url","https://single-market-economy.ec.europa.eu/single-market/public-procurement/digital-procurement/european-single-procurement-document-and-ecertis_en"
"partials/attributes.adoc","business","14","url","https://github.com/OP-TED/ePO"
"partials/feedback.adoc","business","5","url","https://github.com/OP-TED/espd-docs/issues/new/choose"
"pages/business-rules.adoc","technical","11","url","https://www.schematron.com/"
"pages/business-rules.adoc","technical","74","url","https://github.com/OP-TED/espd-validation-schematron"
"pages/business-rules.adoc","technical","78","url","https://github.com/OP-TED/espd-validation-schematron"
"pages/code-lists.adoc","technical","56","url","https://github.com/OP-TED/ESPD-EDM/tree/v5.0.0/codelists"
"pages/code-lists.adoc","technical","79","url","https://docs.oasis-open.org/ubl/UBL-conformance-to-CCTS/v1.0/UBL-conformance-to-CCTS-v1.0.html"
"pages/code-lists.adoc","technical","87","image-url","https://kroki.io/blockdiag/svg/eNrFUstOwzAQPNdfsTIXkEIfgKBSBVLVEqkXhChwQVXkxtvE1LGj2IGWqv-OnRBSOHDFB2s9M_bujncpdbzmgiWwI70e3LMEoWcxTpWImayiKNYcpTC2m9pMwiz7pYmER0xv4mQRs7YQy9Ki6b7mCRyHIikLhKsueBpa-sSnm6MFkzMFGTp8QwCqY_QuuE3hGi6Go28sRZGk1oGDswrkuGKltNFKK2vEB3rmomJIUugyhw8sdFSHO0JiLXXhNPTodhhOb8_piBDqa3rc5kjh9Aao73E2pUEdjRNU8fb3-Y5l2CCH8TMWRmhVy1VDMJWUzpv2kaeHWRPO4xQz9AC8cOFLU1rhgnxVvxKFsd_ld2jrnNOblOW-YccqjnypNwE0ng2u-oGxW-l5zkyKPIC2-Wk_HE8u6WJEOh1o8aVk8ZrWoMWNbS-EYd8tWhn7tZrsUij8gf_IWj9Wbf_mLOnsyb4ZtNogq53PHE3QDBC8MVkiCOMGa3gwEsF_DsRfH3w26Lvv238C1ZUpOg=="
"pages/code-lists.adoc","technical","87","url","https://kroki.io/blockdiag/svg/eNrFUstOwzAQPNdfsTIXkEIfgKBSBVLVEqkXhChwQVXkxtvE1LGj2IGWqv-OnRBSOHDFB2s9M_bujncpdbzmgiWwI70e3LMEoWcxTpWImayiKNYcpTC2m9pMwiz7pYmER0xv4mQRs7YQy9Ki6b7mCRyHIikLhKsueBpa-sSnm6MFkzMFGTp8QwCqY_QuuE3hGi6Go28sRZGk1oGDswrkuGKltNFKK2vEB3rmomJIUugyhw8sdFSHO0JiLXXhNPTodhhOb8_piBDqa3rc5kjh9Aao73E2pUEdjRNU8fb3-Y5l2CCH8TMWRmhVy1VDMJWUzpv2kaeHWRPO4xQz9AC8cOFLU1rhgnxVvxKFsd_ld2jrnNOblOW-YccqjnypNwE0ng2u-oGxW-l5zkyKPIC2-Wk_HE8u6WJEOh1o8aVk8ZrWoMWNbS-EYd8tWhn7tZrsUij8gf_IWj9Wbf_mLOnsyb4ZtNogq53PHE3QDBC8MVkiCOMGa3gwEsF_DsRfH3w26Lvv238C1ZUpOg=="
"pages/code-lists.adoc","technical","112","image-url","https://kroki.io/blockdiag/svg/eNq9Ut9r2zAQfo7-ikN92cDNjy50gdBCaWrIyxjrtpdSjGJdbDWyZKzzlrTkf59sx1WyQh-rB3H33Sfd6dO30jbdSCUyeGGjEXwXGcKIMM2NSoVuoyS1ErVyNMyp0LAs_uMkqkHcaCnRkForrBJBVKlVTeiGT2UGn2KV1RXCbAiBBIH0uWl9jwSuFAYK9PiWAbRp8ldJyuEKprP5K5ajynLy4OSiBSWuRa0pWVtDTj1jU5m2FZZVti7hGSubdOELY6nVtvIcfnY3ixd3X_icMR4m-7krkcP5NXCX5ljgcsGjPv4mCgzZTYYm3R3XO-SU9Rsrp6w5pi0EiV8_lgFoEniQqhnLWIOP7DD5WlWOXkcf8KCa57tclM1jfdVIlCu7jaDXa_J1HDna6aYuhctRRhAevhjHN7eX_HHOBgMI-EqLdMM7kHBL4UAcj_3iraiH1XfXyuAJftK1u6zdPlhPNtizfW-tThayXl2JLuotA3-ErhGU81aavTFB9PEWeO9LLyZj_2H7f2UPLEE="
"pages/code-lists.adoc","technical","112","url","https://kroki.io/blockdiag/svg/eNq9Ut9r2zAQfo7-ikN92cDNjy50gdBCaWrIyxjrtpdSjGJdbDWyZKzzlrTkf59sx1WyQh-rB3H33Sfd6dO30jbdSCUyeGGjEXwXGcKIMM2NSoVuoyS1ErVyNMyp0LAs_uMkqkHcaCnRkForrBJBVKlVTeiGT2UGn2KV1RXCbAiBBIH0uWl9jwSuFAYK9PiWAbRp8ldJyuEKprP5K5ajynLy4OSiBSWuRa0pWVtDTj1jU5m2FZZVti7hGSubdOELY6nVtvIcfnY3ixd3X_icMR4m-7krkcP5NXCX5ljgcsGjPv4mCgzZTYYm3R3XO-SU9Rsrp6w5pi0EiV8_lgFoEniQqhnLWIOP7DD5WlWOXkcf8KCa57tclM1jfdVIlCu7jaDXa_J1HDna6aYuhctRRhAevhjHN7eX_HHOBgMI-EqLdMM7kHBL4UAcj_3iraiH1XfXyuAJftK1u6zdPlhPNtizfW-tThayXl2JLuotA3-ErhGU81aavTFB9PEWeO9LLyZj_2H7f2UPLEE="
"pages/code-lists.adoc","technical","184","url","https://github.com/OP-TED/ESPD-EDM/tree/v5.0.0/codelists"
"pages/code-lists.adoc","technical","413","url","http://publications.europa.eu/resource/authority/access-right"
"pages/code-lists.adoc","technical","415","url","http://publications.europa.eu/resource/dataset/access-right"
"pages/code-lists.adoc","technical","416","url","http://publications.europa.eu/resource/dataset/access-right/20240612-0"
"pages/code-lists.adoc","technical","417","url","http://publications.europa.eu/resource/distribution/access-right/20240612-0/xml/gc/AccessRight.gc"
"pages/code-lists.adoc","technical","442","url","https://github.com/OP-TED/ESPD-EDM"
"pages/code-lists.adoc","technical","465","url","http://publications.europa.eu/resource/authority/country"
"pages/code-lists.adoc","technical","467","url","http://publications.europa.eu/resource/dataset/country"
"pages/code-lists.adoc","technical","468","url","http://publications.europa.eu/resource/dataset/country/20250618-0"
"pages/code-lists.adoc","technical","469","url","http://publications.europa.eu/resource/distribution/country/20250618-0/xml/gc/Country.gc"
"pages/code-lists.adoc","technical","493","url","https://github.com/OP-TED/ESPD-EDM"
"pages/code-lists.adoc","technical","515","url","http://publications.europa.eu/resource/authority/currency"
"pages/code-lists.adoc","technical","517","url","http://publications.europa.eu/resource/dataset/currency"
"pages/code-lists.adoc","technical","518","url","http://publications.europa.eu/resource/dataset/currency/20250618-0"
"pages/code-lists.adoc","technical","519","url","http://publications.europa.eu/resource/distribution/currency/20250618-0/xml/gc/Currency.gc"
"pages/code-lists.adoc","technical","542","url","http://publications.europa.eu/resource/authority/docrefcontent-type"
"pages/code-lists.adoc","technical","544","url","http://publications.europa.eu/resource/dataset/docrefcontent-type"
"pages/code-lists.adoc","technical","545","url","http://publications.europa.eu/resource/dataset/docrefcontent-type/20250319-0"
"pages/code-lists.adoc","technical","546","url","http://publications.europa.eu/resource/distribution/docrefcontent-type/20250319-0/xml/gc/DocrefcontentType.gc"
"pages/code-lists.adoc","technical","569","url","http://publications.europa.eu/resource/authority/economic-operator-size"
"pages/code-lists.adoc","technical","571","url","http://publications.europa.eu/resource/dataset/economic-operator-size"
"pages/code-lists.adoc","technical","572","url","http://publications.europa.eu/resource/dataset/economic-operator-size/20240612-0"
"pages/code-lists.adoc","technical","573","url","http://publications.europa.eu/resource/distribution/economic-operator-size/20240612-0/xml/gc/EconomicOperatorSize.gc"
"pages/code-lists.adoc","technical","597","url","https://github.com/OP-TED/ESPD-EDM"
"pages/code-lists.adoc","technical","619","url","http://publications.europa.eu/resource/authority/eo-role-type"
"pages/code-lists.adoc","technical","621","url","http://publications.europa.eu/resource/dataset/eo-role-type"
"pages/code-lists.adoc","technical","622","url","http://publications.europa.eu/resource/dataset/eo-role-type/20211208-0"
"pages/code-lists.adoc","technical","623","url","http://publications.europa.eu/resource/distribution/eo-role-type/20211208-0/xml/gc/EoRoleType.gc"
"pages/code-lists.adoc","technical","644","url","http://publications.europa.eu/resource/authority/exclusion-ground"
"pages/code-lists.adoc","technical","646","url","http://publications.europa.eu/resource/dataset/exclusion-ground"
"pages/code-lists.adoc","technical","647","url","http://publications.europa.eu/resource/dataset/exclusion-ground/20250618-0"
"pages/code-lists.adoc","technical","648","url","http://publications.europa.eu/resource/distribution/exclusion-ground/20250618-0/xml/gc/ExclusionGround.gc"
"pages/code-lists.adoc","technical","673","url","https://github.com/OP-TED/ESPD-EDM"
"pages/code-lists.adoc","technical","699","url","http://publications.europa.eu/resource/authority/language"
"pages/code-lists.adoc","technical","701","url","http://publications.europa.eu/resource/dataset/language"
"pages/code-lists.adoc","technical","702","url","http://publications.europa.eu/resource/dataset/language/20250618-0"
"pages/code-lists.adoc","technical","703","url","http://publications.europa.eu/resource/distribution/language/20250618-0/xml/gc/Language.gc"
"pages/code-lists.adoc","technical","727","url","http://publications.europa.eu/resource/authority/occupation"
"pages/code-lists.adoc","technical","729","url","http://publications.europa.eu/resource/dataset/occupation"
"pages/code-lists.adoc","technical","730","url","http://publications.europa.eu/resource/dataset/occupation/20221214-0"
"pages/code-lists.adoc","technical","731","url","http://publications.europa.eu/resource/distribution/occupation/20221214-0/xml/gc/Occupation.gc"
"pages/code-lists.adoc","technical","755","url","https://github.com/OP-TED/ESPD-EDM"
"pages/code-lists.adoc","technical","776","url","https://github.com/OP-TED/ESPD-EDM"
"pages/code-lists.adoc","technical","797","url","https://github.com/OP-TED/ESPD-EDM"
"pages/code-lists.adoc","technical","817","url","http://publications.europa.eu/resource/authority/selection-criterion"
"pages/code-lists.adoc","technical","819","url","http://publications.europa.eu/resource/dataset/selection-criterion"
"pages/code-lists.adoc","technical","820","url","http://publications.europa.eu/resource/dataset/selection-criterion/20250319-0"
"pages/code-lists.adoc","technical","821","url","http://publications.europa.eu/resource/distribution/selection-criterion/20250319-0/xml/gc/SelectionCriterion.gc"
"pages/code-lists.adoc","technical","847","url","http://publications.europa.eu/resource/authority/access-right"""
"pages/code-lists.adoc","technical","938","url","http://publications.europa.eu/resource/authority/country"""
"pages/code-lists.adoc","technical","958","url","http://publications.europa.eu/resource/authority/criterion"""
"pages/code-lists.adoc","technical","1005","url","http://publications.europa.eu/resource/authority/currency"""
"pages/code-lists.adoc","technical","1043","url","http://publications.europa.eu/resource/authority/docrefcontent-type"""
"pages/code-lists.adoc","technical","1048","url","http://ted.europa.eu/udl?uri%3DTED:NOTICE:293520-"
"pages/code-lists.adoc","technical","1074","url","http://publications.europa.eu/resource/authority/economic-operator-size"""
"pages/code-lists.adoc","technical","1117","url","http://publications.europa.eu/resource/authority/eo-role-type"""
"pages/code-lists.adoc","technical","1172","url","http://publications.europa.eu/resource/authority/criterion"""
"pages/code-lists.adoc","technical","1177","url","http://eur-lex.europa.eu/</cbc:URI>"
"pages/code-lists.adoc","technical","1180","url","http://publications.europa.eu/resource/authority/language"""
"pages/code-lists.adoc","technical","1196","url","http://publications.europa.eu/resource/authority/criterion"""
"pages/code-lists.adoc","technical","1213","url","http://publications.europa.eu/resource/authority/occupation"""
"pages/code-lists.adoc","technical","1213","url","http://data.europa.eu/esco/occupation/4d5bd738-9202-4fd7-bd8c-7dbe914048de</cbc:ExpectedCode>"
"pages/code-lists.adoc","technical","1218","url","http://data.europa.eu/esco/occupation/4d5bd738-9202-4fd7-bd8c-7dbe914048de*"
"pages/common-concepts.adoc","technical","11","url","http://www.schematron.com/"
"pages/common-concepts.adoc","technical","23","image-url","https://kroki.io/pikchr/svg/eNqdVNtu2kAUfPdXHFl5SJrg7C4Y4zSNZC6p8tAQpWn6UKrKlzVsZbzIXgd467f00_olPTbYBoLktKwQsHjnzJmdOScJfABiMBFrgVzGmubQK_DkChI3AHOxAv1exq2BDDhEIlXQz1IR8zSFJIt4qoMnpvh4FIAvI5nAciYUh1BEEZAVuTU7tglLEagZUPPdSYLw7AoUXynQ__z6DWMvElNXCRmDkpClHGSM7wTmMuHAIz7nsUoh4AseByKe4t8g1YwnWA438oPpex2inxlSm2gbDmRFbTboDHDDVdibBR6P5BIcCudw2iKGeUHONKe9S-RpxuHFjTKeQigjfDoFFxauUjyJGwpQgxwv0Nkt4CiVCC9TZZlG0PZxUHMX9D6be6iFDGupFol8EQEPGvG7R_E1x3LLCte-51_dDXUoAVif9bsWAiwFXqixBARyKH624BQtZF4wg55piZjOFOJ4JU7qz5CcM-Wxv74bfqjxbmnfsQcHeJZr8A0gtYuOLb8EmuijL63B-FNr_DDRaxjLbg8ZPYTxShi2Ec4KSpib-mglyd5Rf59BkQvH4uV5Rqh1-QC0w1rMbpuMENKAWGnUJqgRM2uRwkrsy43aNw1yW3y_L22EeeVRJBYYHh0aXnqxjiPSAtHIMfvbGaDDc27WKhKYvDIUmMkQB0EA3jrfrt2mw0OGqfaLVKcwDkPho3Tfvm_W5eft11a5ky9j9_w4jtYgQsgFGUo_y439tF7wYgiJFCb602j4Y3A_0fFYMXuEcrHiK8N32z2r3y2n0ci8pbdD_KUOBOhg_-d5_3n7aGAtwsYgTOQc-vnN4WQaUQO31Ayn5NYOvSomcH2M6FtTUziiNkSvSk0-bZvT0qvSwlhh895OWpDTIw8HMlZbYo2p6R2kZtusXTeb03prlPebtKombe9Voj8-jr82srPdo-wo2af3zJMUvfev_LoVP0p2CBJmEEwFaWSHNA5GDiXVZdxsLNs0J0itP9lCBPsT4tBnTfMCORyI1mdluI_79lii9Dx3czcOXCWTtaH_b9QKuxZZs3IyfwEaPHCr"
"pages/common-concepts.adoc","technical","23","url","https://kroki.io/pikchr/svg/eNqdVNtu2kAUfPdXHFl5SJrg7C4Y4zSNZC6p8tAQpWn6UKrKlzVsZbzIXgd467f00_olPTbYBoLktKwQsHjnzJmdOScJfABiMBFrgVzGmubQK_DkChI3AHOxAv1exq2BDDhEIlXQz1IR8zSFJIt4qoMnpvh4FIAvI5nAciYUh1BEEZAVuTU7tglLEagZUPPdSYLw7AoUXynQ__z6DWMvElNXCRmDkpClHGSM7wTmMuHAIz7nsUoh4AseByKe4t8g1YwnWA438oPpex2inxlSm2gbDmRFbTboDHDDVdibBR6P5BIcCudw2iKGeUHONKe9S-RpxuHFjTKeQigjfDoFFxauUjyJGwpQgxwv0Nkt4CiVCC9TZZlG0PZxUHMX9D6be6iFDGupFol8EQEPGvG7R_E1x3LLCte-51_dDXUoAVif9bsWAiwFXqixBARyKH624BQtZF4wg55piZjOFOJ4JU7qz5CcM-Wxv74bfqjxbmnfsQcHeJZr8A0gtYuOLb8EmuijL63B-FNr_DDRaxjLbg8ZPYTxShi2Ec4KSpib-mglyd5Rf59BkQvH4uV5Rqh1-QC0w1rMbpuMENKAWGnUJqgRM2uRwkrsy43aNw1yW3y_L22EeeVRJBYYHh0aXnqxjiPSAtHIMfvbGaDDc27WKhKYvDIUmMkQB0EA3jrfrt2mw0OGqfaLVKcwDkPho3Tfvm_W5eft11a5ky9j9_w4jtYgQsgFGUo_y439tF7wYgiJFCb602j4Y3A_0fFYMXuEcrHiK8N32z2r3y2n0ci8pbdD_KUOBOhg_-d5_3n7aGAtwsYgTOQc-vnN4WQaUQO31Ayn5NYOvSomcH2M6FtTUziiNkSvSk0-bZvT0qvSwlhh895OWpDTIw8HMlZbYo2p6R2kZtusXTeb03prlPebtKombe9Voj8-jr82srPdo-wo2af3zJMUvfev_LoVP0p2CBJmEEwFaWSHNA5GDiXVZdxsLNs0J0itP9lCBPsT4tBnTfMCORyI1mdluI_79lii9Dx3czcOXCWTtaH_b9QKuxZZs3IyfwEaPHCr"
"pages/common-concepts.adoc","technical","26","url","https://niolesk.top/#https://kroki.io/pikchr/svg/eNqdVNtu2kAUfPdXHFl5SJrg7C4Y4zSNZC6p8tAQpWn6UKrKlzVsZbzIXgd467f00_olPTbYBoLktKwQsHjnzJmdOScJfABiMBFrgVzGmubQK_DkChI3AHOxAv1exq2BDDhEIlXQz1IR8zSFJIt4qoMnpvh4FIAvI5nAciYUh1BEEZAVuTU7tglLEagZUPPdSYLw7AoUXynQ__z6DWMvElNXCRmDkpClHGSM7wTmMuHAIz7nsUoh4AseByKe4t8g1YwnWA438oPpex2inxlSm2gbDmRFbTboDHDDVdibBR6P5BIcCudw2iKGeUHONKe9S-RpxuHFjTKeQigjfDoFFxauUjyJGwpQgxwv0Nkt4CiVCC9TZZlG0PZxUHMX9D6be6iFDGupFol8EQEPGvG7R_E1x3LLCte-51_dDXUoAVif9bsWAiwFXqixBARyKH624BQtZF4wg55piZjOFOJ4JU7qz5CcM-Wxv74bfqjxbmnfsQcHeJZr8A0gtYuOLb8EmuijL63B-FNr_DDRaxjLbg8ZPYTxShi2Ec4KSpib-mglyd5Rf59BkQvH4uV5Rqh1-QC0w1rMbpuMENKAWGnUJqgRM2uRwkrsy43aNw1yW3y_L22EeeVRJBYYHh0aXnqxjiPSAtHIMfvbGaDDc27WKhKYvDIUmMkQB0EA3jrfrt2mw0OGqfaLVKcwDkPho3Tfvm_W5eft11a5ky9j9_w4jtYgQsgFGUo_y439tF7wYgiJFCb602j4Y3A_0fFYMXuEcrHiK8N32z2r3y2n0ci8pbdD_KUOBOhg_-d5_3n7aGAtwsYgTOQc-vnN4WQaUQO31Ayn5NYOvSomcH2M6FtTUziiNkSvSk0-bZvT0qvSwlhh895OWpDTIw8HMlZbYo2p6R2kZtusXTeb03prlPebtKombe9Voj8-jr82srPdo-wo2af3zJMUvfev_LoVP0p2CBJmEEwFaWSHNA5GDiXVZdxsLNs0J0itP9lCBPsT4tBnTfMCORyI1mdluI_79lii9Dx3czcOXCWTtaH_b9QKuxZZs3IyfwEaPHCr"
"pages/common-concepts.adoc","technical","42","image-url","https://kroki.io/pikchr/svg/eNqtVV1v2jAUfc-vuIo6CQpEsSHtQNokSkGbRNVp8NCHvYRggqUQI8cZ6X79ru0ESCr6oQ2EhH19zzm-X76S8AV8j_LUWcWRSIRZF7PZxPd9xxmTEaxEATJcA9kX4C4m31zYMh5vFRAvuL6ScOBrtQVqFxbCL8iQTgYT2PAkOcKBE0opDtD76ozpCCIuo4RZ6EBju5e87_UXV-oMoN8QNskzJXb8D1u74D4t5r3lh-AG_6onaOj5yfbibQD45djwjYln_nR8j_AUt8sYt9Bg_7Y7CU8ZHur5Xl9nxh-BYoUCl7hInaxhxWPzs6SrJGcGHtG9FEKlOTLoQcvvYsLbGoJUEN8Xj1AGzW0tmdzxNFRCtl1EaNyhDklPkH0DSSvIp4d59qb7oOFOwxHYmPL0N8_4ChOyFocU-v4n2Eixs5fAk8WlkyR4cbSStIi2bBcqKVIYy2jLFYtULpl7FrULOkkZOoz9bdDFhiGo1tKXVARPKmECUjfQ0oBXdZyqRHR9lRlGlUUH3QpMPUVa0B9bFK2qKqADBLurfTIfpWHgrsvCgFRI3BcbjZk6zh2P70Rh67Ik-6x7tMZBB7Utg3vQwJoQErZRFeDBZMojXV2ARykrtuXpGg9UG1WN92d0RkChtQxtLMNnx5ljzWm9p7gd8HYV7q2vgWOB1zLjZMvCNU9jIDcB7qstSwGNw3PT0D-zkMtOddP74JoqApw7x7aj72y7-antsGimtDlS3foErQ_XV-epSX-AKUiw3Coa6g27pj6nlP4HJjuqakx7yX5zkWfIZzJn5kmgCfvHKYpcx0H6NjJ9Ce04y-lxljyEaR4myTOsWcbjVM_4BqiNtylcjLDH0Ltfef-QImJZBo-52ufqdVdqXAcN19d9-h4rSzgwKV5Ogw-MZqZBbKtaHILh6PaoTqEFuTeXhhDbjO_2CduxVGFjMcDHWEeTZZ4LZ2DIXzUVxdRYSTcfLVuNYhNsMcqHoiZgFaoIxxT6C1zifMJBxwoW5QqFYJb1mUyxfWbEx8x6bfBxSUDiAylVU_lNpXxgWP8CxFZ7nw=="
"pages/common-concepts.adoc","technical","42","url","https://kroki.io/pikchr/svg/eNqtVV1v2jAUfc-vuIo6CQpEsSHtQNokSkGbRNVp8NCHvYRggqUQI8cZ6X79ru0ESCr6oQ2EhH19zzm-X76S8AV8j_LUWcWRSIRZF7PZxPd9xxmTEaxEATJcA9kX4C4m31zYMh5vFRAvuL6ScOBrtQVqFxbCL8iQTgYT2PAkOcKBE0opDtD76ozpCCIuo4RZ6EBju5e87_UXV-oMoN8QNskzJXb8D1u74D4t5r3lh-AG_6onaOj5yfbibQD45djwjYln_nR8j_AUt8sYt9Bg_7Y7CU8ZHur5Xl9nxh-BYoUCl7hInaxhxWPzs6SrJGcGHtG9FEKlOTLoQcvvYsLbGoJUEN8Xj1AGzW0tmdzxNFRCtl1EaNyhDklPkH0DSSvIp4d59qb7oOFOwxHYmPL0N8_4ChOyFocU-v4n2Eixs5fAk8WlkyR4cbSStIi2bBcqKVIYy2jLFYtULpl7FrULOkkZOoz9bdDFhiGo1tKXVARPKmECUjfQ0oBXdZyqRHR9lRlGlUUH3QpMPUVa0B9bFK2qKqADBLurfTIfpWHgrsvCgFRI3BcbjZk6zh2P70Rh67Ik-6x7tMZBB7Utg3vQwJoQErZRFeDBZMojXV2ARykrtuXpGg9UG1WN92d0RkChtQxtLMNnx5ljzWm9p7gd8HYV7q2vgWOB1zLjZMvCNU9jIDcB7qstSwGNw3PT0D-zkMtOddP74JoqApw7x7aj72y7-antsGimtDlS3foErQ_XV-epSX-AKUiw3Coa6g27pj6nlP4HJjuqakx7yX5zkWfIZzJn5kmgCfvHKYpcx0H6NjJ9Ce04y-lxljyEaR4myTOsWcbjVM_4BqiNtylcjLDH0Ltfef-QImJZBo-52ufqdVdqXAcN19d9-h4rSzgwKV5Ogw-MZqZBbKtaHILh6PaoTqEFuTeXhhDbjO_2CduxVGFjMcDHWEeTZZ4LZ2DIXzUVxdRYSTcfLVuNYhNsMcqHoiZgFaoIxxT6C1zifMJBxwoW5QqFYJb1mUyxfWbEx8x6bfBxSUDiAylVU_lNpXxgWP8CxFZ7nw=="
"pages/common-concepts.adoc","technical","45","url","https://niolesk.top/#https://kroki.io/pikchr/svg/eNqtVV1v2jAUfc-vuIo6CQpEsSHtQNokSkGbRNVp8NCHvYRggqUQI8cZ6X79ru0ESCr6oQ2EhH19zzm-X76S8AV8j_LUWcWRSIRZF7PZxPd9xxmTEaxEATJcA9kX4C4m31zYMh5vFRAvuL6ScOBrtQVqFxbCL8iQTgYT2PAkOcKBE0opDtD76ozpCCIuo4RZ6EBju5e87_UXV-oMoN8QNskzJXb8D1u74D4t5r3lh-AG_6onaOj5yfbibQD45djwjYln_nR8j_AUt8sYt9Bg_7Y7CU8ZHur5Xl9nxh-BYoUCl7hInaxhxWPzs6SrJGcGHtG9FEKlOTLoQcvvYsLbGoJUEN8Xj1AGzW0tmdzxNFRCtl1EaNyhDklPkH0DSSvIp4d59qb7oOFOwxHYmPL0N8_4ChOyFocU-v4n2Eixs5fAk8WlkyR4cbSStIi2bBcqKVIYy2jLFYtULpl7FrULOkkZOoz9bdDFhiGo1tKXVARPKmECUjfQ0oBXdZyqRHR9lRlGlUUH3QpMPUVa0B9bFK2qKqADBLurfTIfpWHgrsvCgFRI3BcbjZk6zh2P70Rh67Ik-6x7tMZBB7Utg3vQwJoQErZRFeDBZMojXV2ARykrtuXpGg9UG1WN92d0RkChtQxtLMNnx5ljzWm9p7gd8HYV7q2vgWOB1zLjZMvCNU9jIDcB7qstSwGNw3PT0D-zkMtOddP74JoqApw7x7aj72y7-antsGimtDlS3foErQ_XV-epSX-AKUiw3Coa6g27pj6nlP4HJjuqakx7yX5zkWfIZzJn5kmgCfvHKYpcx0H6NjJ9Ce04y-lxljyEaR4myTOsWcbjVM_4BqiNtylcjLDH0Ltfef-QImJZBo-52ufqdVdqXAcN19d9-h4rSzgwKV5Ogw-MZqZBbKtaHILh6PaoTqEFuTeXhhDbjO_2CduxVGFjMcDHWEeTZZ4LZ2DIXzUVxdRYSTcfLVuNYhNsMcqHoiZgFaoIxxT6C1zifMJBxwoW5QqFYJb1mUyxfWbEx8x6bfBxSUDiAylVU_lNpXxgWP8CxFZ7nw=="
"pages/common-concepts.adoc","technical","54","image-url","https://kroki.io/plantuml/svg/eNq9Vl1v2jAUfW5-hZU-0D4kTgTTBgpuC120SZ06rUyaNO3BOA6JcGxkOwVp9L_PCWEqBPeDffgpur733HPPta9zqTSWuiyYk-UJBakQeipWjprnfIElLsBPB4AxlslIyITKSZaTOadKgcDYR5jMZ1KUPBkLJiRYZrmmlb323dimzDgZWyy4fmx5cB4lISZBncmOuYt6GseBWRVKHUu-O1FqMgwKwYVaYEITFJHKdXDa6_Z7VzGKLlYFA_dUqlzwoRv6gQsoJyLJ-Wzofp3E3jv3AkWwjkJ2uLDbjd8bOEUyWuCtP9hux-Hoqj9GJhdXw-3udvN69KYXBMjNtF4MIFyUkvmCMOILOYOJShjcoGopuNuCbgqpoQcrxfbRm9TPZV0ul_6yW6cM-_0-_HZ3AycSc5UKWbj7wU25TwjTtpzsa7XAWlPJ_6dYDXSeWHFHX7zx7SfvdvLhiKIbT1l9ThHYWesITpEFMpIlozayxCShK21lTKZkAD5LkeaMfrz-l6xfHnpH9W5oq_lYKSq1rWZNlb3gSo2z82Gn54cda4tThmdWhBRrzI48HeZkeMFbLwifVbqx15MNdao2_e5SBxSl0qBUFOiMgnvMSroXttV0XYsp0uMaYQIPN2LDyjUauuBshxsYgo7tnNZEvYrMYekUZZTYO-fva9bgwtbFaEQ7921M4OYAIYtqL1hrsIEwg18dI251Z9XBa_0KEn--jryhrdAT3_f_4kSDlTxP8GoNBNg8B694bJtRj5wfziXliflf-QV3ibFn"
"pages/common-concepts.adoc","technical","54","url","https://kroki.io/plantuml/svg/eNq9Vl1v2jAUfW5-hZU-0D4kTgTTBgpuC120SZ06rUyaNO3BOA6JcGxkOwVp9L_PCWEqBPeDffgpur733HPPta9zqTSWuiyYk-UJBakQeipWjprnfIElLsBPB4AxlslIyITKSZaTOadKgcDYR5jMZ1KUPBkLJiRYZrmmlb323dimzDgZWyy4fmx5cB4lISZBncmOuYt6GseBWRVKHUu-O1FqMgwKwYVaYEITFJHKdXDa6_Z7VzGKLlYFA_dUqlzwoRv6gQsoJyLJ-Wzofp3E3jv3AkWwjkJ2uLDbjd8bOEUyWuCtP9hux-Hoqj9GJhdXw-3udvN69KYXBMjNtF4MIFyUkvmCMOILOYOJShjcoGopuNuCbgqpoQcrxfbRm9TPZV0ul_6yW6cM-_0-_HZ3AycSc5UKWbj7wU25TwjTtpzsa7XAWlPJ_6dYDXSeWHFHX7zx7SfvdvLhiKIbT1l9ThHYWesITpEFMpIlozayxCShK21lTKZkAD5LkeaMfrz-l6xfHnpH9W5oq_lYKSq1rWZNlb3gSo2z82Gn54cda4tThmdWhBRrzI48HeZkeMFbLwifVbqx15MNdao2_e5SBxSl0qBUFOiMgnvMSroXttV0XYsp0uMaYQIPN2LDyjUauuBshxsYgo7tnNZEvYrMYekUZZTYO-fva9bgwtbFaEQ7921M4OYAIYtqL1hrsIEwg18dI251Z9XBa_0KEn--jryhrdAT3_f_4kSDlTxP8GoNBNg8B694bJtRj5wfziXliflf-QV3ibFn"
"pages/common-concepts.adoc","technical","57","url","https://niolesk.top/#https://kroki.io/plantuml/svg/eNq9Vl1v2jAUfW5-hZU-0D4kTgTTBgpuC120SZ06rUyaNO3BOA6JcGxkOwVp9L_PCWEqBPeDffgpur733HPPta9zqTSWuiyYk-UJBakQeipWjprnfIElLsBPB4AxlslIyITKSZaTOadKgcDYR5jMZ1KUPBkLJiRYZrmmlb323dimzDgZWyy4fmx5cB4lISZBncmOuYt6GseBWRVKHUu-O1FqMgwKwYVaYEITFJHKdXDa6_Z7VzGKLlYFA_dUqlzwoRv6gQsoJyLJ-Wzofp3E3jv3AkWwjkJ2uLDbjd8bOEUyWuCtP9hux-Hoqj9GJhdXw-3udvN69KYXBMjNtF4MIFyUkvmCMOILOYOJShjcoGopuNuCbgqpoQcrxfbRm9TPZV0ul_6yW6cM-_0-_HZ3AycSc5UKWbj7wU25TwjTtpzsa7XAWlPJ_6dYDXSeWHFHX7zx7SfvdvLhiKIbT1l9ThHYWesITpEFMpIlozayxCShK21lTKZkAD5LkeaMfrz-l6xfHnpH9W5oq_lYKSq1rWZNlb3gSo2z82Gn54cda4tThmdWhBRrzI48HeZkeMFbLwifVbqx15MNdao2_e5SBxSl0qBUFOiMgnvMSroXttV0XYsp0uMaYQIPN2LDyjUauuBshxsYgo7tnNZEvYrMYekUZZTYO-fva9bgwtbFaEQ7921M4OYAIYtqL1hrsIEwg18dI251Z9XBa_0KEn--jryhrdAT3_f_4kSDlTxP8GoNBNg8B694bJtRj5wfziXliflf-QV3ibFn"
"pages/common-concepts.adoc","technical","62","url","https://github.com/SCHEMATRON"
"pages/common-concepts.adoc","technical","64","image-url","https://kroki.io/pikchr/svg/eNq1k0Fu2zAQRfc8xUDIIk5tgZTtuDaahWLEaAB3pS66MGDQFi2xpciAZCAve5YcLSfpUFQcpwVSoEA3AsUR__z3h7qwcAM0zaQmpWk1ITlbgBdHD8nXWjrYJHkB98UmgR13-C71Xj2WwiWgvj86T_Ls5fPnn0_wrVjDQSrhwBvwlmt3MLZZ9B_DhuyNMhbokc2z5WSJG9yH7rATyrSQMxjB5Qg3hjSlAzQzPlcvlp-DLjb5m-D1q-AHuKTpdBjUyBrZlNQCDtY0kI9T0fVjKRuGpnSA5yuD5ydXFxZqwUupK8imU9z3tdCAxey8xD7Ss9K7534rMvpvoniOEG4twr1CdIyY2SDEs-6YkYcNIezUUscHISvkD-OBpMtwZ1TZB-UartSbZwy2sgJttLL0NTqZRyeyqj1gaOFtQ1qJtRRDxeTXLCx6OxA8YOxxgF-Ec7wSo2Jfi4Z7a_TIC9tIzb2x6dGpBKJSG4RWLM4mUCDEy5Sz2eRuNkOQ7D-DYH_Xg8w7kPH4RCKd2boTxdb9EEp4XOBV3yKHZ3_SZO_S5BZx4ky7QSWfUGAhmwdjfRLHHPxA-EHjVekuh-3s48RRvj37FXrZaPaNFFrBXqf-89vr1Yz-AvghLqo="
"pages/common-concepts.adoc","technical","64","url","https://kroki.io/pikchr/svg/eNq1k0Fu2zAQRfc8xUDIIk5tgZTtuDaahWLEaAB3pS66MGDQFi2xpciAZCAve5YcLSfpUFQcpwVSoEA3AsUR__z3h7qwcAM0zaQmpWk1ITlbgBdHD8nXWjrYJHkB98UmgR13-C71Xj2WwiWgvj86T_Ls5fPnn0_wrVjDQSrhwBvwlmt3MLZZ9B_DhuyNMhbokc2z5WSJG9yH7rATyrSQMxjB5Qg3hjSlAzQzPlcvlp-DLjb5m-D1q-AHuKTpdBjUyBrZlNQCDtY0kI9T0fVjKRuGpnSA5yuD5ydXFxZqwUupK8imU9z3tdCAxey8xD7Ss9K7534rMvpvoniOEG4twr1CdIyY2SDEs-6YkYcNIezUUscHISvkD-OBpMtwZ1TZB-UartSbZwy2sgJttLL0NTqZRyeyqj1gaOFtQ1qJtRRDxeTXLCx6OxA8YOxxgF-Ec7wSo2Jfi4Z7a_TIC9tIzb2x6dGpBKJSG4RWLM4mUCDEy5Sz2eRuNkOQ7D-DYH_Xg8w7kPH4RCKd2boTxdb9EEp4XOBV3yKHZ3_SZO_S5BZx4ky7QSWfUGAhmwdjfRLHHPxA-EHjVekuh-3s48RRvj37FXrZaPaNFFrBXqf-89vr1Yz-AvghLqo="
"pages/common-concepts.adoc","technical","67","url","https://github.com/SCHEMATRON"
"pages/common-concepts.adoc","technical","74","image-url","https://kroki.io/mermaid/svg/eNqlkk1rwkAQhu_7K4aem0PMzUJpkjVioghaSg-9rNkRQ5cd2az0UPrfGzdrYyUExQSGvLPvMx9ht4q-yp0wFl45g-aJX76h3ok9jqGsTKnwEZTYoBrDQ_P-PDlT0pkMHbRE2blSg8IirHBPxjaEA9IB4H3N4U2oSgpbkT4RPOyQLZnPzp81CshATtWfezJQP9aa7HGk-lCWWNcf2tLFeNk1OBpDpo-eDv0Nkqiq2vZtOLplw9lAk2TVUz6_ayce3TJcMdBrjVpeFJ_fNdqio-VGBcdb-v-OMhZDEDxD4mLqIg8ZD5svWBZOT1yctmcjxkdnZzMvi6WTeZtsrRFjPDrzFl5679wnfTOfzU7Zlln8ApglA0Y="
"pages/common-concepts.adoc","technical","74","url","https://kroki.io/mermaid/svg/eNqlkk1rwkAQhu_7K4aem0PMzUJpkjVioghaSg-9rNkRQ5cd2az0UPrfGzdrYyUExQSGvLPvMx9ht4q-yp0wFl45g-aJX76h3ok9jqGsTKnwEZTYoBrDQ_P-PDlT0pkMHbRE2blSg8IirHBPxjaEA9IB4H3N4U2oSgpbkT4RPOyQLZnPzp81CshATtWfezJQP9aa7HGk-lCWWNcf2tLFeNk1OBpDpo-eDv0Nkqiq2vZtOLplw9lAk2TVUz6_ayce3TJcMdBrjVpeFJ_fNdqio-VGBcdb-v-OMhZDEDxD4mLqIg8ZD5svWBZOT1yctmcjxkdnZzMvi6WTeZtsrRFjPDrzFl5679wnfTOfzU7Zlln8ApglA0Y="
"pages/common-concepts.adoc","technical","77","image-url","https://kroki.io/pikchr/svg/eNrNVF1r2zAUffevuJg-rEstLNnulsAGqTuzjZRBU8Ye9qI4qq3NkYoslvz8Xfkj2FlIA-tgGBvke3Tuufdc6cLAOwgJk8rzMjqDR1kJ8JfpRx9WulpDveFVNfrmutIGVhXPf8JWrm2J26evLwyUQhalBUoiXHlW7Ow5ROGOxfGHtyFwCxn1uDF6C7aUCoL33pzNIJcmd5r8IxSIQxU9EZ2yNE5dCRWuslv34MoekGasL_PbcvGMusIIoU6VeaA3_hd6r_d67xbPdvOGRUkUnZLsZdHLNQC-e1uJMaKcgXNGagjgVXgVkugSM8V9ps_8F_977ftsdTMuDLNOBtmSF23UQWnxuLRuvvlOK_KDG__4UI_1xkR1--5EXfNCBMu8FBtujVaBFWYjFbfakF1d-aeOykhYFpG6Y70XT9rYGXxafoHl1_vFWSSttGuU5s2NwSugnb5HozeOW4HVra9uHh2EjSGuLy1E7SHRcUg8gMRjSNIlivtE3gNKacuinZcrWTTv8Ab6oxWNR8S5xNClB9aTsLNJkkOSBSqppBLd8TV8DTR52nXKKVHbFk-vAvxcIl2hW0Qp-FqqAliS4F9b4lHC0Jt21NoQbazoQzQcxqbh4a4JRANaF-5dnaY3Kb2FvNK1gJXAFq7BOYHy2Sn5zMmfNOUmTb3_l_zfCjYAGw=="
"pages/common-concepts.adoc","technical","77","url","https://kroki.io/pikchr/svg/eNrNVF1r2zAUffevuJg-rEstLNnulsAGqTuzjZRBU8Ye9qI4qq3NkYoslvz8Xfkj2FlIA-tgGBvke3Tuufdc6cLAOwgJk8rzMjqDR1kJ8JfpRx9WulpDveFVNfrmutIGVhXPf8JWrm2J26evLwyUQhalBUoiXHlW7Ow5ROGOxfGHtyFwCxn1uDF6C7aUCoL33pzNIJcmd5r8IxSIQxU9EZ2yNE5dCRWuslv34MoekGasL_PbcvGMusIIoU6VeaA3_hd6r_d67xbPdvOGRUkUnZLsZdHLNQC-e1uJMaKcgXNGagjgVXgVkugSM8V9ps_8F_977ftsdTMuDLNOBtmSF23UQWnxuLRuvvlOK_KDG__4UI_1xkR1--5EXfNCBMu8FBtujVaBFWYjFbfakF1d-aeOykhYFpG6Y70XT9rYGXxafoHl1_vFWSSttGuU5s2NwSugnb5HozeOW4HVra9uHh2EjSGuLy1E7SHRcUg8gMRjSNIlivtE3gNKacuinZcrWTTv8Ab6oxWNR8S5xNClB9aTsLNJkkOSBSqppBLd8TV8DTR52nXKKVHbFk-vAvxcIl2hW0Qp-FqqAliS4F9b4lHC0Jt21NoQbazoQzQcxqbh4a4JRANaF-5dnaY3Kb2FvNK1gJXAFq7BOYHy2Sn5zMmfNOUmTb3_l_zfCjYAGw=="
"pages/common-concepts.adoc","technical","84","url","https://ec.europa.eu/isa2/awards_en"
"pages/common-concepts.adoc","technical","84","url","https://joinup.ec.europa.eu/asset/itb/description"
"pages/common-concepts.adoc","technical","88","url","https://www.itb.ec.europa.eu/espd/upload"
"pages/criteria-catalogue.adoc","technical","19","image-url","https://kroki.io/blockdiag/svg/eNrdVMtu2zAQvOsrFuqlBRi_YiCJg_bgV2HADYI6RQsUgUCRa4kpRQokldgJcu9X9OP6JSXlyolrwAF66KG3FXdmdrQcKZWafeOCZvAQtdtwSTOEtkOWK8GorKuEaY5SWNfKXSFhVvyBSUQ4sW1G2RUqjkaobGSE84VWyZfFOFmwHAvauikzeD0VWWUQjvst8ITBPgOOwHNgwyGQSZ1SCbcC794Ehwt0YEuqoEBnxCoCqB-TO8FdDm-hf3q-PctRZLnzh91efchxSSvpkqVWzop7DJ1-3Ykyo6sS7tHoZFM-RBHTUhuPiV9NTiadaTc-j6J43_DVusQYvtqclkHRsz2Cp3pFoDHVPesQ69Yy9Dm1OXICT-rj4fh4Moyvg3wMR-8gxpUbfBrOJyuHyvoRNiYQs5QNZuOm2hk_8jfkLXARBJVWeN0oBegFLbChjdEyI0rniTsEApKmKIOfTqv18_uPeEfic73Ji6rwI1mjNa3kUsgClZsp7qPgtDnQ2vr8DZncUlnRYOQDulzzl99jYyKs3m9E-Fuo2c_fKEj7UF0azXzIwnhf3iBzc-0-4hINKoYNaqSLQnPh1iNJrRXLYPOZyKJK9--6ac4xE1bu4PfBfnaJxq3fh0C9uO3osYn3JjVOeyhHS5rYQlgYgrA-zqdhL9vI-e-30Io_5a3XIbANf6_jk_V3kSKHA0T-fTjI_xGFQz-L3lm4sMdf013l5w=="
"pages/criteria-catalogue.adoc","technical","19","url","https://kroki.io/blockdiag/svg/eNrdVMtu2zAQvOsrFuqlBRi_YiCJg_bgV2HADYI6RQsUgUCRa4kpRQokldgJcu9X9OP6JSXlyolrwAF66KG3FXdmdrQcKZWafeOCZvAQtdtwSTOEtkOWK8GorKuEaY5SWNfKXSFhVvyBSUQ4sW1G2RUqjkaobGSE84VWyZfFOFmwHAvauikzeD0VWWUQjvst8ITBPgOOwHNgwyGQSZ1SCbcC794Ehwt0YEuqoEBnxCoCqB-TO8FdDm-hf3q-PctRZLnzh91efchxSSvpkqVWzop7DJ1-3Ykyo6sS7tHoZFM-RBHTUhuPiV9NTiadaTc-j6J43_DVusQYvtqclkHRsz2Cp3pFoDHVPesQ69Yy9Dm1OXICT-rj4fh4Moyvg3wMR-8gxpUbfBrOJyuHyvoRNiYQs5QNZuOm2hk_8jfkLXARBJVWeN0oBegFLbChjdEyI0rniTsEApKmKIOfTqv18_uPeEfic73Ji6rwI1mjNa3kUsgClZsp7qPgtDnQ2vr8DZncUlnRYOQDulzzl99jYyKs3m9E-Fuo2c_fKEj7UF0azXzIwnhf3iBzc-0-4hINKoYNaqSLQnPh1iNJrRXLYPOZyKJK9--6ac4xE1bu4PfBfnaJxq3fh0C9uO3osYn3JjVOeyhHS5rYQlgYgrA-zqdhL9vI-e-30Io_5a3XIbANf6_jk_V3kSKHA0T-fTjI_xGFQz-L3lm4sMdf013l5w=="
"pages/criteria-catalogue.adoc","technical","22","url","https://niolesk.top/#https://kroki.io/blockdiag/svg/eNrdVMtu2zAQvOsrFuqlBRi_YiCJg_bgV2HADYI6RQsUgUCRa4kpRQokldgJcu9X9OP6JSXlyolrwAF66KG3FXdmdrQcKZWafeOCZvAQtdtwSTOEtkOWK8GorKuEaY5SWNfKXSFhVvyBSUQ4sW1G2RUqjkaobGSE84VWyZfFOFmwHAvauikzeD0VWWUQjvst8ITBPgOOwHNgwyGQSZ1SCbcC794Ehwt0YEuqoEBnxCoCqB-TO8FdDm-hf3q-PctRZLnzh91efchxSSvpkqVWzop7DJ1-3Ykyo6sS7tHoZFM-RBHTUhuPiV9NTiadaTc-j6J43_DVusQYvtqclkHRsz2Cp3pFoDHVPesQ69Yy9Dm1OXICT-rj4fh4Moyvg3wMR-8gxpUbfBrOJyuHyvoRNiYQs5QNZuOm2hk_8jfkLXARBJVWeN0oBegFLbChjdEyI0rniTsEApKmKIOfTqv18_uPeEfic73Ji6rwI1mjNa3kUsgClZsp7qPgtDnQ2vr8DZncUlnRYOQDulzzl99jYyKs3m9E-Fuo2c_fKEj7UF0azXzIwnhf3iBzc-0-4hINKoYNaqSLQnPh1iNJrRXLYPOZyKJK9--6ac4xE1bu4PfBfnaJxq3fh0C9uO3osYn3JjVOeyhHS5rYQlgYgrA-zqdhL9vI-e-30Io_5a3XIbANf6_jk_V3kSKHA0T-fTjI_xGFQz-L3lm4sMdf013l5w=="
"pages/criteria-catalogue.adoc","technical","32","url","https://docs.oasis-open.org/ubl/os-UBL-2.4/xsdrt/common/UBL-CommonAggregateComponents-2.4.xsd"
"pages/criteria-catalogue.adoc","technical","102","image-url","https://kroki.io/blockdiag/svg/eNrNUstu2zAQvPMrFuylBVRZdlIkddACMeQALnwo4gQoUBgCTW6kbSlSEKnUSZB7v6If1y8pKUO220POvS1nZ18z3GgrvysSJTyx0Qg-ixJh5FFWhqTQfVRIq1CT82nlaw2L-h9OQRFxIynkEktyWniypviyyouVrLAW6bemhNdXVHYtwsm7FAJzekRNIXBhx30Tt1ihB9cIAzX6lrYMoH8WP0j5Cj7A6fnFHquQysoHcDzpQYV3otO-uLPGO3rEmDntM6xsbdfAI7a22IVPjEmrbRs4_NX8bJ5djfkFY_xot5uHBjl8dZVoYqtQZhSqjd0mMGwzPssS5x90zCvhKlQJHNrms_xkPuPr2JfD24_Aceunt7PlfOvRuDDC8QS43MjpIg-TFMU6Yw2uh4KYuyGvcSDm6GRLTdxvgD51LTlFMmJLvEc9JC5bT_JQenu96MPogDBlF5wb3sctroMC1lwq1aJzf22VgBYb1PG2LE1___zF14w9D67tNPE2UBW6ZHAD7oXuEMgFl87jWXtBw9errVEHNSdZAntPJ1nQ7UXBkv9Cnpe-x-R9POL5D_gwGPo="
"pages/criteria-catalogue.adoc","technical","102","url","https://kroki.io/blockdiag/svg/eNrNUstu2zAQvPMrFuylBVRZdlIkddACMeQALnwo4gQoUBgCTW6kbSlSEKnUSZB7v6If1y8pKUO220POvS1nZ18z3GgrvysSJTyx0Qg-ixJh5FFWhqTQfVRIq1CT82nlaw2L-h9OQRFxIynkEktyWniypviyyouVrLAW6bemhNdXVHYtwsm7FAJzekRNIXBhx30Tt1ihB9cIAzX6lrYMoH8WP0j5Cj7A6fnFHquQysoHcDzpQYV3otO-uLPGO3rEmDntM6xsbdfAI7a22IVPjEmrbRs4_NX8bJ5djfkFY_xot5uHBjl8dZVoYqtQZhSqjd0mMGwzPssS5x90zCvhKlQJHNrms_xkPuPr2JfD24_Aceunt7PlfOvRuDDC8QS43MjpIg-TFMU6Yw2uh4KYuyGvcSDm6GRLTdxvgD51LTlFMmJLvEc9JC5bT_JQenu96MPogDBlF5wb3sctroMC1lwq1aJzf22VgBYb1PG2LE1___zF14w9D67tNPE2UBW6ZHAD7oXuEMgFl87jWXtBw9errVEHNSdZAntPJ1nQ7UXBkv9Cnpe-x-R9POL5D_gwGPo="
"pages/criteria-catalogue.adoc","technical","105","url","https://niolesk.top/#https://kroki.io/blockdiag/svg/eNrNUstu2zAQvPMrFuylBVRZdlIkddACMeQALnwo4gQoUBgCTW6kbSlSEKnUSZB7v6If1y8pKUO220POvS1nZ18z3GgrvysSJTyx0Qg-ixJh5FFWhqTQfVRIq1CT82nlaw2L-h9OQRFxIynkEktyWniypviyyouVrLAW6bemhNdXVHYtwsm7FAJzekRNIXBhx30Tt1ihB9cIAzX6lrYMoH8WP0j5Cj7A6fnFHquQysoHcDzpQYV3otO-uLPGO3rEmDntM6xsbdfAI7a22IVPjEmrbRs4_NX8bJ5djfkFY_xot5uHBjl8dZVoYqtQZhSqjd0mMGwzPssS5x90zCvhKlQJHNrms_xkPuPr2JfD24_Aceunt7PlfOvRuDDC8QS43MjpIg-TFMU6Yw2uh4KYuyGvcSDm6GRLTdxvgD51LTlFMmJLvEc9JC5bT_JQenu96MPogDBlF5wb3sctroMC1lwq1aJzf22VgBYb1PG2LE1___zF14w9D67tNPE2UBW6ZHAD7oXuEMgFl87jWXtBw9errVEHNSdZAntPJ1nQ7UXBkv9Cnpe-x-R9POL5D_gwGPo="
"pages/criterion-data-model-json.adoc","technical","12","url","https://github.com/OP-TED/ESPD-EDM/tree/v5.0.0/criterion/espd-edm.json"
"pages/distribution-tooling.adoc","technical","12","url","https://github.com/OP-TED/ESPD-EDM"
"pages/distribution-tooling.adoc","technical","36","url","https://github.com/OP-TED/espd-validation-schematron"
"pages/distribution-tooling.adoc","technical","55","url","https://github.com/OP-TED/ESPD-EDM/tree/v5.0.0/criterion/espd-edm.json`"
"pages/distribution-tooling.adoc","technical","81","url","https://github.com/OP-TED/ESPD-EDM/releases"
"pages/distribution-tooling.adoc","technical","85","url","https://github.com/OP-TED/ESPD-EDM/issues"
"pages/document-model-ubl.adoc","technical","8","url","https://www.oasis-open.org/committees/tc_home.php?wg_abbrev=ubl"
"pages/document-model-ubl.adoc","technical","51","url","http://docs.oasis-open.org/codelist/approved/genericode/oasis-code-list-representation-genericode.html"
"pages/document-model-ubl.adoc","technical","54","url","https://www.schematron.com/"
"pages/document-model-ubl.adoc","technical","57","url","https://docs.oasis-open.org/ubl/UBL-conformance-to-CCTS/v1.0/UBL-conformance-to-CCTS-v1.0.html"
"pages/document-model-ubl.adoc","technical","76","url","https://github.com/OP-TED/ESPD-EDM/tree/v5.0.0/schemas"
"pages/espd-request.adoc","technical","17","url","https://github.com/OP-TED/ESPD-EDM/tree/v5.0.0/schemas/maindoc"
"pages/espd-request.adoc","technical","19","image-url","https://kroki.io/blockdiag/svg/eNrtVttuEzEQfd-vGC0vILm5tJWoWoFUcpEilRJ6gYeqihx7suvitRfbW5JWfecr-Di-BHujTRPa9EaEQOrb7JmZ4_HojGeHUrMvXNAELqN6Hfo0Qag7ZKkSjMrSGhj8WqB1tdRlEnrZbyEDERBb_1hQKUYeckKrwW6ey8o-mOavrdc2amd5Ai-7IikMQrO5DQtZc0lzOZBRoQAlZqicrb0KdR6iA5tTBRk6I8YRQPk5-Ca4S-ENbG7tzLAURZI6DzbXS5DjiBbSDUba04kLDJ7N4IkSo4scLtDowdS8jCKmpTY-JH7RaXS7u6_jnSiK76n6aJJjDGtvIcax2z5-t9cZO1TWB9iYQMyGLICf0ASo166wVmGdzsRFSXUN940eCYk3gM4YWbEYOsel80lP8VCXNrNDj-cDlDOUua6WHI3H4YSLcFGlFZ4-4orzZPs0wwUiApIOUYb-NWq1n99_xI-l7llbYJs6nN0xAEciC8AUudHIvsFzoQt7i0Mz5F57Lc1nhMvKCXWUcX_Smc-l-A6ZNkIl79GlmntBJZN97VbdqelR_piVFL7qAum1SnyJfWrcZBl982n0HaaVHx_2IUcTVH_nGU-8QhCQl094ibx5hsw9vcm30u1pV-rSO49Q-cn0zWoZ4byhVeXZ5VwETirbPj9kH-AIDSqGVcihSBR1nvveBkT_0yNFbnlvyD_zUJAHzDxZNqxkbu7IkoEhdymdLJUo-Xtqi66iaj9Pd7HTXnkcLan2LpxTWSAI6_fx1gPn5cSmNA-LeqjHBKolv7HeILCwxU93ntX8rOZVvp2V8PzvoGfki_prNLzgrn4B_a3fDg=="
"pages/espd-request.adoc","technical","19","url","https://kroki.io/blockdiag/svg/eNrtVttuEzEQfd-vGC0vILm5tJWoWoFUcpEilRJ6gYeqihx7suvitRfbW5JWfecr-Di-BHujTRPa9EaEQOrb7JmZ4_HojGeHUrMvXNAELqN6Hfo0Qag7ZKkSjMrSGhj8WqB1tdRlEnrZbyEDERBb_1hQKUYeckKrwW6ey8o-mOavrdc2amd5Ai-7IikMQrO5DQtZc0lzOZBRoQAlZqicrb0KdR6iA5tTBRk6I8YRQPk5-Ca4S-ENbG7tzLAURZI6DzbXS5DjiBbSDUba04kLDJ7N4IkSo4scLtDowdS8jCKmpTY-JH7RaXS7u6_jnSiK76n6aJJjDGtvIcax2z5-t9cZO1TWB9iYQMyGLICf0ASo166wVmGdzsRFSXUN940eCYk3gM4YWbEYOsel80lP8VCXNrNDj-cDlDOUua6WHI3H4YSLcFGlFZ4-4orzZPs0wwUiApIOUYb-NWq1n99_xI-l7llbYJs6nN0xAEciC8AUudHIvsFzoQt7i0Mz5F57Lc1nhMvKCXWUcX_Smc-l-A6ZNkIl79GlmntBJZN97VbdqelR_piVFL7qAum1SnyJfWrcZBl982n0HaaVHx_2IUcTVH_nGU-8QhCQl094ibx5hsw9vcm30u1pV-rSO49Q-cn0zWoZ4byhVeXZ5VwETirbPj9kH-AIDSqGVcihSBR1nvveBkT_0yNFbnlvyD_zUJAHzDxZNqxkbu7IkoEhdymdLJUo-Xtqi66iaj9Pd7HTXnkcLan2LpxTWSAI6_fx1gPn5cSmNA-LeqjHBKolv7HeILCwxU93ntX8rOZVvp2V8PzvoGfki_prNLzgrn4B_a3fDg=="
"pages/espd-request.adoc","technical","22","url","https://niolesk.top/#https://kroki.io/blockdiag/svg/eNrtVttuEzEQfd-vGC0vILm5tJWoWoFUcpEilRJ6gYeqihx7suvitRfbW5JWfecr-Di-BHujTRPa9EaEQOrb7JmZ4_HojGeHUrMvXNAELqN6Hfo0Qag7ZKkSjMrSGhj8WqB1tdRlEnrZbyEDERBb_1hQKUYeckKrwW6ey8o-mOavrdc2amd5Ai-7IikMQrO5DQtZc0lzOZBRoQAlZqicrb0KdR6iA5tTBRk6I8YRQPk5-Ca4S-ENbG7tzLAURZI6DzbXS5DjiBbSDUba04kLDJ7N4IkSo4scLtDowdS8jCKmpTY-JH7RaXS7u6_jnSiK76n6aJJjDGtvIcax2z5-t9cZO1TWB9iYQMyGLICf0ASo166wVmGdzsRFSXUN940eCYk3gM4YWbEYOsel80lP8VCXNrNDj-cDlDOUua6WHI3H4YSLcFGlFZ4-4orzZPs0wwUiApIOUYb-NWq1n99_xI-l7llbYJs6nN0xAEciC8AUudHIvsFzoQt7i0Mz5F57Lc1nhMvKCXWUcX_Smc-l-A6ZNkIl79GlmntBJZN97VbdqelR_piVFL7qAum1SnyJfWrcZBl982n0HaaVHx_2IUcTVH_nGU-8QhCQl094ibx5hsw9vcm30u1pV-rSO49Q-cn0zWoZ4byhVeXZ5VwETirbPj9kH-AIDSqGVcihSBR1nvveBkT_0yNFbnlvyD_zUJAHzDxZNqxkbu7IkoEhdymdLJUo-Xtqi66iaj9Pd7HTXnkcLan2LpxTWSAI6_fx1gPn5cSmNA-LeqjHBKolv7HeILCwxU93ntX8rOZVvp2V8PzvoGfki_prNLzgrn4B_a3fDg=="
"pages/espd-request.adoc","technical","29","image-url","https://kroki.io/pikchr/svg/eJyNlUFP4zAQhe_5FaOIA5TFxGlS2Ep7SNtdCQmtWBb2gji4iUONUrtrOxT-PePGLaRNgV6a2s_fex5P3AMNPyAisZBBkA3hrlBLGQB-puoZwuN8mg9vR5f_uDZCyYvJHb0PoXqsjfWTV1qVouI_n3le225Ja6gUFoR8EmZjshR2BnIJzML54hkkqBIqZiwxSzBszj1lrBYvF7IQObNK30WEbNvc3nZ4j5W0muX2l6oKrj8Q_EanLuqFMTWfMMvbe-hKT-MP4q84N6Lb5K28HZNXmj8JVZtPRCrnRa35WBXvot4HwWi4yon5MgxbYNqMNN_HkPQONMy4eJjhLGkegnGzIPxTs0qUrt7omi0WlX-85v9rbmyIqqrwyJFHehYlqSOvakOM8x4R7K_JEAqFiUM_I5sZgyGpN4Wc5cPNoQj5cMW0fVnv1S9b-nUcTuAw-uba92h1KKO4hXFFwZLMubT4-Mhze-pqNeEm12Lh9vIpeODB_Rb4hkvsJkw31sLiw6cgSiIPSr4ICk-dYHcHl8pe85JrLnN-2rxd4X7XxLumLdcJQh1yA1qbFszMeLEf993jBi3cX_EgmcWYX8PEpN9g8NQj5kkIajUUJWe9EW13VYxdhWP-V0P3cI7NfBiR1B3ZWXrkyFNPxtsLVyYhmDmrqjUrIknP2b_RnFG0csDR5qfv38bDDculC003oaft0O-WemzbojPwCUZxgemewBv0dAc9baPXQWkTNMN3qhKSQ6nVHCb4Hrq7HffYp2BnXELFSwtWgatzkMV71Gfb6tip-51qSui2uu_UyR51er6lTpw67VTHJNpmp0492KNOttUDVAerCtPWBZRRXPT2t9SliDsUhPTaov6uKNoRJbui46wohLuMWLWr_RCWfsVx8F70ChL1dLg"
"pages/espd-request.adoc","technical","29","url","https://kroki.io/pikchr/svg/eJyNlUFP4zAQhe_5FaOIA5TFxGlS2Ep7SNtdCQmtWBb2gji4iUONUrtrOxT-PePGLaRNgV6a2s_fex5P3AMNPyAisZBBkA3hrlBLGQB-puoZwuN8mg9vR5f_uDZCyYvJHb0PoXqsjfWTV1qVouI_n3le225Ja6gUFoR8EmZjshR2BnIJzML54hkkqBIqZiwxSzBszj1lrBYvF7IQObNK30WEbNvc3nZ4j5W0muX2l6oKrj8Q_EanLuqFMTWfMMvbe-hKT-MP4q84N6Lb5K28HZNXmj8JVZtPRCrnRa35WBXvot4HwWi4yon5MgxbYNqMNN_HkPQONMy4eJjhLGkegnGzIPxTs0qUrt7omi0WlX-85v9rbmyIqqrwyJFHehYlqSOvakOM8x4R7K_JEAqFiUM_I5sZgyGpN4Wc5cPNoQj5cMW0fVnv1S9b-nUcTuAw-uba92h1KKO4hXFFwZLMubT4-Mhze-pqNeEm12Lh9vIpeODB_Rb4hkvsJkw31sLiw6cgSiIPSr4ICk-dYHcHl8pe85JrLnN-2rxd4X7XxLumLdcJQh1yA1qbFszMeLEf993jBi3cX_EgmcWYX8PEpN9g8NQj5kkIajUUJWe9EW13VYxdhWP-V0P3cI7NfBiR1B3ZWXrkyFNPxtsLVyYhmDmrqjUrIknP2b_RnFG0csDR5qfv38bDDculC003oaft0O-WemzbojPwCUZxgemewBv0dAc9baPXQWkTNMN3qhKSQ6nVHCb4Hrq7HffYp2BnXELFSwtWgatzkMV71Gfb6tip-51qSui2uu_UyR51er6lTpw67VTHJNpmp0492KNOttUDVAerCtPWBZRRXPT2t9SliDsUhPTaov6uKNoRJbui46wohLuMWLWr_RCWfsVx8F70ChL1dLg"
"pages/espd-request.adoc","technical","32","url","https://niolesk.top/#https://kroki.io/pikchr/svg/eNqNlUFP4zAQhe_5FVbEAcpi4jQpbKU9pO2uhIRWLAt7QRzcZEKNUrtrOxT-PePGLaRNgV6a2s_fex5P3ANNfpCIxkIGQTYkd4VayoDgZ6qeSXicT_Ph7ejyH2gjlLyY3LH7kFSPtbF-8kqrUlTw8xny2nZLWkOlsETIJ2E2JkthZ0QuCbfkfPFMJFElqbix1CyJ4XPwlLFavFzIQuTcKn0XUbptc3vb4T1W0mqe21-qKkB_IPiNTl3UC2NqmHAL7T10pWfxB_FXnBvRbfJW3o7JKw1PQtXmE5HKoag1jFXxLup9EIyGq5yYL8OwBabNaPN9TJLegSYzEA8znKXNQzBuFoR_al6J0tUbXbPFovKP1_C_BmNDVFWFR4480rMYTR15VRtqnPeIYn9NhqRQmDj0M7KZMRiSeVOS83y4ORQhH664ti_rvfplS78OyAk5jL659j1aHcoobmFcUbAkc5AWHx8ht6euVhMwuRYLt5dPwQMP7rfANyCxmzDdWAuLD5-CGI08KPkiKDx1gt0dXCp7DSVokDmcNm9XuN818a5py3WCUIfcgNamBTczKPbjvnvcoIX7Kx4ktxjza5iY9hsMnnrEPQlBrYZi9Kw3Yu2uirGrcMz_augeDtjMhxFN3ZGdpUeOPPVkvL2cZUjMnFfVmhXRpOfs32jOKFo54Gjz0_dv4-GG5dKFZpvQ03bod0s9tm3RGfgEo7jAbE_gDXq6g5620eugrAma4TtVCQmk1GpOJvgeursd99hnxM5AkgpKS6wirs5BFu9Rn22rY6fud6oZZdvqvlMne9Tp-ZY6ceq0Ux3TaJudOvVgjzrZVg9QHawqzFoXUMZw0dvfUpci7lBQ2muL-ruiaEeU7IqOs6IQ7jLi1a72Q1j6FcfBe9ErDZh0tg=="
"pages/espd-request.adoc","technical","35","url","https://schematron.com/"
"pages/espd-request.adoc","technical","51","url","https://ted.europa.eu/"
"pages/espd-response.adoc","technical","20","url","https://docs.oasis-open.org/ubl/os-UBL-2.4/xsdrt/maindoc"
"pages/espd-response.adoc","technical","22","image-url","https://kroki.io/blockdiag/svg/eNrtVt1O2zAYvW6ewspuNskrLSABQ5sEtJ0qMdZR2CYxVLnO18Tg2JntlBbG_Z5iD7cnmZ22abvSFSGgQyIXkXP82T75_o7bXNLzgJEQXXkrK6hBQkArBmgkGCU8G7UU6EQKDcXIxBzV479sWswheuX4sN46hA4oEBRa1WajYj-_p6BN8SwJ0csaC1MFqLxVLqJPKeGsY5cbJsVOkvDh8HB4FPrarKAmjSAmGIVctglHXQYXrxzJJhikEyJQDEaxnodQ9tm6YIGJ0Fu0vrmdYxGwMDIWLK9mYAAdknLT6khhNLsEN7OezXihkmmCLkHJ1mB45XlUcqmsjf-iulEt1cr-tuf5i8h_E0f9BNCPhX_pzHz0-h3yoWfeHO_uV3sGhLYW2sfIp23qwM-gHFSvjLC9VBsZs8tsrzHcULLDOMwA1R7QdNp0Yi-Z9OsicMSkyg89njQQRhFqapIHoCyOTgLmXCKkgNMHccbksQckhqkjMeKkDdzFpFQs_v75y384EnWtU6gQA7nfHHDEYgcMkCqVwsaCfkxAORe-d5mTkR4umYleQ0GXyVTfMCEpBLZE9mSQL59H2BHN7B4nHF-yMmpSqZgIP4CJZGArI-wfSLO88AxIWUKP7Izl_TQZF4b97QZRpp8lCplNxMHkHJblh2bpctlmcgzC2OEZUPMYsbnx4H1pRj46AmF7mPXcnmLGDqRYWhhnqYzslhaznSBgbpbwivWh82Cu5nmSdVkw-d1koSDG-nuhH4fq2mFKm1xeC_7tGJ7oiCROqu0667agLXsYjdR-rVTC2vS5mw-IjiDAaCzbld3KWnXX8p0S_NNtr1BAY7M2J_TcH4DGavF4fa1Wso-f3RCGz4gMZwKm8CkSg82y11NSd3yD_OKno4b4FnKFUWGOfOCJ_o7v0m7x3O6H79ae8MJuge-heL3CtXc9ulkP6spIW8oBaDy6MaMu4Skgpu1NevPee9A_K3x1q4RRfpHfKE0X86ot5ucKe66w_7rCFkqYTeLrP_ZrZ6I="
"pages/espd-response.adoc","technical","22","url","https://kroki.io/blockdiag/svg/eNrtVt1O2zAYvW6ewspuNskrLSABQ5sEtJ0qMdZR2CYxVLnO18Tg2JntlBbG_Z5iD7cnmZ22abvSFSGgQyIXkXP82T75_o7bXNLzgJEQXXkrK6hBQkArBmgkGCU8G7UU6EQKDcXIxBzV479sWswheuX4sN46hA4oEBRa1WajYj-_p6BN8SwJ0csaC1MFqLxVLqJPKeGsY5cbJsVOkvDh8HB4FPrarKAmjSAmGIVctglHXQYXrxzJJhikEyJQDEaxnodQ9tm6YIGJ0Fu0vrmdYxGwMDIWLK9mYAAdknLT6khhNLsEN7OezXihkmmCLkHJ1mB45XlUcqmsjf-iulEt1cr-tuf5i8h_E0f9BNCPhX_pzHz0-h3yoWfeHO_uV3sGhLYW2sfIp23qwM-gHFSvjLC9VBsZs8tsrzHcULLDOMwA1R7QdNp0Yi-Z9OsicMSkyg89njQQRhFqapIHoCyOTgLmXCKkgNMHccbksQckhqkjMeKkDdzFpFQs_v75y384EnWtU6gQA7nfHHDEYgcMkCqVwsaCfkxAORe-d5mTkR4umYleQ0GXyVTfMCEpBLZE9mSQL59H2BHN7B4nHF-yMmpSqZgIP4CJZGArI-wfSLO88AxIWUKP7Izl_TQZF4b97QZRpp8lCplNxMHkHJblh2bpctlmcgzC2OEZUPMYsbnx4H1pRj46AmF7mPXcnmLGDqRYWhhnqYzslhaznSBgbpbwivWh82Cu5nmSdVkw-d1koSDG-nuhH4fq2mFKm1xeC_7tGJ7oiCROqu0667agLXsYjdR-rVTC2vS5mw-IjiDAaCzbld3KWnXX8p0S_NNtr1BAY7M2J_TcH4DGavF4fa1Wso-f3RCGz4gMZwKm8CkSg82y11NSd3yD_OKno4b4FnKFUWGOfOCJ_o7v0m7x3O6H79ae8MJuge-heL3CtXc9ulkP6spIW8oBaDy6MaMu4Skgpu1NevPee9A_K3x1q4RRfpHfKE0X86ot5ucKe66w_7rCFkqYTeLrP_ZrZ6I="
"pages/espd-response.adoc","technical","25","url","https://niolesk.top/#https://kroki.io/blockdiag/svg/eNrtVt1O2zAYvW6ewspuNskrLSABQ5sEtJ0qMdZR2CYxVLnO18Tg2JntlBbG_Z5iD7cnmZ22abvSFSGgQyIXkXP82T75_o7bXNLzgJEQXXkrK6hBQkArBmgkGCU8G7UU6EQKDcXIxBzV479sWswheuX4sN46hA4oEBRa1WajYj-_p6BN8SwJ0csaC1MFqLxVLqJPKeGsY5cbJsVOkvDh8HB4FPrarKAmjSAmGIVctglHXQYXrxzJJhikEyJQDEaxnodQ9tm6YIGJ0Fu0vrmdYxGwMDIWLK9mYAAdknLT6khhNLsEN7OezXihkmmCLkHJ1mB45XlUcqmsjf-iulEt1cr-tuf5i8h_E0f9BNCPhX_pzHz0-h3yoWfeHO_uV3sGhLYW2sfIp23qwM-gHFSvjLC9VBsZs8tsrzHcULLDOMwA1R7QdNp0Yi-Z9OsicMSkyg89njQQRhFqapIHoCyOTgLmXCKkgNMHccbksQckhqkjMeKkDdzFpFQs_v75y384EnWtU6gQA7nfHHDEYgcMkCqVwsaCfkxAORe-d5mTkR4umYleQ0GXyVTfMCEpBLZE9mSQL59H2BHN7B4nHF-yMmpSqZgIP4CJZGArI-wfSLO88AxIWUKP7Izl_TQZF4b97QZRpp8lCplNxMHkHJblh2bpctlmcgzC2OEZUPMYsbnx4H1pRj46AmF7mPXcnmLGDqRYWhhnqYzslhaznSBgbpbwivWh82Cu5nmSdVkw-d1koSDG-nuhH4fq2mFKm1xeC_7tGJ7oiCROqu0667agLXsYjdR-rVTC2vS5mw-IjiDAaCzbld3KWnXX8p0S_NNtr1BAY7M2J_TcH4DGavF4fa1Wso-f3RCGz4gMZwKm8CkSg82y11NSd3yD_OKno4b4FnKFUWGOfOCJ_o7v0m7x3O6H79ae8MJuge-heL3CtXc9ulkP6spIW8oBaDy6MaMu4Skgpu1NevPee9A_K3x1q4RRfpHfKE0X86ot5ucKe66w_7rCFkqYTeLrP_ZrZ6I="
"pages/espd-response.adoc","technical","34","image-url","https://kroki.io/pikchr/svg/eNqNlU1v4jAQhu_5FRbqoYXWGyeEANIeAnRXlardbrfdS9WDSUxxFewoNqXtr99xMB8JSYELjv34ndczGecsR9-Riz0uHCcaoqdEroSD4DeV76jViafx8HF0-4_liktxM3kizy2Uvi6VtotjGMoF_6S6fv0ulzOeMlhxMW5YvH5n8bJhf2lqxjXi4o2rrcMV13MkVohq1M_ekUByhlKqNFYrpOiCbVzK7ONGJDymWuZ1Th4f684mhc5prH_INGF5nTmllmxCNSt7rHPnf-GukHngC1bn7DqWAhIc_85Ybtz_zOUy-0Xr4V2darPN3rhcqiOQjFmyzNlYJnvHenac0bA4E5wlgoMlcLIIr_87KGif5WjO-MscVrEddOC9Cs2KM15vbf1Z0pTPTBUgfpRlqR3eM5VJoVgLsDSx6iOrbtUILoIUKcXK2BhheGcnQ5RIMN-yK2K9osAvsVFRTOPhtphcvNzRXH9sjm23rew-hq7QuXtpWuKiqOXIK8lUy3GaVs9q-SUtk2vI9IIJDcNXFutvpgQTpuKcZyYxR4QJdq1w94jwrdRHtbpWKyhpPTABLz9kbZxzDYMTTPWtUO-I0K7sXwp621KE5VK88YSJeLs9oWrOkmaVTRH6JZUJpMok6p7NWH66nL9N_aAk95e_CKoh-afK2KzD6-pSqwRCpU4gOGyPSLkdPGgHmLNPa3UrzqDzzl0cXBb9d2GUp1YZrnLY2W0htaBputFycbdtwu_UTCC3iACz60fbeOsYZlqsjGmyNT0tm97bamXLIWoNX4EVY5g0GN5KTw-kp2XpjVGyNhrBZZBywdAslws0gQvEfOjgjD5Bes4EStlMIy2RybMTeQ10WKU9Q_u1NMGkSvuG7jbQQZXuGjpooAdVOjB0r5b2sO9W6J6hwwY6rNKhofu1tI9Jle4betBAB1V6ALRT1JqU7vCIwKbdB7-O8I4S_lGiW0Ng3C5DwSlQ7xByD6DwEOpEScLNZU_T1v7nLerDv2mMS-gKAlfgl8L9U6IP9qH_PtMTjQ=="
"pages/espd-response.adoc","technical","34","url","https://kroki.io/pikchr/svg/eNqNlU1v4jAQhu_5FRbqoYXWGyeEANIeAnRXlardbrfdS9WDSUxxFewoNqXtr99xMB8JSYELjv34ndczGecsR9-Riz0uHCcaoqdEroSD4DeV76jViafx8HF0-4_liktxM3kizy2Uvi6VtotjGMoF_6S6fv0ulzOeMlhxMW5YvH5n8bJhf2lqxjXi4o2rrcMV13MkVohq1M_ekUByhlKqNFYrpOiCbVzK7ONGJDymWuZ1Th4f684mhc5prH_INGF5nTmllmxCNSt7rHPnf-GukHngC1bn7DqWAhIc_85Ybtz_zOUy-0Xr4V2darPN3rhcqiOQjFmyzNlYJnvHenac0bA4E5wlgoMlcLIIr_87KGif5WjO-MscVrEddOC9Cs2KM15vbf1Z0pTPTBUgfpRlqR3eM5VJoVgLsDSx6iOrbtUILoIUKcXK2BhheGcnQ5RIMN-yK2K9osAvsVFRTOPhtphcvNzRXH9sjm23rew-hq7QuXtpWuKiqOXIK8lUy3GaVs9q-SUtk2vI9IIJDcNXFutvpgQTpuKcZyYxR4QJdq1w94jwrdRHtbpWKyhpPTABLz9kbZxzDYMTTPWtUO-I0K7sXwp621KE5VK88YSJeLs9oWrOkmaVTRH6JZUJpMok6p7NWH66nL9N_aAk95e_CKoh-afK2KzD6-pSqwRCpU4gOGyPSLkdPGgHmLNPa3UrzqDzzl0cXBb9d2GUp1YZrnLY2W0htaBputFycbdtwu_UTCC3iACz60fbeOsYZlqsjGmyNT0tm97bamXLIWoNX4EVY5g0GN5KTw-kp2XpjVGyNhrBZZBywdAslws0gQvEfOjgjD5Bes4EStlMIy2RybMTeQ10WKU9Q_u1NMGkSvuG7jbQQZXuGjpooAdVOjB0r5b2sO9W6J6hwwY6rNKhofu1tI9Jle4betBAB1V6ALRT1JqU7vCIwKbdB7-O8I4S_lGiW0Ng3C5DwSlQ7xByD6DwEOpEScLNZU_T1v7nLerDv2mMS-gKAlfgl8L9U6IP9qH_PtMTjQ=="
"pages/espd-response.adoc","technical","37","url","https://niolesk.top/#https://kroki.io/pikchr/svg/eNqNlU1v4jAQhu_5FRbqoYXWGyeEANIeAnRXlardbrfdS9WDSUxxFewoNqXtr99xMB8JSYELjt34ndczGecsR9-Riz0uHCcaoqdEroSD4DeV76jViafx8HF0-4_liktxM3kizy2Uvi6VtotjGMoF_6S6fv0ulzOeMlhxMW5YvH5n8bJhf2lqxjXi4o2rrcMV13MkVohq1M_ekUByhlKqNFYrpOiCbVzK7ONGJDymWuZ1Th4f684mhc5prH_INGF5nTmllmxCNSt7rHPnf-GukHngC1bn7DqWAhIc_85Ybtz_zOUy-0Xr4V2darPN3rhcqiOQjFmyzNlYJnvHenac0bA4E5wlgoMlcLIIr_87KGif5WjO-MscVrEddOC9Cs2KM15vbf1Z0pTPTBUgfpRlqR3eM5VJoVgLsDSx6iOrbtUILoIUKcXK2BhheGcnQ5RIMN-yK2K9osAvsVFRTOPhtphcvNzRXH9sjm23rew-hq7QuXtpWuKiqOXIK8lUy3GaVs9q-SUtk2vI9IIJDcNXFutvpgQTpuKcZyYxR4QJdq1w94jwrdRHtbpWKyhpPTABLz9kbZxzDYMTTPWtUO-I0K7sXwp621KE5VK88YSJeLs9oWrOkmaVTRH6JZUJpMok6p7NWH66nL9N_aAk95e_CKoh-afK2KzD6-pSqwRCpU4gOGyPSLkdPGgHmLNPa3UrzqDzzl0cXBb9d2GUp1YZrnLY2W0htaBputFycbdtwu_UTCC3iACz60fbeOsYZlqsjGmyNT0tm97bamXLIWoNX4EVY5g0GN5KTw-kp2XpjVGyNhrBZZBywdAslws0gQvEfOjgjD5Bes4EStlMIy2RybMTeQ10WKU9Q_u1NMGkSvuG7jbQQZXuGjpooAdVOjB0r5b2sO9W6J6hwwY6rNKhofu1tI9Jle4betBAB1V6ALRT1JqU7vCIwKbdB7-O8I4S_lGiW0Ng3C5DwSlQ7xByD6DwEOpEScLNZU_T1v7nLerDv2mMS-gKAlfgl8L9U6IP9qH_PtMTjQ=="
"pages/espd-response.adoc","technical","98","image-url","https://kroki.io/blockdiag/svg/eNrtVdtu1DAQfV5_xSi8gBR2t6WoN4FEya60UiVWvQkJVZE3niSmjh1sB3Zb9Z2v4OP4Euxks5cCBaqFJ_IQOWdmjmfsM5OJUMkV4zSDG9LrwZhmCD2LSS55QkW9ijWaUkmD3dwWAkbFHZ-Ye8T0TjBFjTLBeHA6juIT_FChsd33ZQaPhzyrNMLW_vMuDAQWKK0BnJaYWGRgFeg2GGyO4AlgTgCpVsUq2iTzxKd7ihZMSSUUaDWfEoD6M_7Emc3hBezsHS6wHHmWWwdubdcgw5RWwsapcrnwa_SWndpCMq2qEq5Rq7hZ3hCSKKG08wkeDXYH_eFWcEhIEMDTlxAkNDl4xRi3XEkqIpVUvr7FcQTwjnEfKpXEEASdoPBE_W736-cvwSX5NUG9yyQ5GEVrZH8S-lqVs5Fk7sas0kHYgOfnjnG-HhlTYUQtrgFnvFgALfvZrMTXiv0Qf3B-b8fU5hs8qmMqs8rpclngsXJqXUv8ArVxPEuXlu_UUluZ2vWh9bSmCE2ieen9N1Wdd7KWJrk31qk75IIK7gJnY9RcsRat71CPqbazFnIN5GT_JnXF89TL4W5ml2TeACnXxi46oBN8l8_8wk1OS98-zlEyZBM1DaHtwO3dfmjsTHg7oyZHFsKylaKj6NngKLg8JJ0OLPGJoMlV0IAWp3YZMBz23RPUbTp_2t0Fl7iGr-3akNWvtpPCf9sY4arOw82KNPy55sK_IxjSuSW3pJ3BzW27MS5dNiZsZyt8pKJC4MbN3D0_LRdScX-cQkm2opN-CIsJvd13iviNsXqv8PZXGXcaxv8Xv4FJce-p1wd9-w0N3LqA"
"pages/espd-response.adoc","technical","98","url","https://kroki.io/blockdiag/svg/eNrtVdtu1DAQfV5_xSi8gBR2t6WoN4FEya60UiVWvQkJVZE3niSmjh1sB3Zb9Z2v4OP4Euxks5cCBaqFJ_IQOWdmjmfsM5OJUMkV4zSDG9LrwZhmCD2LSS55QkW9ijWaUkmD3dwWAkbFHZ-Ye8T0TjBFjTLBeHA6juIT_FChsd33ZQaPhzyrNMLW_vMuDAQWKK0BnJaYWGRgFeg2GGyO4AlgTgCpVsUq2iTzxKd7ihZMSSUUaDWfEoD6M_7Emc3hBezsHS6wHHmWWwdubdcgw5RWwsapcrnwa_SWndpCMq2qEq5Rq7hZ3hCSKKG08wkeDXYH_eFWcEhIEMDTlxAkNDl4xRi3XEkqIpVUvr7FcQTwjnEfKpXEEASdoPBE_W736-cvwSX5NUG9yyQ5GEVrZH8S-lqVs5Fk7sas0kHYgOfnjnG-HhlTYUQtrgFnvFgALfvZrMTXiv0Qf3B-b8fU5hs8qmMqs8rpclngsXJqXUv8ArVxPEuXlu_UUluZ2vWh9bSmCE2ieen9N1Wdd7KWJrk31qk75IIK7gJnY9RcsRat71CPqbazFnIN5GT_JnXF89TL4W5ml2TeACnXxi46oBN8l8_8wk1OS98-zlEyZBM1DaHtwO3dfmjsTHg7oyZHFsKylaKj6NngKLg8JJ0OLPGJoMlV0IAWp3YZMBz23RPUbTp_2t0Fl7iGr-3akNWvtpPCf9sY4arOw82KNPy55sK_IxjSuSW3pJ3BzW27MS5dNiZsZyt8pKJC4MbN3D0_LRdScX-cQkm2opN-CIsJvd13iviNsXqv8PZXGXcaxv8Xv4FJce-p1wd9-w0N3LqA"
"pages/espd-response.adoc","technical","101","url","https://niolesk.top/#https://kroki.io/blockdiag/svg/eNrtVdtu1DAQfV5_xSi8gBR2t6WoN4FEya60UiVWvQkJVZE3niSmjh1sB3Zb9Z2v4OP4Euxks5cCBaqFJ_IQOWdmjmfsM5OJUMkV4zSDG9LrwZhmCD2LSS55QkW9ijWaUkmD3dwWAkbFHZ-Ye8T0TjBFjTLBeHA6juIT_FChsd33ZQaPhzyrNMLW_vMuDAQWKK0BnJaYWGRgFeg2GGyO4AlgTgCpVsUq2iTzxKd7ihZMSSUUaDWfEoD6M_7Emc3hBezsHS6wHHmWWwdubdcgw5RWwsapcrnwa_SWndpCMq2qEq5Rq7hZ3hCSKKG08wkeDXYH_eFWcEhIEMDTlxAkNDl4xRi3XEkqIpVUvr7FcQTwjnEfKpXEEASdoPBE_W736-cvwSX5NUG9yyQ5GEVrZH8S-lqVs5Fk7sas0kHYgOfnjnG-HhlTYUQtrgFnvFgALfvZrMTXiv0Qf3B-b8fU5hs8qmMqs8rpclngsXJqXUv8ArVxPEuXlu_UUluZ2vWh9bSmCE2ieen9N1Wdd7KWJrk31qk75IIK7gJnY9RcsRat71CPqbazFnIN5GT_JnXF89TL4W5ml2TeACnXxi46oBN8l8_8wk1OS98-zlEyZBM1DaHtwO3dfmjsTHg7oyZHFsKylaKj6NngKLg8JJ0OLPGJoMlV0IAWp3YZMBz23RPUbTp_2t0Fl7iGr-3akNWvtpPCf9sY4arOw82KNPy55sK_IxjSuSW3pJ3BzW27MS5dNiZsZyt8pKJC4MbN3D0_LRdScX-cQkm2opN-CIsJvd13iviNsXqv8PZXGXcaxv8Xv4FJce-p1wd9-w0N3LqA"
"pages/exclusion-grounds.adoc","technical","28","image-url","https://kroki.io/pikchr/svg/eNq9lV1v2jAUhu_zKyzEpH00VUgICKRdtIxWSAykBiZujWOKRbAz20D67-ckhHjEpB2TuIgUn5ycj-e1fZocfAfOvUuoFRGKOQyzddf_2uSZ5UByi-tb1nAxGM-D0XTSB0uWgNTZjxOAWMQ4cBIf9pahD1ZEWiGT-Wfn09lna-H0QQSFvMfgG_js3DlfLMg5O1TCcLbNHEEaTDKwcKwt22PAyetaAu--p2qWOJGgcaqrcQyyjCDaACjB6YtlTpLHavI828IBco2pSnigoKUI5MvCyRo-t_qA7WEEGoPp5NdoMFORg4YJQJ7NM_SvgsCcXwjFGoeggZNXG3GytWPI5R04LRHjPNYNKw53obaWWGXhmiGCO_qXA4erFUEbU4ngCM_QSYnvuXX0ul2NenL477J5JtlcTbbZy-hxfmw3xXAmT57P7ZmEcw3CxVtpLzm2JUzypgqDEMi4M07U9UIqrbsa94-k0H-9gppvouYV1ILpYPQwrsHluyZcngHXloisdEz3aicc8n4Ko2CoaozgMjXWsCzKq5DwNIj_nViPewXhrolwuyD8qC6pyTCo25Jt413SNjAWRFJ7CenmeOyyNaGCRXtM0ZtmRByHtgoPqWZkqkr9z4j8tmG4JboPFLbYibhGlLKjCr62Jsvta9ULuULHnklHv9Dx5yhQJ_vHfDCrUdI8FfwLp0U9iNFwh2S5PUMiJOOSMFqjgF5LpXX_7Gh8LIse4Ap2LeNM7WiX89NYjSJ7-mSPJrPhyzCow2i8ojsXKKZjiyA1rugqKjuMOY7PbQJSlPZcWtSj_DgWmGp0dpTjyBb4nVve0FGFZedMjBsUq2e_RknjmO0WSk4e0rlWOzLM11nXIB-FMsouZPXyziQo81a67GqML0XU3eEfcvGg7A=="
"pages/exclusion-grounds.adoc","technical","28","url","https://kroki.io/pikchr/svg/eNq9lV1v2jAUhu_zKyzEpH00VUgICKRdtIxWSAykBiZujWOKRbAz20D67-ckhHjEpB2TuIgUn5ycj-e1fZocfAfOvUuoFRGKOQyzddf_2uSZ5UByi-tb1nAxGM-D0XTSB0uWgNTZjxOAWMQ4cBIf9pahD1ZEWiGT-Wfn09lna-H0QQSFvMfgG_js3DlfLMg5O1TCcLbNHEEaTDKwcKwt22PAyetaAu--p2qWOJGgcaqrcQyyjCDaACjB6YtlTpLHavI828IBco2pSnigoKUI5MvCyRo-t_qA7WEEGoPp5NdoMFORg4YJQJ7NM_SvgsCcXwjFGoeggZNXG3GytWPI5R04LRHjPNYNKw53obaWWGXhmiGCO_qXA4erFUEbU4ngCM_QSYnvuXX0ul2NenL477J5JtlcTbbZy-hxfmw3xXAmT57P7ZmEcw3CxVtpLzm2JUzypgqDEMi4M07U9UIqrbsa94-k0H-9gppvouYV1ILpYPQwrsHluyZcngHXloisdEz3aicc8n4Ko2CoaozgMjXWsCzKq5DwNIj_nViPewXhrolwuyD8qC6pyTCo25Jt413SNjAWRFJ7CenmeOyyNaGCRXtM0ZtmRByHtgoPqWZkqkr9z4j8tmG4JboPFLbYibhGlLKjCr62Jsvta9ULuULHnklHv9Dx5yhQJ_vHfDCrUdI8FfwLp0U9iNFwh2S5PUMiJOOSMFqjgF5LpXX_7Gh8LIse4Ap2LeNM7WiX89NYjSJ7-mSPJrPhyzCow2i8ojsXKKZjiyA1rugqKjuMOY7PbQJSlPZcWtSj_DgWmGp0dpTjyBb4nVve0FGFZedMjBsUq2e_RknjmO0WSk4e0rlWOzLM11nXIB-FMsouZPXyziQo81a67GqML0XU3eEfcvGg7A=="
"pages/exclusion-grounds.adoc","technical","30","url","https://niolesk.top/#https://kroki.io/pikchr/svg/eNq9lV1v2jAUhu_zKyzEpH00VUgICKRdtIxWSAykBiZujWOKRbAz20D67-ckhHjEpB2TuIgUn5ycj-e1fZocfAfOvUuoFRGKOQyzddf_2uSZ5UByi-tb1nAxGM-D0XTSB0uWgNTZjxOAWMQ4cBIf9pahD1ZEWiGT-Wfn09lna-H0QQSFvMfgG_js3DlfLMg5O1TCcLbNHEEaTDKwcKwt22PAyetaAu--p2qWOJGgcaqrcQyyjCDaACjB6YtlTpLHavI828IBco2pSnigoKUI5MvCyRo-t_qA7WEEGoPp5NdoMFORg4YJQJ7NM_SvgsCcXwjFGoeggZNXG3GytWPI5R04LRHjPNYNKw53obaWWGXhmiGCO_qXA4erFUEbU4ngCM_QSYnvuXX0ul2NenL477J5JtlcTbbZy-hxfmw3xXAmT57P7ZmEcw3CxVtpLzm2JUzypgqDEMi4M07U9UIqrbsa94-k0H-9gppvouYV1ILpYPQwrsHluyZcngHXloisdEz3aicc8n4Ko2CoaozgMjXWsCzKq5DwNIj_nViPewXhrolwuyD8qC6pyTCo25Jt413SNjAWRFJ7CenmeOyyNaGCRXtM0ZtmRByHtgoPqWZkqkr9z4j8tmG4JboPFLbYibhGlLKjCr62Jsvta9ULuULHnklHv9Dx5yhQJ_vHfDCrUdI8FfwLp0U9iNFwh2S5PUMiJOOSMFqjgF5LpXX_7Gh8LIse4Ap2LeNM7WiX89NYjSJ7-mSPJrPhyzCow2i8ojsXKKZjiyA1rugqKjuMOY7PbQJSlPZcWtSj_DgWmGp0dpTjyBb4nVve0FGFZedMjBsUq2e_RknjmO0WSk4e0rlWOzLM11nXIB-FMsouZPXyziQo81a67GqML0XU3eEfcvGg7A=="
"pages/exclusion-grounds.adoc","technical","62","url","https://github.com/OP-TED/ESPD-EDM/tree/v5.0.0/xml-examples"
"pages/exclusion-grounds.adoc","technical","148","url","https://github.com/OP-TED/ESPD-EDM/tree/v5.0.0/xml-examples"
"pages/exclusion-grounds.adoc","technical","202","url","https://github.com/OP-TED/ESPD-EDM/tree/v5.0.0/xml-examples"
"pages/exclusion-grounds.adoc","technical","240","url","https://github.com/OP-TED/ESPD-EDM/tree/v5.0.0/xml-examples"
"pages/exclusion-grounds.adoc","technical","276","url","https://github.com/OP-TED/ESPD-EDM/tree/v5.0.0/xml-examples"
"pages/exclusion-grounds.adoc","technical","318","url","https://github.com/OP-TED/ESPD-EDM/tree/v5.0.0/xml-examples"
"pages/exclusion-grounds.adoc","technical","352","url","https://github.com/OP-TED/ESPD-EDM/tree/v5.0.0/xml-examples"
"pages/exclusion-grounds.adoc","technical","393","url","https://github.com/OP-TED/ESPD-EDM/tree/v5.0.0/xml-examples"
"pages/exclusion-grounds.adoc","technical","434","url","https://github.com/OP-TED/ESPD-EDM/tree/v5.0.0/xml-examples"
"pages/getting-started.adoc","technical","12","image-url","https://kroki.io/pikchr/svg/eNq1Vu9vokoU_c5fcdPNJpoVOiCsth9eAgNumnTTvto2m7xsGpRR5wXBN6B2__t3h1GXIqD7K34Qr8O5955z7oXLS7gP5wwuczZdJHwaxsXVSyimC45X-VowY5EvY7hZVs69cBnJLoPxvf_ils6_3G2Y2HC2Nf5dzaEz4nMMgkkMkEehfBT2R7uaew3_uOY1TNJXEGEEzuoVLp4-317AhbxND_zP-gPLVmmSMd27e76AaRqnAsireWVRm8KMxzH-ch35wV-5FgqRbkH_63BS_ae51plpHs9Kg3jhNahkPNnwjE9iBlG6TcAi72Em0iW4ppGB5vZ_a3-CzxctXdq_s8uvmpeKiAmFmS94Alse5QtwjeL7AzEcjC2YrAmD6mIXDWVkypKcCU2TxOyKNk3k57hyzUMvaJ595AbvFjp37vhmDE8JR-dkYQzeOuMJyzK4DZP5Gh3ZxSb_Xocxn6FNc54m7moV7y4f2H9rluXGaxY1tTwgrm9_LPgtVeq8LVQdwhKtP1CikuXMGrWvqAPKYDDFMoMP0LF7pAtNgnl1gnlHgnkHwahUg5pVNYph3hGK_fhhHsI4F-tisJsqt-1Bn7a61wmvJpGD-az2fF-km08maYavjuKX8e0jjHjMOpmUB84Gbxp5ZEzOPKZy6jtROv8J6j6eSPir3A1-nbuT5DmSPGoO61qhacRi_gO282w6CM7j7upEwhbuSlka8S1yzF1BXRtvJeDDvBdDOuMiyyUekqVDh_SIMWyefFo3-fRo8ulh8n05-f4nu230Qa48JGXXxGnli626TDcMLOe9RLfa3PrD8GXkfpuW8IklTPApUB6xAj5rxC8JUMavPmGfcaVHxRZHNW4kh-mKiXDCY55_g0fJlseixiwj27OGVo3MHn7hWieG1QPdNIZOFxpF9utE9o9E9vciv6t7fOjEMNFHWiANEFhH-j-hV5_TaThZx6HgkriGjkaUEIIIVY0ZZSLnJ-6TJZlQDCykM1gJtuHpOkO4qrDs_u5noaoaslEqlj9dWHXVPwZ-E9TQ7lNCCyjDqgWrrvEHNke-pb1OLIrG8gY1A4FSjuVL-JSd0bRh1-C-8SpVq0i3DNIDs9tk06DOpsGRTYPDLlIbtXg44BuMtCmaFFPgUOA45GlhXrkDZVBX0crrWhOEXotxGiJTQ0l63wF8I1EA5tVZVWT7MiynhEJVGSosYewSjNp1ZRiqxladxnp2lWxVJSpokjaEQC0Yvf8GgqoOceMconuI3WDXQFi1EIdOyoQcg_h7Tp0yqYEiFavrS12qAP8D5_Bd0g=="
"pages/getting-started.adoc","technical","12","url","https://kroki.io/pikchr/svg/eNq1Vu9vokoU_c5fcdPNJpoVOiCsth9eAgNumnTTvto2m7xsGpRR5wXBN6B2__t3h1GXIqD7K34Qr8O5955z7oXLS7gP5wwuczZdJHwaxsXVSyimC45X-VowY5EvY7hZVs69cBnJLoPxvf_ils6_3G2Y2HC2Nf5dzaEz4nMMgkkMkEehfBT2R7uaew3_uOY1TNJXEGEEzuoVLp4-317AhbxND_zP-gPLVmmSMd27e76AaRqnAsireWVRm8KMxzH-ch35wV-5FgqRbkH_63BS_ae51plpHs9Kg3jhNahkPNnwjE9iBlG6TcAi72Em0iW4ppGB5vZ_a3-CzxctXdq_s8uvmpeKiAmFmS94Alse5QtwjeL7AzEcjC2YrAmD6mIXDWVkypKcCU2TxOyKNk3k57hyzUMvaJ595AbvFjp37vhmDE8JR-dkYQzeOuMJyzK4DZP5Gh3ZxSb_Xocxn6FNc54m7moV7y4f2H9rluXGaxY1tTwgrm9_LPgtVeq8LVQdwhKtP1CikuXMGrWvqAPKYDDFMoMP0LF7pAtNgnl1gnlHgnkHwahUg5pVNYph3hGK_fhhHsI4F-tisJsqt-1Bn7a61wmvJpGD-az2fF-km08maYavjuKX8e0jjHjMOpmUB84Gbxp5ZEzOPKZy6jtROv8J6j6eSPir3A1-nbuT5DmSPGoO61qhacRi_gO282w6CM7j7upEwhbuSlka8S1yzF1BXRtvJeDDvBdDOuMiyyUekqVDh_SIMWyefFo3-fRo8ulh8n05-f4nu230Qa48JGXXxGnli626TDcMLOe9RLfa3PrD8GXkfpuW8IklTPApUB6xAj5rxC8JUMavPmGfcaVHxRZHNW4kh-mKiXDCY55_g0fJlseixiwj27OGVo3MHn7hWieG1QPdNIZOFxpF9utE9o9E9vciv6t7fOjEMNFHWiANEFhH-j-hV5_TaThZx6HgkriGjkaUEIIIVY0ZZSLnJ-6TJZlQDCykM1gJtuHpOkO4qrDs_u5noaoaslEqlj9dWHXVPwZ-E9TQ7lNCCyjDqgWrrvEHNke-pb1OLIrG8gY1A4FSjuVL-JSd0bRh1-C-8SpVq0i3DNIDs9tk06DOpsGRTYPDLlIbtXg44BuMtCmaFFPgUOA45GlhXrkDZVBX0crrWhOEXotxGiJTQ0l63wF8I1EA5tVZVWT7MiynhEJVGSosYewSjNp1ZRiqxladxnp2lWxVJSpokjaEQC0Yvf8GgqoOceMconuI3WDXQFi1EIdOyoQcg_h7Tp0yqYEiFavrS12qAP8D5_Bd0g=="
"pages/getting-started.adoc","technical","14","url","https://niolesk.top/#https://kroki.io/pikchr/svg/eNq1Vu9vokoU_c5fcdPNJpoVOiCsth9eAgNumnTTvto2m7xsGpRR5wXBN6B2__t3h1GXIqD7K34Qr8O5955z7oXLS7gP5wwuczZdJHwaxsXVSyimC45X-VowY5EvY7hZVs69cBnJLoPxvf_ils6_3G2Y2HC2Nf5dzaEz4nMMgkkMkEehfBT2R7uaew3_uOY1TNJXEGEEzuoVLp4-317AhbxND_zP-gPLVmmSMd27e76AaRqnAsireWVRm8KMxzH-ch35wV-5FgqRbkH_63BS_ae51plpHs9Kg3jhNahkPNnwjE9iBlG6TcAi72Em0iW4ppGB5vZ_a3-CzxctXdq_s8uvmpeKiAmFmS94Alse5QtwjeL7AzEcjC2YrAmD6mIXDWVkypKcCU2TxOyKNk3k57hyzUMvaJ595AbvFjp37vhmDE8JR-dkYQzeOuMJyzK4DZP5Gh3ZxSb_Xocxn6FNc54m7moV7y4f2H9rluXGaxY1tTwgrm9_LPgtVeq8LVQdwhKtP1CikuXMGrWvqAPKYDDFMoMP0LF7pAtNgnl1gnlHgnkHwahUg5pVNYph3hGK_fhhHsI4F-tisJsqt-1Bn7a61wmvJpGD-az2fF-km08maYavjuKX8e0jjHjMOpmUB84Gbxp5ZEzOPKZy6jtROv8J6j6eSPir3A1-nbuT5DmSPGoO61qhacRi_gO282w6CM7j7upEwhbuSlka8S1yzF1BXRtvJeDDvBdDOuMiyyUekqVDh_SIMWyefFo3-fRo8ulh8n05-d4nu230Qa48JGXXxGnli626TDcMLOe9RLfa3PrD8GXkfpuW8IklTPApUB6xAj5rxC8JUMavPmGfcaVHxRZHNW4kh-mKiXDCY55_g0fJlseixiwj27OGVo3MHn7hWieG1QPdNIZOFxpF9utE9o9E9vciv6t7fOjEMNFHWiANEFhH-j-hV5_TaThZx6HgkriGjkaUEIIIVY0ZZSLnJ-6TJZlQDCykM1gJtuHpOkO4qrDs_u5noaoaslEqlj9dWHXVPwZ-E9TQ7lNCCyjDqgWrrvEHNke-pb1OLIrG8gY1A4FSjuVL-JSd0bRh1-C-8SpVq0i3DNIDs9tk06DOpsGRTYPDLlIbtXg44BuMtCmaFFPgUOA45GlhXrkDZVBX0crrWhOEXotxGiJTQ0l63wF8I1EA5tVZVWT7MiynhEJVGSosYewSjNp1ZRiqxladxnp2lWxVJSpokjaEQC0Yvf8GgqoOceMconuI3WDXQFi1EIdOyoQcg_h7Tp0yqYEiFavrS12qAP8D5_Bd0g=="
"pages/getting-started.adoc","technical","33","url","https://docs.oasis-open.org/ubl/UBL-2.4/UBL-2.4.html"
"pages/getting-started.adoc","technical","36","url","https://www.schematron.com/"
"pages/getting-started.adoc","technical","39","url","https://docs.oasis-open.org/codelist/genericode/doc/oasis-code-list-representation-genericode.html"
"pages/getting-started.adoc","technical","42","url","https://www.w3.org/TR/xslt-30/"
"pages/getting-started.adoc","technical","49","url","https://github.com/OP-TED/ESPD-EDM/tree/v5.0.0"
"pages/getting-started.adoc","technical","82","url","https://github.com/OP-TED/ESPD-EDM"
"pages/getting-started.adoc","technical","85","url","https://github.com/OP-TED/espd-docs"
"pages/getting-started.adoc","technical","88","url","https://github.com/OP-TED/espd-validation-schematron"
"pages/getting-started.adoc","technical","98","url","https://www.itb.ec.europa.eu/espd/upload"
"pages/glossary.adoc","technical","11","url","https://docs.oasis-open.org/ubl/os-UBL-2.4/UBL-2.4.html#S-BUSINESS-INFORMATION-ENTITIES"
"pages/glossary.adoc","technical","15","url","https://docs.oasis-open.org/ubl/os-UBL-2.4/UBL-2.4.html#S-BUSINESS-INFORMATION-ENTITIES"
"pages/glossary.adoc","technical","19","url","https://docs.oasis-open.org/ubl/os-UBL-2.4/UBL-2.4.html#S-BUSINESS-INFORMATION-ENTITIES"
"pages/glossary.adoc","technical","27","url","http://docs.oasis-open.org/codelist/approved/genericode/oasis-code-list-representation-genericode.html"
"pages/glossary.adoc","technical","31","url","http://docs.oasis-open.org/codelist/ContextValueAssociation/doc/context-value-association.html"
"pages/glossary.adoc","technical","44","url","https://ec.europa.eu/tools/ecertis/#/about"
"pages/glossary.adoc","technical","52","url","https://single-market-economy.ec.europa.eu/single-market/public-procurement/digital-procurement/eforms_en"
"pages/glossary.adoc","technical","56","url","https://ec.europa.eu/esco/portal"
"pages/glossary.adoc","technical","60","url","https://op.europa.eu/en/web/eu-vocabularies"
"pages/glossary.adoc","technical","64","url","https://github.com/OP-TED/ESPD-EDM"
"pages/glossary.adoc","technical","68","url","https://github.com/OP-TED/ESPD-EDM"
"pages/glossary.adoc","technical","72","url","http://docs.oasis-open.org/codelist/approved/genericode/oasis-code-list-representation-genericode.html"
"pages/glossary.adoc","technical","75","url","https://joinup.ec.europa.eu/collection/ict-standards-procurement"
"pages/glossary.adoc","technical","79","url","https://joinup.ec.europa.eu"
"pages/glossary.adoc","technical","83","url","https://www.w3schools.com/XML/xml_namespaces.asp"
"pages/glossary.adoc","technical","87","url","https://www.oasis-open.org/org/"
"pages/glossary.adoc","technical","94","url","https://op.europa.eu/en/home"
"pages/glossary.adoc","technical","98","url","https://www.schematron.com/"
"pages/glossary.adoc","technical","102","url","https://ted.europa.eu/"
"pages/glossary.adoc","technical","106","url","https://www.itb.ec.europa.eu/espd/upload"
"pages/glossary.adoc","technical","110","url","https://www.oasis-open.org/committees/tc_home.php?wg_abbrev=ubl#overview"
"pages/glossary.adoc","technical","114","url","https://www.ietf.org/rfc/rfc2396.txt"
"pages/glossary.adoc","technical","118","url","https://www.w3.org/XML/"
"pages/glossary.adoc","technical","122","url","https://www.w3.org/TR/xslt-30/"
"pages/glossary.adoc","technical","126","url","https://www.iso.org/standard/61433.html"
"pages/how-criteria-work.adoc","technical","15","image-url","https://kroki.io/pikchr/svg/eJylVk2T2jgQvftXqNgcMkzGZcl2MkPVHmDY3ZoqaiubZHJJcpBtAUoZibXkwOTXb0sWxsY2UFkuyO7u168_5VcF-h0FPuHC86YT9CWTO-Eh-CVyj0a3aZJOnmeLz6xQXIqn-Rf8bYTy76XSTvgIR7nhP6nul78v5JLnDCSB7w8I_9iztBywb71aco24-MFVzXDH9RqJHaIa3W_3SCC5RDlV2lc7pOiGHVjK7cuTyHhKtSz6mDw_98UmhS5oqv-UecaKMwp_g6c-1CelSjanmrVj6GOPyRn6FucT73dyrE1vhtkPLkt1QUmmLCsL9iizBtVvnjebWJ7AbwpkM2A79av_WxSNXxVozfhqDVK_OniPlcHon5LmfGnyDV6n223ujh_YvyVTegRaeeYgZw7SYWE_Nsg2N74yvmc-NOd8gjIJjEdOIiqJApLYOU1pOqlrwsXqPS30S62_cwYM3aHXwRvT9De2GjPStDfJgFRsmNBw_M5SfQbhrUMImwifmIB2Af-PBddwkGIQAfuBQ4iaCHOgYAh8YEtWMJGyEcqoWrNsGCdyOHET5yNfCaohmsv295U9JDOgR4h2nXC7UGQMb9y5wnWwDLrjdeDHJkPxjYFMHCSsEkT8aITUhub5ASjwo7HxewQzXsC2els9un6oXJjXYmfY4pptcsq2NnWwbRe9fO-AiiGMBwjX0EkHOmlDH4jiiugUejTngqFlITdoDn1tFi3EGCK9ZgLlbKmRljbH3pQMKL87USZGOexVxj4-UQ6NcjSgHJ8oR0Y5HlB-OFGOQdmz6cKt6ZxisDnu7D4N0tWABTVuK4VdpdtplnGzUGje1T0LFl3jMW4peb9lhdyZoFHCV4gW5qlUMOE2P8pbNBMFiXYNFb4J_CC-QSt5WGprRjNj9hBUKQRJ0JYcBdgnTQEO4yERIfE1cC0BedekELVt0lzCaoCrOUfBnpAZjuYwawRf3nJmJsJxd0DIuDsi1RZa-KK5Lx5uoP1xNnFZLmiGYrgZq8wSDKkt3M5wk1NuTcyNjqzHpDFh8HUDqHQQVdk9WDGAjXw0J4cxOniNKjT7CCm5cHUsZHOHu-1BTvaoeeGOhmVyiSXpsMQXWF64noDslsFV-Vchy-0VNIFlOMQy_D8VCocqFA7HXrsZip1eF_x1ceP0THVuf41h6-pfsBVXuf1WGlU38sCKgiE57BnrEt90duTHMuna7KpEhvayCztGfY6ouc2sJ2ytuq5wj1VSW5EBqz5f6UWrHl-hZQhx3VmKQ8lQPOMU6v5yap4cshJZn-QapmBUr_lTj96Mr2ZyX9XVNkoAnVJ_gpnmIm8bn8_43jx89RpfJYtjcW07ffVSmcvC7uP7MJr_B419J2s"
"pages/how-criteria-work.adoc","technical","15","url","https://kroki.io/pikchr/svg/eJylVk2T2jgQvftXqNgcMkzGZcl2MkPVHmDY3ZoqaiubZHJJcpBtAUoZibXkwOTXb0sWxsY2UFkuyO7u168_5VcF-h0FPuHC86YT9CWTO-Eh-CVyj0a3aZJOnmeLz6xQXIqn-Rf8bYTy76XSTvgIR7nhP6nul78v5JLnDCSB7w8I_9iztBywb71aco24-MFVzXDH9RqJHaIa3W_3SCC5RDlV2lc7pOiGHVjK7cuTyHhKtSz6mDw_98UmhS5oqv-UecaKMwp_g6c-1CelSjanmrVj6GOPyRn6FucT73dyrE1vhtkPLkt1QUmmLCsL9iizBtVvnjebWJ7AbwpkM2A79av_WxSNXxVozfhqDVK_OniPlcHon5LmfGnyDV6n223ujh_YvyVTegRaeeYgZw7SYWE_Nsg2N74yvmc-NOd8gjIJjEdOIiqJApLYOU1pOqlrwsXqPS30S62_cwYM3aHXwRvT9De2GjPStDfJgFRsmNBw_M5SfQbhrUMImwifmIB2Af-PBddwkGIQAfuBQ4iaCHOgYAh8YEtWMJGyEcqoWrNsGCdyOHET5yNfCaohmsv295U9JDOgR4h2nXC7UGQMb9y5wnWwDLrjdeDHJkPxjYFMHCSsEkT8aITUhub5ASjwo7HxewQzXsC2els9un6oXJjXYmfY4pptcsq2NnWwbRe9fO-AiiGMBwjX0EkHOmlDH4jiiugUejTngqFlITdoDn1tFi3EGCK9ZgLlbKmRljbH3pQMKL87USZGOexVxj4-UQ6NcjSgHJ8oR0Y5HlB-OFGOQdmz6cKt6ZxisDnu7D4N0tWABTVuK4VdpdtplnGzUGje1T0LFl3jMW4peb9lhdyZoFHCV4gW5qlUMOE2P8pbNBMFiXYNFb4J_CC-QSt5WGprRjNj9hBUKQRJ0JYcBdgnTQEO4yERIfE1cC0BedekELVt0lzCaoCrOUfBnpAZjuYwawRf3nJmJsJxd0DIuDsi1RZa-KK5Lx5uoP1xNnFZLmiGYrgZq8wSDKkt3M5wk1NuTcyNjqzHpDFh8HUDqHQQVdk9WDGAjXw0J4cxOniNKjT7CCm5cHUsZHOHu-1BTvaoeeGOhmVyiSXpsMQXWF64noDslsFV-Vchy-0VNIFlOMQy_D8VCocqFA7HXrsZip1eF_x1ceP0THVuf41h6-pfsBVXuf1WGlU38sCKgiE57BnrEt90duTHMuna7KpEhvayCztGfY6ouc2sJ2ytuq5wj1VSW5EBqz5f6UWrHl-hZQhx3VmKQ8lQPOMU6v5yap4cshJZn-QapmBUr_lTj96Mr2ZyX9XVNkoAnVJ_gpnmIm8bn8_43jx89RpfJYtjcW07ffVSmcvC7uP7MJr_B419J2s"
"pages/how-criteria-work.adoc","technical","18","url","https://niolesk.top/#https://kroki.io/pikchr/svg/eJylVk2T2jgQvftXqNgcMkzGZcl2MkPVHmDY3ZoqaiubZHJJcpBtAUoZibXkwOTXb0sWxsY2UFkuyO7u168_5VcF-h0FPuHC86YT9CWTO-Eh-CVyj0a3aZJOnmeLz6xQXIqn-Rf8bYTy76XSTvgIR7nhP6nul78v5JLnDCSB7w8I_9iztBywb71aco24-MFVzXDH9RqJHaIa3W_3SCC5RDlV2lc7pOiGHVjK7cuTyHhKtSz6mDw_98UmhS5oqv-UecaKMwp_g6c-1CelSjanmrVj6GOPyRn6FucT73dyrE1vhtkPLkt1QUmmLCsL9iizBtVvnjebWJ7AbwpkM2A79av_WxSNXxVozfhqDVK_OniPlcHon5LmfGnyDV6n223ujh_YvyVTegRaeeYgZw7SYWE_Nsg2N74yvmc-NOd8gjIJjEdOIiqJApLYOU1pOqlrwsXqPS30S62_cwYM3aHXwRvT9De2GjPStDfJgFRsmNBw_M5SfQbhrUMImwifmIB2Af-PBddwkGIQAfuBQ4iaCHOgYAh8YEtWMJGyEcqoWrNsGCdyOHET5yNfCaohmsv295U9JDOgR4h2nXC7UGQMb9y5wnWwDLrjdeDHJkPxjYFMHCSsEkT8aITUhub5ASjwo7HxewQzXsC2els9un6oXJjXYmfY4pptcsq2NnWwbRe9fO-AiiGMBwjX0EkHOmlDH4jiiugUejTngqFlITdoDn1tFi3EGCK9ZgLlbKmRljbH3pQMKL87USZGOexVxj4-UQ6NcjSgHJ8oR0Y5HlB-OFGOQdmz6cKt6ZxisDnu7D4N0tWABTVuK4VdpdtplnGzUGje1T0LFl3jMW4peb9lhdyZoFHCV4gW5qlUMOE2P8pbNBMFiXYNFb4J_CC-QSt5WGprRjNj9hBUKQRJ0JYcBdgnTQEO4yERIfE1cC0BedekELVt0lzCaoCrOUfBnpAZjuYwawRf3nJmJsJxd0DIuDsi1RZa-KK5Lx5uoP1xNnFZLmiGYrgZq8wSDKkt3M5wk1NuTcyNjqzHpDFh8HUDqHQQVdk9WDGAjXw0J4cxOniNKjT7CCm5cHUsZHOHu-1BTvaoeeGOhmVyiSXpsMQXWF64noDslsFV-Vchy-0VNIFlOMQy_D8VCocqFA7HXrsZip1eF_x1ceP0THVuf41h6-pfsBVXuf1WGlU38sCKgiE57BnrEt90duTHMuna7KpEhvayCztGfY6ouc2sJ2ytuq5wj1VSW5EBqz5f6UWrHl-hZQhx3VmKQ8lQPOMU6v5yap4cshJZn-QapmBUr_lTj96Mr2ZyX9XVNkoAnVJ_gpnmIm8bn8_43jx89RpfJYtjcW07ffVSmcvC7uP7MJr_B419J2s"
"pages/legal-framework.adoc","technical","16","url","https://eur-lex.europa.eu/legal-content/EN/TXT/?uri=celex%3A32014L0024"
"pages/legal-framework.adoc","technical","19","url","https://eur-lex.europa.eu/legal-content/EN/TXT/?uri=celex%3A32014L0025"
"pages/legal-framework.adoc","technical","22","url","https://eur-lex.europa.eu/legal-content/EN/TXT/?uri=CELEX:32016R0007"
"pages/legal-framework.adoc","technical","36","url","https://single-market-economy.ec.europa.eu/single-market/public-procurement/digital-procurement/eforms_en"
"pages/legal-framework.adoc","technical","49","url","https://ec.europa.eu/tools/ecertis/"
"pages/legal-framework.adoc","technical","53","url","https://docs.oasis-open.org/ubl/UBL-2.4/UBL-2.4.html"
"pages/legal-framework.adoc","technical","53","url","https://eur-lex.europa.eu/legal-content/EN/TXT/PDF/?uri=CELEX:32014D0771&from=EN"
"pages/lots-management.adoc","technical","19","image-url","https://kroki.io/pikchr/svg/eNqtVMtu2zAQvOsrFooPsdMopBTGSIBcGqS9pAjQXnwrKImW2TCkS1KxP7-kXpZsWcihJ0Mecmc4uzszDY-AopjLQHDJdjyvv0kQfH1d_cYPoD6oAC4_uOGpYMEKPUCFRAau4PIaRQn5giJM5oFlewshhmtY_XiBn-xvyYwNIVUih0wJpSEVNHsDausKQUC1VrsGQ3tC79OcQK52EvBipmGt1TusENgNk6B5sbEw05WuuNEVPu8zURquJBRalTI3cPnNFaNCgFDW-Ktg6DubhyD-lMYeXgJrbqcUxBGZ1pC0Gn4xwTLrNWSaW6Y5nSSrKlYFnIUVlaMZlD_SU7HdtmwvygIOJ0oL6pj92ba8a9FiSBEvxklIS_LUPAQwUJlDfMxXt_r01Eibyfl3H8saF3XXf_kZJQ00Qn_3v7xZnvEm-ZQ3yai4ZRBc5F6cH9OUF1BLdQMtC_D7aKqt7FvH_NbhyO3cHAoFuJ7SDaO5v3PfDKpD0BA5ALj_N07IOBDH5BOlhkC87NPfDu9kQhlvkNvMztemNQf_6haQriXltgoj993kEToJpCZ1okh2wWO2Sho2kTzozOJ3PmNUxxvy0TbvRdJpDOA2I8OWGLZMw_Nr1Xc_mO73Ruk2E8LvLqi2oNYec3F1SDB_vsuS8cD6B1sEy7c="
"pages/lots-management.adoc","technical","19","url","https://kroki.io/pikchr/svg/eNqtVMtu2zAQvOsrFooPsdMopBTGSIBcGqS9pAjQXnwrKImW2TCkS1KxP7-kXpZsWcihJ0Mecmc4uzszDY-AopjLQHDJdjyvv0kQfH1d_cYPoD6oAC4_uOGpYMEKPUCFRAau4PIaRQn5giJM5oFlewshhmtY_XiBn-xvyYwNIVUih0wJpSEVNHsDausKQUC1VrsGQ3tC79OcQK52EvBipmGt1TusENgNk6B5sbEw05WuuNEVPu8zURquJBRalTI3cPnNFaNCgFDW-Ktg6DubhyD-lMYeXgJrbqcUxBGZ1pC0Gn4xwTLrNWSaW6Y5nSSrKlYFnIUVlaMZlD_SU7HdtmwvygIOJ0oL6pj92ba8a9FiSBEvxklIS_LUPAQwUJlDfMxXt_r01Eibyfl3H8saF3XXf_kZJQ00Qn_3v7xZnvEm-ZQ3yai4ZRBc5F6cH9OUF1BLdQMtC_D7aKqt7FvH_NbhyO3cHAoFuJ7SDaO5v3PfDKpD0BA5ALj_N07IOBDH5BOlhkC87NPfDu9kQhlvkNvMztemNQf_6haQriXltgoj993kEToJpCZ1okh2wWO2Sho2kTzozOJ3PmNUxxvy0TbvRdJpDOA2I8OWGLZMw_Nr1Xc_mO73Ruk2E8LvLqi2oNYec3F1SDB_vsuS8cD6B1sEy7c="
"pages/lots-management.adoc","technical","22","url","https://niolesk.top/#https://kroki.io/pikchr/svg/eNqtVMtu2zAQvOsrFooPsdMopBTGSIBcGqS9pAjQXnwrKImW2TCkS1KxP7-kXpZsWcihJ0Mecmc4uzszDY-AopjLQHDJdjyvv0kQfH1d_cYPoD6oAC4_uOGpYMEKPUCFRAau4PIaRQn5giJM5oFlewshhmtY_XiBn-xvyYwNIVUih0wJpSEVNHsDausKQUC1VrsGQ3tC79OcQK52EvBipmGt1TusENgNk6B5sbEw05WuuNEVPu8zURquJBRalTI3cPnNFaNCgFDW-Ktg6DubhyD-lMYeXgJrbqcUxBGZ1pC0Gn4xwTLrNWSaW6Y5nSSrKlYFnIUVlaMZlD_SU7HdtmwvygIOJ0oL6pj92ba8a9FiSBEvxklIS_LUPAQwUJlDfMxXt_r01Eibyfl3H8saF3XXf_kZJQ00Qn_3v7xZnvEm-ZQ3yai4ZRBc5F6cH9OUF1BLdQMtC_D7aKqt7FvH_NbhyO3cHAoFuJ7SDaO5v3PfDKpD0BA5ALj_N07IOBDH5BOlhkC87NPfDu9kQhlvkNvMztemNQf_6haQriXltgoj993kEToJpCZ1okh2wWO2Sho2kTzozOJ3PmNUxxvy0TbvRdJpDOA2I8OWGLZMw_Nr1Xc_mO73Ruk2E8LvLqi2oNYec3F1SDB_vsuS8cD6B1sEy7c="
"pages/lots-management.adoc","technical","54","image-url","https://kroki.io/pikchr/svg/eNqNkMFOwzAQRO_5ilFOcHESSITokbQgLigSH2BtjessdezKdSH8PU5KpSonbrO7M29XWxToyGgUUavesSI7K0lB9ZxUPAUt-jhYvA4Ln-Spcyw2791aPp1-dJCdJSc-DwY3z2xSElUpSWAeYho6duY2y6IeI_K5vcqhvPUBW0tqnw3-SyOw6SNK0bDLNi_VCls_ItAHmsOI_MK5BMuxerxr6xY7tjZVdf1w3zapite0SpRnGi1wbz6y0sd_0M5XL9d_T38CRST2n2WBvHbQLwuieKs="
"pages/lots-management.adoc","technical","54","url","https://kroki.io/pikchr/svg/eNqNkMFOwzAQRO_5ilFOcHESSITokbQgLigSH2BtjessdezKdSH8PU5KpSonbrO7M29XWxToyGgUUavesSI7K0lB9ZxUPAUt-jhYvA4Ln-Spcyw2791aPp1-dJCdJSc-DwY3z2xSElUpSWAeYho6duY2y6IeI_K5vcqhvPUBW0tqnw3-SyOw6SNK0bDLNi_VCls_ItAHmsOI_MK5BMuxerxr6xY7tjZVdf1w3zapite0SpRnGi1wbz6y0sd_0M5XL9d_T38CRST2n2WBvHbQLwuieKs="
"pages/procurement-process.adoc","technical","23","image-url","https://kroki.io/pikchr/svg/eNqNkMFOwzAQRO_5ilFOcHESSITokbQgLigSH2BtjessdezKdSH8PU5KpSonbrO7M29XWxToyGgUUavesSI7K0lB9ZxUPAUt-jhYvA4Ln-Spcyw2791aPp1-dJCdJSc-DwY3z2xSElUpSWAeYho6duY2y6IeI_K5vcqhvPUBW0tqnw3-SyOw6SNK0bDLNi_VCls_ItAHmsOI_MK5BMuxerxr6xY7tjZVdf1w3zapite0SpRnGi1wbz6y0sd_0M5XL9d_T38CRST2n2WBvHbQLwuieKs="
"pages/procurement-process.adoc","technical","23","url","https://kroki.io/pikchr/svg/eNqNkMFOwzAQRO_5ilFOcHESSITokbQgLigSH2BtjessdezKdSH8PU5KpSonbrO7M29XWxToyGgUUavesSI7K0lB9ZxUPAUt-jhYvA4Ln-Spcyw2791aPp1-dJCdJSc-DwY3z2xSElUpSWAeYho6duY2y6IeI_K5vcqhvPUBW0tqnw3-SyOw6SNK0bDLNi_VCls_ItAHmsOI_MK5BMuxerxr6xY7tjZVdf1w3zapite0SpRnGi1wbz6y0sd_0M5XL9d_T38CRST2n2WBvHbQLwuieKs="
"pages/procurement-process.adoc","technical","26","url","https://niolesk.top/#https://kroki.io/pikchr/svg/eNqNkMFOwzAQRO_5ilFOcHESSITokbQgLigSH2BtjessdezKdSH8PU5KpSonbrO7M29XWxToyGgUUavesSI7K0lB9ZxUPAUt-jhYvA4Ln-Spcyw2791aPp1-dJCdJSc-DwY3z2xSElUpSWAeYho6duY2y6IeI_K5vcqhvPUBW0tqnw3-SyOw6SNK0bDLNi_VCls_ItAHmsOI_MK5BMuxerxr6xY7tjZVdf1w3zapite0SpRnGi1wbz6y0sd_0M5XL9d_T38CRST2n2WBvHbQLwuieKs="
"pages/procurement-process.adoc","technical","29","image-url","https://kroki.io/pikchr/svg/eNqtksFOwzAMhu99CqsSElzaDlqh7Ug7ELeKPUDltG4bSJeROqzw9KSFoWmapk3iZsf2__1xEoaQY0MQMpXtWpaopqhAU7bSRWwNBS13Cp67g75Cjid9uFzlWfFgP8kUL_RuqefgddPA9aNs3DDMokIEMNXht37jeUwDgz-dLnwotdIGhMLyzev0B4GRTcsQBYlce8un2QKEHsBgBclmAH8k7rQgoxqtYh_8DBlhxcZOrneq0TCb36ZxCrVUymVxfH-XJi5jD43RW2cwuvrrTXAuqmRk4iloanvWnfyi6t-54hQ3t0LJvqUKajeGDp4bXTpqR2tXdTFV53n4eYCLNrkdfwQgg3N5bP6MpexL4DGNCy-4rye-AS-A678="
"pages/procurement-process.adoc","technical","29","url","https://kroki.io/pikchr/svg/eNqtksFOwzAMhu99CqsSElzaDlqh7Ug7ELeKPUDltG4bSJeROqzw9KSFoWmapk3iZsf2__1xEoaQY0MQMpXtWpaopqhAU7bSRWwNBS13Cp67g75Cjid9uFzlWfFgP8kUL_RuqefgddPA9aNs3DDMokIEMNXht37jeUwDgz-dLnwotdIGhMLyzev0B4GRTcsQBYlce8un2QKEHsBgBclmAH8k7rQgoxqtYh_8DBlhxcZOrneq0TCb36ZxCrVUymVxfH-XJi5jD43RW2cwuvrrTXAuqmRk4iloanvWnfyi6t-54hQ3t0LJvqUKajeGDp4bXTpqR2tXdTFV53n4eYCLNrkdfwQgg3N5bP6MpexL4DGNCy-4rye-AS-A678="
"pages/procurement-process.adoc","technical","32","url","https://niolesk.top/#https://kroki.io/pikchr/svg/eNqtksFOwzAMhu99CqsSElzaDlqh7Ug7ELeKPUDltG4bSJeROqzw9KSFoWmapk3iZsf2__1xEoaQY0MQMpXtWpaopqhAU7bSRWwNBS13Cp67g75Cjid9uFzlWfFgP8kUL_RuqefgddPA9aNs3DDMokIEMNXht37jeUwDgz-dLnwotdIGhMLyzev0B4GRTcsQBYlce8un2QKEHsBgBclmAH8k7rQgoxqtYh_8DBlhxcZOrneq0TCb36ZxCrVUymVxfH-XJi5jD43RW2cwuvrrTXAuqmRk4iloanvWnfyi6t-54hQ3t0LJvqUKajeGDp4bXTpqR2tXdTFV53n4eYCLNrkdfwQgg3N5bP6MpexL4DGNCy-4rye-AS-A678="
"pages/procurement-process.adoc","technical","35","image-url","https://kroki.io/pikchr/svg/eNqtklFrg0AMx9_9FEEYtC9qt8poX60be2pZP4DEM9XbTk_OuMo-_WJZSxmltLC35Eh-__yTC0PYYEkQMqmq0QrNIcrQqUpLxL2joOLawFv9py7T40sXptvNKkvX2Tt1rW06Cj7aEiYvupRWmEWZCiBVtrG1VrBuySFbB5N0PYVjx9TzmAYG_3Ld0gdljSS5QfXp1faLwOmyYoiCWDde-jpbQm4HcFhA3A7CkZFOdFjRDnvDPvgrZIQtu_7g64iNhtniMZknsNPGSDafPz8lsWTsoXN2Lyaih1NtjIu8iEdRvKqa9B2Ll28q_l04vyq87fNaM1MBO-lDUd84q0S2poZhjKm4bYjfo9y1zP34bQAZZM6LgBv2cs7Ai5A7PZ4D8x8f5PjN"
"pages/procurement-process.adoc","technical","35","url","https://kroki.io/pikchr/svg/eNqtklFrg0AMx9_9FEEYtC9qt8poX60be2pZP4DEM9XbTk_OuMo-_WJZSxmltLC35Eh-__yTC0PYYEkQMqmq0QrNIcrQqUpLxL2joOLawFv9py7T40sXptvNKkvX2Tt1rW06Cj7aEiYvupRWmEWZCiBVtrG1VrBuySFbB5N0PYVjx9TzmAYG_3Ld0gdljSS5QfXp1faLwOmyYoiCWDde-jpbQm4HcFhA3A7CkZFOdFjRDnvDPvgrZIQtu_7g64iNhtniMZknsNPGSDafPz8lsWTsoXN2Lyaih1NtjIu8iEdRvKqa9B2Ll28q_l04vyq87fNaM1MBO-lDUd84q0S2poZhjKm4bYjfo9y1zP34bQAZZM6LgBv2cs7Ai5A7PZ4D8x8f5PjN"
"pages/procurement-process.adoc","technical","38","url","https://niolesk.top/#https://kroki.io/pikchr/svg/eNqtklFrg0AMx9_9FEEYtC9qt8poX60be2pZP4DEM9XbTk_OuMo-_WJZSxmltLC35Eh-__yTC0PYYEkQMqmq0QrNIcrQqUpLxL2joOLawFv9py7T40sXptvNKkvX2Tt1rW06Cj7aEiYvupRWmEWZCiBVtrG1VrBuySFbB5N0PYVjx9TzmAYG_3Ld0gdljSS5QfXp1faLwOmyYoiCWDde-jpbQm4HcFhA3A7CkZFOdFjRDnvDPvgrZIQtu_7g64iNhtniMZknsNPGSDafPz8lsWTsoXN2Lyaih1NtjIu8iEdRvKqa9B2Ll28q_l04vyq87fNaM1MBO-lDUd84q0S2poZhjKm4bYjfo9y1zP34bQAZZM6LgBv2cs7Ai5A7PZ4D8x8f5PjN"
"pages/procurement-process.adoc","technical","41","image-url","https://kroki.io/pikchr/svg/eNqlkE0OgjAQRvecYtJEl6YojQFX2hCXLjzBFKo2FkrqKPX2oiEGcWPicjLve_NDOhCwzfWuPUyxalaQ7zIGlwqthcJZ50FZLM5R5W4avDmeCPhMmDrKt3EGygXwWIJoArC9trog42rWJ3mI07lMJBxMZ-MhSZYLKbqKIvTetRBzPnmzAlNViqcXR-J1i778V6pGUulq8ljQD156PenrvPZkSAMSdPae-dh02MceGE8dMuoB4mB8YA=="
"pages/procurement-process.adoc","technical","41","url","https://kroki.io/pikchr/svg/eNqlkE0OgjAQRvecYtJEl6YojQFX2hCXLjzBFKo2FkrqKPX2oiEGcWPicjLve_NDOhCwzfWuPUyxalaQ7zIGlwqthcJZ50FZLM5R5W4avDmeCPhMmDrKt3EGygXwWIJoArC9trog42rWJ3mI07lMJBxMZ-MhSZYLKbqKIvTetRBzPnmzAlNViqcXR-J1i778V6pGUulq8ljQD156PenrvPZkSAMSdPae-dh02MceGE8dMuoB4mB8YA=="
"pages/procurement-process.adoc","technical","44","url","https://niolesk.top/#https://kroki.io/pikchr/svg/eNqlkE0OgjAQRvecYtJEl6YojQFX2hCXLjzBFKo2FkrqKPX2oiEGcWPicjLve_NDOhCwzfWuPUyxalaQ7zIGlwqthcJZ50FZLM5R5W4avDmeCPhMmDrKt3EGygXwWIJoArC9trog42rWJ3mI07lMJBxMZ-MhSZYLKbqKIvTetRBzPnmzAlNViqcXR-J1i778V6pGUulq8ljQD156PenrvPZkSAMSdPae-dh02MceGE8dMuoB4mB8YA=="
"pages/related-systems.adoc","technical","16","url","https://ted.europa.eu/"
"pages/related-systems.adoc","technical","30","url","https://docs.ted.europa.eu/eforms/latest/schema/introduction.html"
"pages/related-systems.adoc","technical","31","url","https://github.com/OP-TED/eForms-SDK"
"pages/related-systems.adoc","technical","32","url","https://single-market-economy.ec.europa.eu/single-market/public-procurement/digital-procurement/eforms_en"
"pages/related-systems.adoc","technical","45","url","https://ec.europa.eu/tools/ecertis/"
"pages/related-systems.adoc","technical","62","url","https://op.europa.eu/en/web/eu-vocabularies"
"pages/related-systems.adoc","technical","72","url","https://www.itb.ec.europa.eu/espd/upload"
"pages/related-systems.adoc","technical","73","url","https://joinup.ec.europa.eu/asset/itb/description"
"pages/related-systems.adoc","technical","82","url","https://ec.europa.eu/esco/portal"
"pages/related-systems.adoc","technical","92","url","https://joinup.ec.europa.eu"
"pages/related-systems.adoc","technical","93","url","https://joinup.ec.europa.eu/collection/ict-standards-procurement"
"pages/repositories-downloads.adoc","technical","16","url","https://github.com/OP-TED/ESPD-EDM"
"pages/repositories-downloads.adoc","technical","19","url","https://github.com/OP-TED/espd-docs"
"pages/repositories-downloads.adoc","technical","22","url","https://github.com/OP-TED/espd-validation-schematron"
"pages/repositories-downloads.adoc","technical","31","url","https://github.com/OP-TED/ESPD-EDM/tree/v5.0.0"
"pages/repositories-downloads.adoc","technical","32","url","https://github.com/OP-TED/ESPD-EDM/releases"
"pages/repositories-downloads.adoc","technical","64","url","https://www.itb.ec.europa.eu/espd/upload"
"pages/repositories-downloads.adoc","technical","67","url","https://ec.europa.eu/tools/ecertis/"
"pages/repositories-downloads.adoc","technical","70","url","https://ec.europa.eu/taxation_customs/vies/"
"pages/repositories-downloads.adoc","technical","81","url","https://docs.ted.europa.eu/"
"pages/repositories-downloads.adoc","technical","84","url","https://docs.ted.europa.eu/eforms/latest/schema/introduction.html"
"pages/repositories-downloads.adoc","technical","87","url","https://docs.ted.europa.eu/epo-home/index.html"
"pages/repositories-downloads.adoc","technical","95","url","https://single-market-economy.ec.europa.eu/single-market/public-procurement/digital-procurement/european-single-procurement-document-and-ecertis_en"
"pages/repositories-downloads.adoc","technical","99","url","https://github.com/OP-TED/ESPD-EDM/issues"
"pages/request-model-reference.adoc","technical","26","url","https://docs.oasis-open.org/ubl/os-UBL-2.4/xsdrt/maindoc/"
"pages/request-model-reference.adoc","technical","138","image-url","https://kroki.io/pikchr/svg/eNqtVMtu2zAQvOsrFooPsdMopBTGSIBcGqS9pAjQXnwrKImW2TCkS1KxP7-kXpZsWcihJ0Mecmc4uzszDY-AopjLQHDJdjyvv0kQfH1d_cYPoD6oAC4_uOGpYMEKPUCFRAau4PIaRQn5giJM5oFlewshhmtY_XiBn-xvyYwNIVUih0wJpSEVNHsDausKQUC1VrsGQ3tC79OcQK52EvBipmGt1TusENgNk6B5sbEw05WuuNEVPu8zURquJBRalTI3cPnNFaNCgFDW-Ktg6DubhyD-lMYeXgJrbqcUxBGZ1pC0Gn4xwTLrNWSaW6Y5nSSrKlYFnIUVlaMZlD_SU7HdtmwvygIOJ0oL6pj92ba8a9FiSBEvxklIS_LUPAQwUJlDfMxXt_r01Eibyfl3H8saF3XXf_kZJQ00Qn_3v7xZnvEm-ZQ3yai4ZRBc5F6cH9OUF1BLdQMtC_D7aKqt7FvH_NbhyO3cHAoFuJ7SDaO5v3PfDKpD0BA5ALj_N07IOBDH5BOlhkC87NPfDu9kQhlvkNvMztemNQf_6haQriXltgoj993kEToJpCZ1okh2wWO2Sho2kTzozOJ3PmNUxxvy0TbvRdJpDOA2I8OWGLZMw_Nr1Xc_mO73Ruk2E8LvLqi2oNYec3F1SDB_vsuS8cD6B1sEy7c="
"pages/request-model-reference.adoc","technical","138","url","https://kroki.io/pikchr/svg/eNqtVMtu2zAQvOsrFooPsdMopBTGSIBcGqS9pAjQXnwrKImW2TCkS1KxP7-kXpZsWcihJ0Mecmc4uzszDY-AopjLQHDJdjyvv0kQfH1d_cYPoD6oAC4_uOGpYMEKPUCFRAau4PIaRQn5giJM5oFlewshhmtY_XiBn-xvyYwNIVUih0wJpSEVNHsDausKQUC1VrsGQ3tC79OcQK52EvBipmGt1TusENgNk6B5sbEw05WuuNEVPu8zURquJBRalTI3cPnNFaNCgFDW-Ktg6DubhyD-lMYeXgJrbqcUxBGZ1pC0Gn4xwTLrNWSaW6Y5nSSrKlYFnIUVlaMZlD_SU7HdtmwvygIOJ0oL6pj92ba8a9FiSBEvxklIS_LUPAQwUJlDfMxXt_r01Eibyfl3H8saF3XXf_kZJQ00Qn_3v7xZnvEm-ZQ3yai4ZRBc5F6cH9OUF1BLdQMtC_D7aKqt7FvH_NbhyO3cHAoFuJ7SDaO5v3PfDKpD0BA5ALj_N07IOBDH5BOlhkC87NPfDu9kQhlvkNvMztemNQf_6haQriXltgoj993kEToJpCZ1okh2wWO2Sho2kTzozOJ3PmNUxxvy0TbvRdJpDOA2I8OWGLZMw_Nr1Xc_mO73Ruk2E8LvLqi2oNYec3F1SDB_vsuS8cD6B1sEy7c="
"pages/request-model-reference.adoc","technical","140","url","https://niolesk.top/#https://kroki.io/pikchr/svg/eNqtVMtu2zAQvOsrFooPsdMopBTGSIBcGqS9pAjQXnwrKImW2TCkS1KxP7-kXpZsWcihJ0Mecmc4uzszDY-AopjLQHDJdjyvv0kQfH1d_cYPoD6oAC4_uOGpYMEKPUCFRAau4PIaRQn5giJM5oFlewshhmtY_XiBn-xvyYwNIVUih0wJpSEVNHsDausKQUC1VrsGQ3tC79OcQK52EvBipmGt1TusENgNk6B5sbEw05WuuNEVPu8zURquJBRalTI3cPnNFaNCgFDW-Ktg6DubhyD-lMYeXgJrbqcUxBGZ1pC0Gn4xwTLrNWSaW6Y5nSSrKlYFnIUVlaMZlD_SU7HdtmwvygIOJ0oL6pj92ba8a9FiSBEvxklIS_LUPAQwUJlDfMxXt_r01Eibyfl3H8saF3XXf_kZJQ00Qn_3v7xZnvEm-ZQ3yai4ZRBc5F6cH9OUF1BLdQMtC_D7aKqt7FvH_NbhyO3cHAoFuJ7SDaO5v3PfDKpD0BA5ALj_N07IOBDH5BOlhkC87NPfDu9kQhlvkNvMztemNQf_6haQriXltgoj993kEToJpCZ1okh2wWO2Sho2kTzozOJ3PmNUxxvy0TbvRdJpDOA2I8OWGLZMw_Nr1Xc_mO73Ruk2E8LvLqi2oNYec3F1SDB_vsuS8cD6B1sEy7c="
"pages/request-model-reference.adoc","technical","145","url","https://github.com/OP-TED/ESPD-EDM/tree/v5.0.0/xml-examples"
"pages/request-model-reference.adoc","technical","193","url","https://ted.europa.eu/TED/"
"pages/request-model-reference.adoc","technical","212","image-url","https://kroki.io/blockdiag/svg/eNrtVdtqGzEQffZ-xaBSaGFjr51AUocWkrgLhkDd3AiEYOTVeFeNVtpK2tZOyHu_oh_XL6m09q5zoUkoKXmpH4x8NHPmojPjiVDJBeM0haug04ERTRE6FpNM8oSK6jTW-LVEY9uZzQUM8zsmY-4R00loMlBJmaO0BzhFjTLB8enh4HUv8vya5u0vRQpvYp6WGqHb7cPnkgo-dSyWK7lTFGJ5PFgEXOu11yGnXAIK9Lym_dYneYgWTEEl5Gg1nwUA1c_xd85sBu9hY2u7wTLkaWYd2O1VIMMpLYUdT5Wj45fobzb8TZBqVRZwiVqNF8erIEiUUNqZkFcfozje2STbQUAIrH0A4srt7zDGfb5U3KucwBnj3lUqiSEIOkHhiaJ2-9ePn-Q8eJzAR8GZ7R_v7n-cWZTGGRoSutCTpD8c1Kc9VcyHkvnWKV2Dx8crg6ExJQ6oxVvAEc8boA5-NC9wTzEkT8zurm_NdzqiNnumDni-BmK10VBa1M7JuWs0TVf2qUxLp8ZV8fvKaXRR1BI5Qe07uTKpOQ8ttaWpTG-mfv4XzRigSTQvvP1ztcEbWUuTzF9WqTvkxM2Pc5yPUHPFarR6Xz2i2s5r6ACNU_2nqSu-Gbg7VS4HYMq1sc0EtMi9fKqHhjOT0cJPjzOUDNlEzUKoB7C3GYXGzoW_Z9RkyEJYjdJuN457XXK-HbRasMIngiYXZAFap_uVQxxH7kOq-V1-6uiCS7yF34q6IKu-XmqSwsemJHwhiYd_Vmz4b-QWtK6D66Be4AutWOXUx9CE9WKGb1SUCNy4hb3ld20jNPcnkivJbqgsCqFZ773I6ekJS_lB2b67ybhRMf6XzUvL5uE3W6-e6fo3WpjlRw=="
"pages/request-model-reference.adoc","technical","212","url","https://kroki.io/blockdiag/svg/eNrtVdtqGzEQffZ-xaBSaGFjr51AUocWkrgLhkDd3AiEYOTVeFeNVtpK2tZOyHu_oh_XL6m09q5zoUkoKXmpH4x8NHPmojPjiVDJBeM0haug04ERTRE6FpNM8oSK6jTW-LVEY9uZzQUM8zsmY-4R00loMlBJmaO0BzhFjTLB8enh4HUv8vya5u0vRQpvYp6WGqHb7cPnkgo-dSyWK7lTFGJ5PFgEXOu11yGnXAIK9Lym_dYneYgWTEEl5Gg1nwUA1c_xd85sBu9hY2u7wTLkaWYd2O1VIMMpLYUdT5Wj45fobzb8TZBqVRZwiVqNF8erIEiUUNqZkFcfozje2STbQUAIrH0A4srt7zDGfb5U3KucwBnj3lUqiSEIOkHhiaJ2-9ePn-Q8eJzAR8GZ7R_v7n-cWZTGGRoSutCTpD8c1Kc9VcyHkvnWKV2Dx8crg6ExJQ6oxVvAEc8boA5-NC9wTzEkT8zurm_NdzqiNnumDni-BmK10VBa1M7JuWs0TVf2qUxLp8ZV8fvKaXRR1BI5Qe07uTKpOQ8ttaWpTG-mfv4XzRigSTQvvP1ztcEbWUuTzF9WqTvkxM2Pc5yPUHPFarR6Xz2i2s5r6ACNU_2nqSu-Gbg7VS4HYMq1sc0EtMi9fKqHhjOT0cJPjzOUDNlEzUKoB7C3GYXGzoW_Z9RkyEJYjdJuN457XXK-HbRasMIngiYXZAFap_uVQxxH7kOq-V1-6uiCS7yF34q6IKu-XmqSwsemJHwhiYd_Vmz4b-QWtK6D66Be4AutWOXUx9CE9WKGb1SUCNy4hb3ld20jNPcnkivJbqgsCqFZ773I6ekJS_lB2b67ybhRMf6XzUvL5uE3W6-e6fo3WpjlRw=="
"pages/request-model-reference.adoc","technical","214","url","https://niolesk.top/#https://kroki.io/blockdiag/svg/eNrtVdtqGzEQffZ-xaBSaGFjr51AUocWkrgLhkDd3AiEYOTVeFeNVtpK2tZOyHu_oh_XL6m09q5zoUkoKXmpH4x8NHPmojPjiVDJBeM0haug04ERTRE6FpNM8oSK6jTW-LVEY9uZzQUM8zsmY-4R00loMlBJmaO0BzhFjTLB8enh4HUv8vya5u0vRQpvYp6WGqHb7cPnkgo-dSyWK7lTFGJ5PFgEXOu11yGnXAIK9Lym_dYneYgWTEEl5Gg1nwUA1c_xd85sBu9hY2u7wTLkaWYd2O1VIMMpLYUdT5Wj45fobzb8TZBqVRZwiVqNF8erIEiUUNqZkFcfozje2STbQUAIrH0A4srt7zDGfb5U3KucwBnj3lUqiSEIOkHhiaJ2-9ePn-Q8eJzAR8GZ7R_v7n-cWZTGGRoSutCTpD8c1Kc9VcyHkvnWKV2Dx8crg6ExJQ6oxVvAEc8boA5-NC9wTzEkT8zurm_NdzqiNnumDni-BmK10VBa1M7JuWs0TVf2qUxLp8ZV8fvKaXRR1BI5Qe07uTKpOQ8ttaWpTG-mfv4XzRigSTQvvP1ztcEbWUuTzF9WqTvkxM2Pc5yPUHPFarR6Xz2i2s5r6ACNU_2nqSu-Gbg7VS4HYMq1sc0EtMi9fKqHhjOT0cJPjzOUDNlEzUKoB7C3GYXGzoW_Z9RkyEJYjdJuN457XXK-HbRasMIngiYXZAFap_uVQxxH7kOq-V1-6uiCS7yF34q6IKu-XmqSwsemJHwhiYd_Vmz4b-QWtK6D66Be4AutWOXUx9CE9WKGb1SUCNy4hb3ld20jNPcnkivJbqgsCqFZ773I6ekJS_lB2b67ybhRMf6XzUvL5uE3W6-e6fo3WpjlRw=="
"pages/request-model-reference.adoc","technical","219","image-url","https://kroki.io/blockdiag/svg/eNrlVdtuEzEQfd79CmsREkhLbir0JpBS2hWVKKBeJCRURY492XXrtYPtQNIq73wFH8eXMN50N7dt06dKiDys7OPxXI7PZPpSs2suaEpuw2aTfKEpkKYDlinBqCxWPQPfR2BdI3O5JMf5iklPeMQ2u9ZqJqgD3mOSWvu802KUHY0dGEXlKQzAgGLQ-3p2iEc-pKF542qYkheJSEcGSPtNg8y9kMILQR97a05igl7InY-XPvEzcMQOqSI5OCPGISHFtvdTcJeRt2RrZ7_CMhBp5hBsdwqQw4COpOsNtHJW3IA_2SpOwtTo0ZDcgNG92fI2DJmW2qBN9OyolSTd7Wg_DKOIvHpHIp9sl3PhhMZ0DzUb5aBclXZEvnHhryqtsAZJ-yC9o1aj8efX7-gS_Wz0UIVxjrLMHy55rXwsHPsrMHZ7FwcfPZPKom8bxeinj9zmfeAceBnqQChqJp_7V8DcfTYFXvcutanUWNVmRMpwF6fH5bKM-IHarMT8uitTbYTL8hNwmeZVouOhMJNDlM8yci7yCjnB9XvNq32iTU7dInKkmOZCpYvY-4wayrAQFNrSbSHhE81XK3-o8KIusMyIoX_lzaKYKW8gjHWVCoNKhX1J2TVqMHDI6FybSdLCn8dtRode01Io8Fs3kX7LkUbgCAQBCj1YVU0YhMEsmAWmFZ9HDqK52flk6EsvQ6CJQp309TgmZee1t1vxcsyYzNM8aCdJpx1d3uWxXpVH76vMn61UV0D1FfrvU_VBiOFmhLlMmEXygmjN-jEk7j6axHtYfJDGOh7ribxjspbKf7uB4_XODH2d0xA__jsNp-WkmT2L09izHGxcThDyg8oREGFxsuz4mVC9KY6qHJto_qCdVkyqOdRp4dM93V_0Q0Lr7Ba5bBpD8doQiv8HQWzg7rXnbvoX3IX6fg=="
"pages/request-model-reference.adoc","technical","219","url","https://kroki.io/blockdiag/svg/eNrlVdtuEzEQfd79CmsREkhLbir0JpBS2hWVKKBeJCRURY492XXrtYPtQNIq73wFH8eXMN50N7dt06dKiDys7OPxXI7PZPpSs2suaEpuw2aTfKEpkKYDlinBqCxWPQPfR2BdI3O5JMf5iklPeMQ2u9ZqJqgD3mOSWvu802KUHY0dGEXlKQzAgGLQ-3p2iEc-pKF542qYkheJSEcGSPtNg8y9kMILQR97a05igl7InY-XPvEzcMQOqSI5OCPGISHFtvdTcJeRt2RrZ7_CMhBp5hBsdwqQw4COpOsNtHJW3IA_2SpOwtTo0ZDcgNG92fI2DJmW2qBN9OyolSTd7Wg_DKOIvHpHIp9sl3PhhMZ0DzUb5aBclXZEvnHhryqtsAZJ-yC9o1aj8efX7-gS_Wz0UIVxjrLMHy55rXwsHPsrMHZ7FwcfPZPKom8bxeinj9zmfeAceBnqQChqJp_7V8DcfTYFXvcutanUWNVmRMpwF6fH5bKM-IHarMT8uitTbYTL8hNwmeZVouOhMJNDlM8yci7yCjnB9XvNq32iTU7dInKkmOZCpYvY-4wayrAQFNrSbSHhE81XK3-o8KIusMyIoX_lzaKYKW8gjHWVCoNKhX1J2TVqMHDI6FybSdLCn8dtRode01Io8Fs3kX7LkUbgCAQBCj1YVU0YhMEsmAWmFZ9HDqK52flk6EsvQ6CJQp309TgmZee1t1vxcsyYzNM8aCdJpx1d3uWxXpVH76vMn61UV0D1FfrvU_VBiOFmhLlMmEXygmjN-jEk7j6axHtYfJDGOh7ribxjspbKf7uB4_XODH2d0xA__jsNp-WkmT2L09izHGxcThDyg8oREGFxsuz4mVC9KY6qHJto_qCdVkyqOdRp4dM93V_0Q0Lr7Ba5bBpD8doQiv8HQWzg7rXnbvoX3IX6fg=="
"pages/request-model-reference.adoc","technical","221","url","https://niolesk.top/#https://kroki.io/blockdiag/svg/eNrlVdtuEzEQfd79CmsREkhLbir0JpBS2hWVKKBeJCRURY492XXrtYPtQNIq73wFH8eXMN50N7dt06dKiDys7OPxXI7PZPpSs2suaEpuw2aTfKEpkKYDlinBqCxWPQPfR2BdI3O5JMf5iklPeMQ2u9ZqJqgD3mOSWvu802KUHY0dGEXlKQzAgGLQ-3p2iEc-pKF542qYkheJSEcGSPtNg8y9kMILQR97a05igl7InY-XPvEzcMQOqSI5OCPGISHFtvdTcJeRt2RrZ7_CMhBp5hBsdwqQw4COpOsNtHJW3IA_2SpOwtTo0ZDcgNG92fI2DJmW2qBN9OyolSTd7Wg_DKOIvHpHIp9sl3PhhMZ0DzUb5aBclXZEvnHhryqtsAZJ-yC9o1aj8efX7-gS_Wz0UIVxjrLMHy55rXwsHPsrMHZ7FwcfPZPKom8bxeinj9zmfeAceBnqQChqJp_7V8DcfTYFXvcutanUWNVmRMpwF6fH5bKM-IHarMT8uitTbYTL8hNwmeZVouOhMJNDlM8yci7yCjnB9XvNq32iTU7dInKkmOZCpYvY-4wayrAQFNrSbSHhE81XK3-o8KIusMyIoX_lzaKYKW8gjHWVCoNKhX1J2TVqMHDI6FybSdLCn8dtRode01Io8Fs3kX7LkUbgCAQBCj1YVU0YhMEsmAWmFZ9HDqK52flk6EsvQ6CJQp309TgmZee1t1vxcsyYzNM8aCdJpx1d3uWxXpVH76vMn61UV0D1FfrvU_VBiOFmhLlMmEXygmjN-jEk7j6axHtYfJDGOh7ribxjspbKf7uB4_XODH2d0xA__jsNp-WkmT2L09izHGxcThDyg8oREGFxsuz4mVC9KY6qHJto_qCdVkyqOdRp4dM93V_0Q0Lr7Ba5bBpD8doQiv8HQWzg7rXnbvoX3IX6fg=="
"pages/request-model-reference.adoc","technical","237","url","https://docs.oasis-open.org/ubl/os-UBL-2.4/xsdrt/common/UBL-CommonAggregateComponents-2.4.xsd"
"pages/request-model-reference.adoc","technical","288","url","https://docs.oasis-open.org/ubl/os-UBL-2.4/xsdrt/common/UBL-CommonAggregateComponents-2.4.xsd"
"pages/request-model-reference.adoc","technical","316","url","https://github.com/OP-TED/ESPD-EDM/tree/v5.0.0/xml-examples"
"pages/request-model-reference.adoc","technical","347","image-url","https://kroki.io/blockdiag/svg/eNrNU9Fu0zAUfc9XXJkXkEyaVJNWOoG0wiJN4qFamTQJTZFj3yYGxw62U5pNe-cr-Di-ZE5CV1SxCXjixbKP7_E9xz4ulOGfhWQl3EaTCSxZiTDxyCstOVPDLLf4pUXn48rXCs7rg5Jc9oibcMbfGu0t417qcsms7_Kr1bt8xSusWV4qUzCVb6STRsefmhKeZ7JsLUI6iyGQ54dsCGwY2RRGOoz0F73UFXpwDdNQo7dyGwEMy_yrFL6C13A0O3nAKpRl5QOYTgdQ4Jq1yufr0NLJG-x3jk6iqLSmbeAGrcnH6W0UkUNdH7oGCXx0FWt6YqjTAkVhthR2vdNXCXW-U_2-YK5CQYEbZWxYk2eLNMumKbkODffgWZJlp8ckYITAyzdAcOvnl4v3Z1uPujftCAXCCz5ftB3apTVrqfDy4jxIEbI_QxuN1zv27y70p_B9NQXFClR9_ySOf3z7Th7jn4ZxI333j_QLbCw61J754GTQQceiQdiBhejPvdMnnNLHXdC_VhjdRbvQjY_sTVAr0NFdmGDDVIsgXQjZrL-Hh4SE71UbLX6JR0JhH8kkBOE_dPx0wqfHvey7e7eja0Q="
"pages/request-model-reference.adoc","technical","347","url","https://kroki.io/blockdiag/svg/eNrNU9Fu0zAUfc9XXJkXkEyaVJNWOoG0wiJN4qFamTQJTZFj3yYGxw62U5pNe-cr-Di-ZE5CV1SxCXjixbKP7_E9xz4ulOGfhWQl3EaTCSxZiTDxyCstOVPDLLf4pUXn48rXCs7rg5Jc9oibcMbfGu0t417qcsms7_Kr1bt8xSusWV4qUzCVb6STRsefmhKeZ7JsLUI6iyGQ54dsCGwY2RRGOoz0F73UFXpwDdNQo7dyGwEMy_yrFL6C13A0O3nAKpRl5QOYTgdQ4Jq1yufr0NLJG-x3jk6iqLSmbeAGrcnH6W0UkUNdH7oGCXx0FWt6YqjTAkVhthR2vdNXCXW-U_2-YK5CQYEbZWxYk2eLNMumKbkODffgWZJlp8ckYITAyzdAcOvnl4v3Z1uPujftCAXCCz5ftB3apTVrqfDy4jxIEbI_QxuN1zv27y70p_B9NQXFClR9_ySOf3z7Th7jn4ZxI333j_QLbCw61J754GTQQceiQdiBhejPvdMnnNLHXdC_VhjdRbvQjY_sTVAr0NFdmGDDVIsgXQjZrL-Hh4SE71UbLX6JR0JhH8kkBOE_dPx0wqfHvey7e7eja0Q="
"pages/request-model-reference.adoc","technical","349","url","https://niolesk.top/#https://kroki.io/blockdiag/svg/eNrNU9Fu0zAUfc9XXJkXkEyaVJNWOoG0wiJN4qFamTQJTZFj3yYGxw62U5pNe-cr-Di-ZE5CV1SxCXjixbKP7_E9xz4ulOGfhWQl3EaTCSxZiTDxyCstOVPDLLf4pUXn48rXCs7rg5Jc9oibcMbfGu0t417qcsms7_Kr1bt8xSusWV4qUzCVb6STRsefmhKeZ7JsLUI6iyGQ54dsCGwY2RRGOoz0F73UFXpwDdNQo7dyGwEMy_yrFL6C13A0O3nAKpRl5QOYTgdQ4Jq1yufr0NLJG-x3jk6iqLSmbeAGrcnH6W0UkUNdH7oGCXx0FWt6YqjTAkVhthR2vdNXCXW-U_2-YK5CQYEbZWxYk2eLNMumKbkODffgWZJlp8ckYITAyzdAcOvnl4v3Z1uPujftCAXCCz5ftB3apTVrqfDy4jxIEbI_QxuN1zv27y70p_B9NQXFClR9_ySOf3z7Th7jn4ZxI333j_QLbCw61J754GTQQceiQdiBhejPvdMnnNLHXdC_VhjdRbvQjY_sTVAr0NFdmGDDVIsgXQjZrL-Hh4SE71UbLX6JR0JhH8kkBOE_dPx0wqfHvey7e7eja0Q="
"pages/request-model-reference.adoc","technical","354","image-url","https://kroki.io/blockdiag/svg/eNrtld1q2zAUx-_9FMJjsIGWLwrtWjZI0wQCaVealg1GMYp0YmtVpEyS0zil93uKPdyeZEfOnDYtbQjbzaB39vn86_jno5Ey_EpIlpKbqF4npywFUvfAMy05U-VTYuF7Ds7XMj9RpD95EJLIYHF1zvgps75IvgyPkiHPYMKSVJkRU69bjZl00ujat2lK3vRkmlsgzfc1gjn7ZRLBJLJMomSZRZY5b4OsIXjipkyTCXgr5xEh5WtyLYXPyAeys3ewsmUg08yjsdkqjQLGLFc-GRvtnVxA8OwcRFFqTT4lC7AmWT7eRFFcijkvphCTry5j0xCNTi1AjMyckqphs9Wgzhcq-AVzGQhKuFHG4nv86rDZ67Wa8SV2uTN2G71eezdGWxyTdx9JDHO_f3E46M496HBSF1MS8xHfP2b2qsMs9LXACXtj7zvaHsM9hj_yfoaRkx4uzvqVZWBScwZjsKA59I8qc1eLqZHa31mwVu68LTqKOSfHoS526BgR5iBkOIA2Gi4r6avv1hdBTJVQlqtcJ2yynk2JYiNQYRiNWu3Xj5_xWr0B02mOJK2KGOeZagthwbmVMStcoG5g_nR8Xt45m5dQwZqyAaRMdVG3L7YR2EGAGPfPtATrHkjaULKd4vhKTU9XHYKdSQ6n1sykALuMXs3oGuynMTJhrIZi7ZTt3GfGysXjOW0Q1ZOaaS5x9pwj-s8cGD-ODNWZQvaGyF4lYGhC_jHgYkHdY6k2k4B16f_yT9At_gD6N3TTrVim65zSNSrpI-Lov-SLPsEO3Z6UKLqNqqW_3LfeIDYCHK2WOZkxlQORDhfxXiBytayxzsRocW9TNyi5uxIauJNfIHuBbMP13toNoNz-BsH-BnY="
"pages/request-model-reference.adoc","technical","354","url","https://kroki.io/blockdiag/svg/eNrtld1q2zAUx-_9FMJjsIGWLwrtWjZI0wQCaVealg1GMYp0YmtVpEyS0zil93uKPdyeZEfOnDYtbQjbzaB39vn86_jno5Ey_EpIlpKbqF4npywFUvfAMy05U-VTYuF7Ds7XMj9RpD95EJLIYHF1zvgps75IvgyPkiHPYMKSVJkRU69bjZl00ujat2lK3vRkmlsgzfc1gjn7ZRLBJLJMomSZRZY5b4OsIXjipkyTCXgr5xEh5WtyLYXPyAeys3ewsmUg08yjsdkqjQLGLFc-GRvtnVxA8OwcRFFqTT4lC7AmWT7eRFFcijkvphCTry5j0xCNTi1AjMyckqphs9Wgzhcq-AVzGQhKuFHG4nv86rDZ67Wa8SV2uTN2G71eezdGWxyTdx9JDHO_f3E46M496HBSF1MS8xHfP2b2qsMs9LXACXtj7zvaHsM9hj_yfoaRkx4uzvqVZWBScwZjsKA59I8qc1eLqZHa31mwVu68LTqKOSfHoS526BgR5iBkOIA2Gi4r6avv1hdBTJVQlqtcJ2yynk2JYiNQYRiNWu3Xj5_xWr0B02mOJK2KGOeZagthwbmVMStcoG5g_nR8Xt45m5dQwZqyAaRMdVG3L7YR2EGAGPfPtATrHkjaULKd4vhKTU9XHYKdSQ6n1sykALuMXs3oGuynMTJhrIZi7ZTt3GfGysXjOW0Q1ZOaaS5x9pwj-s8cGD-ODNWZQvaGyF4lYGhC_jHgYkHdY6k2k4B16f_yT9At_gD6N3TTrVim65zSNSrpI-Lov-SLPsEO3Z6UKLqNqqW_3LfeIDYCHK2WOZkxlQORDhfxXiBytayxzsRocW9TNyi5uxIauJNfIHuBbMP13toNoNz-BsH-BnY="
"pages/request-model-reference.adoc","technical","356","url","https://niolesk.top/#https://kroki.io/blockdiag/svg/eNrtld1q2zAUx-_9FMJjsIGWLwrtWjZI0wQCaVealg1GMYp0YmtVpEyS0zil93uKPdyeZEfOnDYtbQjbzaB39vn86_jno5Ey_EpIlpKbqF4npywFUvfAMy05U-VTYuF7Ds7XMj9RpD95EJLIYHF1zvgps75IvgyPkiHPYMKSVJkRU69bjZl00ujat2lK3vRkmlsgzfc1gjn7ZRLBJLJMomSZRZY5b4OsIXjipkyTCXgr5xEh5WtyLYXPyAeys3ewsmUg08yjsdkqjQLGLFc-GRvtnVxA8OwcRFFqTT4lC7AmWT7eRFFcijkvphCTry5j0xCNTi1AjMyckqphs9Wgzhcq-AVzGQhKuFHG4nv86rDZ67Wa8SV2uTN2G71eezdGWxyTdx9JDHO_f3E46M496HBSF1MS8xHfP2b2qsMs9LXACXtj7zvaHsM9hj_yfoaRkx4uzvqVZWBScwZjsKA59I8qc1eLqZHa31mwVu68LTqKOSfHoS526BgR5iBkOIA2Gi4r6avv1hdBTJVQlqtcJ2yynk2JYiNQYRiNWu3Xj5_xWr0B02mOJK2KGOeZagthwbmVMStcoG5g_nR8Xt45m5dQwZqyAaRMdVG3L7YR2EGAGPfPtATrHkjaULKd4vhKTU9XHYKdSQ6n1sykALuMXs3oGuynMTJhrIZi7ZTt3GfGysXjOW0Q1ZOaaS5x9pwj-s8cGD-ODNWZQvaGyF4lYGhC_jHgYkHdY6k2k4B16f_yT9At_gD6N3TTrVim65zSNSrpI-Lov-SLPsEO3Z6UKLqNqqW_3LfeIDYCHK2WOZkxlQORDhfxXiBytayxzsRocW9TNyi5uxIauJNfIHuBbMP13toNoNz-BsH-BnY="
"pages/request-model-reference.adoc","technical","361","image-url","https://kroki.io/blockdiag/svg/eNrtVc1u00AQPnufYuVeQDKOE4FatQKpTWupUoGKFAlRVdbGO7GX2t6wuy5Jq9x5Ch6OJ2HWThyndVoBR_DB8vx5xt_3rWecyfiaC5bQO9Lr0XOWAO0ZiNNCxCyrniIFX0vQxk9NntHT_F5KJKxH92IWn0ttWHbIuQKtvejT6DgaxSnkzP8yTeizUCSlAjoIfIrJ-5vZFLNpnf3cTjICQ_WUFTQHo8SMUFqZ0TfBTUpf05d7B40vBZGkBp39QeXkMGFlZqKJLIwWt2AjL6sISZQsp_QWlIzqxztCYplJhTnuzkkQhoe77gEhrktfvKFuNSdTZu7SSy5sUiELuMJ4K9Iktj-ou2Azwxb6vu96WD-O998ydX1oDBRGyKLtHDIFK_s8k-aU25wJwt_OHAozH5VjLm6ERvc7lkM71LbrOT7jZE2GLAujbL19NX7VFv9Q8qbmAySt9sdCI1GxWdkXIodb7PB-MtFg7sGxBY0ax6XnTOB47TKPZmwMmWUq8P2f33-4T7xoOfzv9D6TNahDKRUXBTNPj0A2e1lSYWb2Px6dncyQTMuFpitUNqlro1nxQ5YCnQilTaNQp1HoOGPxNerTMdhirdswDPCyfp2yqdV7huBZ08wza3KmU-DocBw8BE4HBMQhTt1PQywL3jSntsReD4ewkW2D2Ni9YSpX90D2_s8cBe-hzL1NwXpbxUgQq5oZkwq1ZgkRdJfVF_OpFe0KfEwoOPCxnHl09fPs7wbeJhPemt6do34YDvruVcWO0038o8x3Ud_N_ZJ8y_6fnxlbviBWpXhfkMVqfdRfaySeXA64YZZrgd6wrAQqNK6LPfujb6DCPZij9Nc4DQKPNstlECAilUjpZbOFKt96F3hdm-C_ph_XtPcX5D-u88Ery8_iF8100Do="
"pages/request-model-reference.adoc","technical","361","url","https://kroki.io/blockdiag/svg/eNrtVc1u00AQPnufYuVeQDKOE4FatQKpTWupUoGKFAlRVdbGO7GX2t6wuy5Jq9x5Ch6OJ2HWThyndVoBR_DB8vx5xt_3rWecyfiaC5bQO9Lr0XOWAO0ZiNNCxCyrniIFX0vQxk9NntHT_F5KJKxH92IWn0ttWHbIuQKtvejT6DgaxSnkzP8yTeizUCSlAjoIfIrJ-5vZFLNpnf3cTjICQ_WUFTQHo8SMUFqZ0TfBTUpf05d7B40vBZGkBp39QeXkMGFlZqKJLIwWt2AjL6sISZQsp_QWlIzqxztCYplJhTnuzkkQhoe77gEhrktfvKFuNSdTZu7SSy5sUiELuMJ4K9Iktj-ou2Azwxb6vu96WD-O998ydX1oDBRGyKLtHDIFK_s8k-aU25wJwt_OHAozH5VjLm6ERvc7lkM71LbrOT7jZE2GLAujbL19NX7VFv9Q8qbmAySt9sdCI1GxWdkXIodb7PB-MtFg7sGxBY0ax6XnTOB47TKPZmwMmWUq8P2f33-4T7xoOfzv9D6TNahDKRUXBTNPj0A2e1lSYWb2Px6dncyQTMuFpitUNqlro1nxQ5YCnQilTaNQp1HoOGPxNerTMdhirdswDPCyfp2yqdV7huBZ08wza3KmU-DocBw8BE4HBMQhTt1PQywL3jSntsReD4ewkW2D2Ni9YSpX90D2_s8cBe-hzL1NwXpbxUgQq5oZkwq1ZgkRdJfVF_OpFe0KfEwoOPCxnHl09fPs7wbeJhPemt6do34YDvruVcWO0038o8x3Ud_N_ZJ8y_6fnxlbviBWpXhfkMVqfdRfaySeXA64YZZrgd6wrAQqNK6LPfujb6DCPZij9Nc4DQKPNstlECAilUjpZbOFKt96F3hdm-C_ph_XtPcX5D-u88Ery8_iF8100Do="
"pages/request-model-reference.adoc","technical","363","url","https://niolesk.top/#https://kroki.io/blockdiag/svg/eNrtVc1u00AQPnufYuVeQDKOE4FatQKpTWupUoGKFAlRVdbGO7GX2t6wuy5Jq9x5Ch6OJ2HWThyndVoBR_DB8vx5xt_3rWecyfiaC5bQO9Lr0XOWAO0ZiNNCxCyrniIFX0vQxk9NntHT_F5KJKxH92IWn0ttWHbIuQKtvejT6DgaxSnkzP8yTeizUCSlAjoIfIrJ-5vZFLNpnf3cTjICQ_WUFTQHo8SMUFqZ0TfBTUpf05d7B40vBZGkBp39QeXkMGFlZqKJLIwWt2AjL6sISZQsp_QWlIzqxztCYplJhTnuzkkQhoe77gEhrktfvKFuNSdTZu7SSy5sUiELuMJ4K9Iktj-ou2Azwxb6vu96WD-O998ydX1oDBRGyKLtHDIFK_s8k-aU25wJwt_OHAozH5VjLm6ERvc7lkM71LbrOT7jZE2GLAujbL19NX7VFv9Q8qbmAySt9sdCI1GxWdkXIodb7PB-MtFg7sGxBY0ax6XnTOB47TKPZmwMmWUq8P2f33-4T7xoOfzv9D6TNahDKRUXBTNPj0A2e1lSYWb2Px6dncyQTMuFpitUNqlro1nxQ5YCnQilTaNQp1HoOGPxNerTMdhirdswDPCyfp2yqdV7huBZ08wza3KmU-DocBw8BE4HBMQhTt1PQywL3jSntsReD4ewkW2D2Ni9YSpX90D2_s8cBe-hzL1NwXpbxUgQq5oZkwq1ZgkRdJfVF_OpFe0KfEwoOPCxnHl09fPs7wbeJhPemt6do34YDvruVcWO0038o8x3Ud_N_ZJ8y_6fnxlbviBWpXhfkMVqfdRfaySeXA64YZZrgd6wrAQqNK6LPfujb6DCPZij9Nc4DQKPNstlECAilUjpZbOFKt96F3hdm-C_ph_XtPcX5D-u88Ery8_iF8100Do="
"pages/request-model-reference.adoc","technical","368","image-url","https://kroki.io/blockdiag/svg/eNrVVNtq20AQfdZ-xaC-tKDasggkOLTQxBak9BKwC4USxEoaS9ustKp23doJfu9X9OP6JZ2VLPmStPStVE87Zw5zOTOjWKrkNhU8g3s2HMI1zxCGBpO8FAmXzSuq8csStRnkppBwVRxRImERPUx4cqlKwxMTfZxNolmSY8EHn6sMnoYiW9YIwWgAxBpvaR4QD1reM5t8hgZ0xUso0NRixQAaM_omUpPDCzg5O--xHEWWGwJHQQOmuOBLaaIFxdbiDq3npPGwrFbLCu6wVlH7vGcsUVLVxHGfTP0wfHXqnjPmuvD8Jbi2wmtem7ULn1JhSaUq8Yb8e56OuG3lUWrvs2RcmfGHizfTlcFSC1Vq16MIcTK-mnSvd7zA7v1axXNhZG9PsKLEBZamQ-Yoscop3T6w4KvOnEpMTK1oRm-5kEcFPqyvKUCZNho535sc60tVFEs7ZUMVH4TwQPIYpVXQHwx-fv_hUtetugtRa9Mr7fRKx5Int6SzY0iLnf5h6NNncZ3zys5NihKtadbSminXOaYEOA4N0zkonTnMaTNpTFSZ7tJasrulzdcVUvVdfKKUKaaxWnnQrdbo1PcOE3qwq_FiFIbByL2hfbJx7fewLev5XWvWd9ReAz3eYlP7v14Y7692glk5NszZsE13wa2kRtGepKi97jLhK5dLBKHpYs_srfXzoL9PQbPbDSPwPejvO_BJ9r3T8w4Pz_tflPrz_gUnts3NL0kRt4w="
"pages/request-model-reference.adoc","technical","368","url","https://kroki.io/blockdiag/svg/eNrVVNtq20AQfdZ-xaC-tKDasggkOLTQxBak9BKwC4USxEoaS9ustKp23doJfu9X9OP6JZ2VLPmStPStVE87Zw5zOTOjWKrkNhU8g3s2HMI1zxCGBpO8FAmXzSuq8csStRnkppBwVRxRImERPUx4cqlKwxMTfZxNolmSY8EHn6sMnoYiW9YIwWgAxBpvaR4QD1reM5t8hgZ0xUso0NRixQAaM_omUpPDCzg5O--xHEWWGwJHQQOmuOBLaaIFxdbiDq3npPGwrFbLCu6wVlH7vGcsUVLVxHGfTP0wfHXqnjPmuvD8Jbi2wmtem7ULn1JhSaUq8Yb8e56OuG3lUWrvs2RcmfGHizfTlcFSC1Vq16MIcTK-mnSvd7zA7v1axXNhZG9PsKLEBZamQ-Yoscop3T6w4KvOnEpMTK1oRm-5kEcFPqyvKUCZNho535sc60tVFEs7ZUMVH4TwQPIYpVXQHwx-fv_hUtetugtRa9Mr7fRKx5Int6SzY0iLnf5h6NNncZ3zys5NihKtadbSminXOaYEOA4N0zkonTnMaTNpTFSZ7tJasrulzdcVUvVdfKKUKaaxWnnQrdbo1PcOE3qwq_FiFIbByL2hfbJx7fewLev5XWvWd9ReAz3eYlP7v14Y7692glk5NszZsE13wa2kRtGepKi97jLhK5dLBKHpYs_srfXzoL9PQbPbDSPwPejvO_BJ9r3T8w4Pz_tflPrz_gUnts3NL0kRt4w="
"pages/request-model-reference.adoc","technical","370","url","https://niolesk.top/#https://kroki.io/blockdiag/svg/eNrVVNtq20AQfdZ-xaC-tKDasggkOLTQxBak9BKwC4USxEoaS9ustKp23doJfu9X9OP6JZ2VLPmStPStVE87Zw5zOTOjWKrkNhU8g3s2HMI1zxCGBpO8FAmXzSuq8csStRnkppBwVRxRImERPUx4cqlKwxMTfZxNolmSY8EHn6sMnoYiW9YIwWgAxBpvaR4QD1reM5t8hgZ0xUso0NRixQAaM_omUpPDCzg5O--xHEWWGwJHQQOmuOBLaaIFxdbiDq3npPGwrFbLCu6wVlH7vGcsUVLVxHGfTP0wfHXqnjPmuvD8Jbi2wmtem7ULn1JhSaUq8Yb8e56OuG3lUWrvs2RcmfGHizfTlcFSC1Vq16MIcTK-mnSvd7zA7v1axXNhZG9PsKLEBZamQ-Yoscop3T6w4KvOnEpMTK1oRm-5kEcFPqyvKUCZNho535sc60tVFEs7ZUMVH4TwQPIYpVXQHwx-fv_hUtetugtRa9Mr7fRKx5Int6SzY0iLnf5h6NNncZ3zys5NihKtadbSminXOaYEOA4N0zkonTnMaTNpTFSZ7tJasrulzdcVUvVdfKKUKaaxWnnQrdbo1PcOE3qwq_FiFIbByL2hfbJx7fewLev5XWvWd9ReAz3eYlP7v14Y7692glk5NszZsE13wa2kRtGepKi97jLhK5dLBKHpYs_srfXzoL9PQbPbDSPwPejvO_BJ9r3T8w4Pz_tflPrz_gUnts3NL0kRt4w="
"pages/request-model-reference.adoc","technical","384","url","https://docs.oasis-open.org/ubl/os-UBL-2.4/xsdrt/common/UBL-CommonAggregateComponents-2.4.xsd"
"pages/request-model-reference.adoc","technical","394","url","https://eur-lex.europa.eu/legal-content/EN/TXT/PDF/?uri=CELEX:32014L0024&from=ES"
"pages/request-model-reference.adoc","technical","406","url","https://docs.oasis-open.org/ubl/os-UBL-2.4/xsdrt/common/UBL-CommonAggregateComponents-2.4.xsd"
"pages/request-model-reference.adoc","technical","416","url","https://ec.europa.eu/taxation_customs/vies/"
"pages/request-model-reference.adoc","technical","444","url","https://docs.oasis-open.org/ubl/os-UBL-2.4/xsdrt/common/UBL-CommonAggregateComponents-2.4.xsd"
"pages/request-model-reference.adoc","technical","488","url","https://docs.oasis-open.org/ubl/os-UBL-2.4/xsdrt/common/UBL-CommonAggregateComponents-2.4.xsd"
"pages/request-model-reference.adoc","technical","535","image-url","https://kroki.io/blockdiag/svg/eNrVWd1u4kYUvsZPceTetNLUARppo0StRDZBitSLSKRSpc0KGfuAp2vGrmfIz65y36fow_VJesYeG_wDZAUCwwXYZ87MfGfm_DMJI--Lz90ZfLPOzuDenSGcKfQCwT03TJ_GCf69QKmcQM1DuJtXWMZcU-SZ53ojTJ64h_dJ9MR9TMZ_jm7GIy_Auev8Fc_gxyGfLRKEft8B4r6ssAOxQ8b-k8YyQgUydgXMUSX8xQJIX8fP3FcB_ArnF1cFLUA-CxQRe_2U6OPUXYRqPI2Ekvwr6pHzdMSaJdEihq-YROPs8ZtleVEYJcRj_3DbHQ4HH-wry7Jt-Pk3sDXQezdRrzZ88rlmEpHAz7XhRzEYXd_dwkfaMXE9xcUM0gEHzPhDgOCtjMaaDFxJDKfOo-jVp9a_CYRUryEWMKxVgDkgvRCtU0W8njMHbwAXVA05TuiCk9cUOhFhSielAi4z_AS86zg9g9FMrP5WUV81w77HREaihJpB6E4w1FdD2_z3z7_25w1TK2IURIjTJ3CljDzuKvThmZMOVcUQ-VFn7KWfd8owmKFQjfqykbmCfDmQK8_AqMtzEAGdqCRZgEzD1YwbryRdarsirRGnYqJ1wd57QU0LVYQ2LFD4g4rocUrXxuGCNLwq2pfgLQKozwxf1OUf17_fvigUkkdCNqlT2zHrbVK3wQXtrLUUizH9Sk5bZLsh-JG3mNPiNQ_XRkm9iXd5d3MCV5IBfRTXev_mjR2482kFPuWYEAgBvHhdOpYcR2ymphB6a1ZcWdBxnJO5ULPfw2uMHyMfTxX3lsvO6ZodNL8D2Swd65UmRtPqdfuMDDdOUEqKnDrwkFXTRAPTrHiiV_2OaFae8B3n68ADObzvOlpFE_JkpLrFiZxvHvzhFPxjATYHse5eV5L4KgwdvgyQNI9f4xW3J_NtPaERhiEmG6qKtmPedrkZ89hwVwqgcuGDzbGwIRg2OcTV3Jgdvnq0TPU75YlURfnbKcrfSeh6X6j47Wg3tCyKh8MufTRdBm6spQkpo9OvRjjflQH6ROh0qMLulIpQdtBKk5VKSXaw6pDVyj92_BqPbSjiWNvqMqtjdTKNlEga4C_VUyuV3QQ0C8eDTZZ9g1R9hFklEtINa2Q-Si_hEyS8mQSrdkXjxrBzYSQDufACug1j0cYGCJ6gAD6JXhgUPalul8GyGaXfyjbCYGlW173hsN-zqQQFLaL-1C1Rj6yzRj1WsciU1GyV6THW60q2r8KNFXURa0fhwZrzeta6tLmOqIF0zLyTldI6duy8iTWlJaxNcd_S9vxmdd6st7yVnbkIMhpBSkA-xbSo4ckNFwik6r3-he4qF_7F5-6c_ODSufRXfUu_S36jnk1sjIP16LQuNDS6ibJ1bzerZrWpJpOb3Gn_vCzl4ZrsBpQtIqXlyAH9Uvfvtf8OcsSH662vA3v-frCHaaDvAeiRe-Z7kKBVrfAd5dlby3cNjnI-dbH2WNvR5txdiHb18vYqz5H7ZjvKcuw-0e7wW9MQ2UmUt_8B6bsZIA=="
"pages/request-model-reference.adoc","technical","535","url","https://kroki.io/blockdiag/svg/eNrVWd1u4kYUvsZPceTetNLUARppo0StRDZBitSLSKRSpc0KGfuAp2vGrmfIz65y36fow_VJesYeG_wDZAUCwwXYZ87MfGfm_DMJI--Lz90ZfLPOzuDenSGcKfQCwT03TJ_GCf69QKmcQM1DuJtXWMZcU-SZ53ojTJ64h_dJ9MR9TMZ_jm7GIy_Auev8Fc_gxyGfLRKEft8B4r6ssAOxQ8b-k8YyQgUydgXMUSX8xQJIX8fP3FcB_ArnF1cFLUA-CxQRe_2U6OPUXYRqPI2Ekvwr6pHzdMSaJdEihq-YROPs8ZtleVEYJcRj_3DbHQ4HH-wry7Jt-Pk3sDXQezdRrzZ88rlmEpHAz7XhRzEYXd_dwkfaMXE9xcUM0gEHzPhDgOCtjMaaDFxJDKfOo-jVp9a_CYRUryEWMKxVgDkgvRCtU0W8njMHbwAXVA05TuiCk9cUOhFhSielAi4z_AS86zg9g9FMrP5WUV81w77HREaihJpB6E4w1FdD2_z3z7_25w1TK2IURIjTJ3CljDzuKvThmZMOVcUQ-VFn7KWfd8owmKFQjfqykbmCfDmQK8_AqMtzEAGdqCRZgEzD1YwbryRdarsirRGnYqJ1wd57QU0LVYQ2LFD4g4rocUrXxuGCNLwq2pfgLQKozwxf1OUf17_fvigUkkdCNqlT2zHrbVK3wQXtrLUUizH9Sk5bZLsh-JG3mNPiNQ_XRkm9iXd5d3MCV5IBfRTXev_mjR2482kFPuWYEAgBvHhdOpYcR2ymphB6a1ZcWdBxnJO5ULPfw2uMHyMfTxX3lsvO6ZodNL8D2Swd65UmRtPqdfuMDDdOUEqKnDrwkFXTRAPTrHiiV_2OaFae8B3n68ADObzvOlpFE_JkpLrFiZxvHvzhFPxjATYHse5eV5L4KgwdvgyQNI9f4xW3J_NtPaERhiEmG6qKtmPedrkZ89hwVwqgcuGDzbGwIRg2OcTV3Jgdvnq0TPU75YlURfnbKcrfSeh6X6j47Wg3tCyKh8MufTRdBm6spQkpo9OvRjjflQH6ROh0qMLulIpQdtBKk5VKSXaw6pDVyj92_BqPbSjiWNvqMqtjdTKNlEga4C_VUyuV3QQ0C8eDTZZ9g1R9hFklEtINa2Q-Si_hEyS8mQSrdkXjxrBzYSQDufACug1j0cYGCJ6gAD6JXhgUPalul8GyGaXfyjbCYGlW173hsN-zqQQFLaL-1C1Rj6yzRj1WsciU1GyV6THW60q2r8KNFXURa0fhwZrzeta6tLmOqIF0zLyTldI6duy8iTWlJaxNcd_S9vxmdd6st7yVnbkIMhpBSkA-xbSo4ckNFwik6r3-he4qF_7F5-6c_ODSufRXfUu_S36jnk1sjIP16LQuNDS6ibJ1bzerZrWpJpOb3Gn_vCzl4ZrsBpQtIqXlyAH9Uvfvtf8OcsSH662vA3v-frCHaaDvAeiRe-Z7kKBVrfAd5dlby3cNjnI-dbH2WNvR5txdiHb18vYqz5H7ZjvKcuw-0e7wW9MQ2UmUt_8B6bsZIA=="
"pages/request-model-reference.adoc","technical","537","url","https://niolesk.top/#https://kroki.io/blockdiag/svg/eNrVWd1u4kYUvsZPceTetNLUARppo0StRDZBitSLSKRSpc0KGfuAp2vGrmfIz65y36fow_VJesYeG_wDZAUCwwXYZ87MfGfm_DMJI--Lz90ZfLPOzuDenSGcKfQCwT03TJ_GCf69QKmcQM1DuJtXWMZcU-SZ53ojTJ64h_dJ9MR9TMZ_jm7GIy_Auev8Fc_gxyGfLRKEft8B4r6ssAOxQ8b-k8YyQgUydgXMUSX8xQJIX8fP3FcB_ArnF1cFLUA-CxQRe_2U6OPUXYRqPI2Ekvwr6pHzdMSaJdEihq-YROPs8ZtleVEYJcRj_3DbHQ4HH-wry7Jt-Pk3sDXQezdRrzZ88rlmEpHAz7XhRzEYXd_dwkfaMXE9xcUM0gEHzPhDgOCtjMaaDFxJDKfOo-jVp9a_CYRUryEWMKxVgDkgvRCtU0W8njMHbwAXVA05TuiCk9cUOhFhSielAi4z_AS86zg9g9FMrP5WUV81w77HREaihJpB6E4w1FdD2_z3z7_25w1TK2IURIjTJ3CljDzuKvThmZMOVcUQ-VFn7KWfd8owmKFQjfqykbmCfDmQK8_AqMtzEAGdqCRZgEzD1YwbryRdarsirRGnYqJ1wd57QU0LVYQ2LFD4g4rocUrXxuGCNLwq2pfgLQKozwxf1OUf17_fvigUkkdCNqlT2zHrbVK3wQXtrLUUizH9Sk5bZLsh-JG3mNPiNQ_XRkm9iXd5d3MCV5IBfRTXev_mjR2482kFPuWYEAgBvHhdOpYcR2ymphB6a1ZcWdBxnJO5ULPfw2uMHyMfTxX3lsvO6ZodNL8D2Swd65UmRtPqdfuMDDdOUEqKnDrwkFXTRAPTrHiiV_2OaFae8B3n68ADObzvOlpFE_JkpLrFiZxvHvzhFPxjATYHse5eV5L4KgwdvgyQNI9f4xW3J_NtPaERhiEmG6qKtmPedrkZ89hwVwqgcuGDzbGwIRg2OcTV3Jgdvnq0TPU75YlURfnbKcrfSeh6X6j47Wg3tCyKh8MufTRdBm6spQkpo9OvRjjflQH6ROh0qMLulIpQdtBKk5VKSXaw6pDVyj92_BqPbSjiWNvqMqtjdTKNlEga4C_VUyuV3QQ0C8eDTZZ9g1R9hFklEtINa2Q-Si_hEyS8mQSrdkXjxrBzYSQDufACug1j0cYGCJ6gAD6JXhgUPalul8GyGaXfyjbCYGlW173hsN-zqQQFLaL-1C1Rj6yzRj1WsciU1GyV6THW60q2r8KNFXURa0fhwZrzeta6tLmOqIF0zLyTldI6duy8iTWlJaxNcd_S9vxmdd6st7yVnbkIMhpBSkA-xbSo4ckNFwik6r3-he4qF_7F5-6c_ODSufRXfUu_S36jnk1sjIP16LQuNDS6ibJ1bzerZrWpJpOb3Gn_vCzl4ZrsBpQtIqXlyAH9Uvfvtf8OcsSH662vA3v-frCHaaDvAeiRe-Z7kKBVrfAd5dlby3cNjnI-dbH2WNvR5txdiHb18vYqz5H7ZjvKcuw-0e7wW9MQ2UmUt_8B6bsZIA=="
"pages/request-model-reference.adoc","technical","546","image-url","https://kroki.io/blockdiag/svg/eNq9U8GO0zAQPddfMTIXkEKahkq7tAKJXTbSShwqLZzQqnLiaWLWjYPtlHZXvfMVfBxfgp007basggQSPlj2m5k3ozczqVTZHRcshwcyHMKM5QhDi1lRiozJ5jXX-LVGY8PCLiVcL09c5sIjZpix7Ab1SmQ402olOOrwS5XD80TktUaI4xCcy-TE54XPeoMWTMVKWKLVYk0Amu_8m-C2gDcwPp_usQJFXlgHjuIG5LhgtbTzhSqtEffoLePGQnKt6gruUat5-3wgJFNSaedDn11FSfLujE4JoRRevgX6RHUzpu2GwmcufEypSgxAshSlZ4jC8Of3H_SW9ER6XlzbyaeLD1dri6URqjQ0cMnSbHL9vnvtgj9uKrxUHI8y_pH_hOBfy_XW9ht0mkiJ-tLpyzJ7UtpO44XQxu5FHtCn2He1mYJVvknOt-TIU7UOoOtzfBYFxm6kt3NmCuQBHBp2MUqSeERvp2QwgAOeSpbd0Ra0TutDQJJE7tBmGHanyy5FiUf4UdaWrLn-pnu_w52UPbqSwZZsSbcNrSJWOZk5mqCbclgxWSMI46b_3M_tXk63wktV8kdaRgHsdyWOnGp9A97bldePqcYN1f9Spb-yV00x21-IroX6"
"pages/request-model-reference.adoc","technical","546","url","https://kroki.io/blockdiag/svg/eNq9U8GO0zAQPddfMTIXkEKahkq7tAKJXTbSShwqLZzQqnLiaWLWjYPtlHZXvfMVfBxfgp007basggQSPlj2m5k3ozczqVTZHRcshwcyHMKM5QhDi1lRiozJ5jXX-LVGY8PCLiVcL09c5sIjZpix7Ab1SmQ402olOOrwS5XD80TktUaI4xCcy-TE54XPeoMWTMVKWKLVYk0Amu_8m-C2gDcwPp_usQJFXlgHjuIG5LhgtbTzhSqtEffoLePGQnKt6gruUat5-3wgJFNSaedDn11FSfLujE4JoRRevgX6RHUzpu2GwmcufEypSgxAshSlZ4jC8Of3H_SW9ER6XlzbyaeLD1dri6URqjQ0cMnSbHL9vnvtgj9uKrxUHI8y_pH_hOBfy_XW9ht0mkiJ-tLpyzJ7UtpO44XQxu5FHtCn2He1mYJVvknOt-TIU7UOoOtzfBYFxm6kt3NmCuQBHBp2MUqSeERvp2QwgAOeSpbd0Ra0TutDQJJE7tBmGHanyy5FiUf4UdaWrLn-pnu_w52UPbqSwZZsSbcNrSJWOZk5mqCbclgxWSMI46b_3M_tXk63wktV8kdaRgHsdyWOnGp9A97bldePqcYN1f9Spb-yV00x21-IroX6"
"pages/request-model-reference.adoc","technical","548","url","https://niolesk.top/#https://kroki.io/blockdiag/svg/eNq9U8GO0zAQPddfMTIXkEKahkq7tAKJXTbSShwqLZzQqnLiaWLWjYPtlHZXvfMVfBxfgp007basggQSPlj2m5k3ozczqVTZHRcshwcyHMKM5QhDi1lRiozJ5jXX-LVGY8PCLiVcL09c5sIjZpix7Ab1SmQ402olOOrwS5XD80TktUaI4xCcy-TE54XPeoMWTMVKWKLVYk0Amu_8m-C2gDcwPp_usQJFXlgHjuIG5LhgtbTzhSqtEffoLePGQnKt6gruUat5-3wgJFNSaedDn11FSfLujE4JoRRevgX6RHUzpu2GwmcufEypSgxAshSlZ4jC8Of3H_SW9ER6XlzbyaeLD1dri6URqjQ0cMnSbHL9vnvtgj9uKrxUHI8y_pH_hOBfy_XW9ht0mkiJ-tLpyzJ7UtpO44XQxu5FHtCn2He1mYJVvknOt-TIU7UOoOtzfBYFxm6kt3NmCuQBHBp2MUqSeERvp2QwgAOeSpbd0Ra0TutDQJJE7tBmGHanyy5FiUf4UdaWrLn-pnu_w52UPbqSwZZsSbcNrSJWOZk5mqCbclgxWSMI46b_3M_tXk63wktV8kdaRgHsdyWOnGp9A97bldePqcYN1f9Spb-yV00x21-IroX6"
"pages/request-model-reference.adoc","technical","551","image-url","https://kroki.io/blockdiag/svg/eNrVVNtO3DAQfV5_xSh9ASlkL4UWQalEgZVWoi0Cqj5QFHnj2cTFa6e2Q3dBvPcr-nH9ktrJJnsBqpa-tHlYrc94LmdmfIZCJVeM0xRuSbsNJzRFaFtMMskTKsp_scYvBRobZXYsYDBeuRJzj5h2QpMz1Nc8wTjX6poz1PEJ1XYao8AxSmuiz3kKa32eFhqh9zwC57Iz8zmZufgwO6Ub1G6AkxwTiwxGSoPNEEzlA3WedV_6GVowOZUwRqv5hACUx_grZzaDPdjc3m2wDHmaWQd2eyXIcEQLYeORcvn4DXrLZmkhqVZFDjeoVVz9vSUkUcJVsgfBs6NOv7__MtglJAhg4zUETfnVMYqiIHToMNl5S_XVAdU4kMz1zSq9aNi31lHlSt6zfsSh4RY_nA5q5Fil6hRHqFEmODis4SPJcsWlnSMuVmGsnh4Iagwf-bguw4FiGMAF456BVBIvyWrVzXHAfFW1Zxm3Nr2j4-UwIQg6ROHb0omiH9--Bw8HPqYyLdzGNNGUsVTsM6bRmAbMpsZv17Gapf7Ngs_p5CzJ8AmluUlBQMgDJcGrDQjW3ksxLZcvUYV0TQW-1JtPMnF9BT7f1nVXgrFT4ZeJUZMhu9wl5NHeVjz81A5XyJLVptc3743A3a12dMS1sc2-toIHEp5Pc-9sMpr7Ct1VyZAN1SSE-sX0up1wmUEI89V_0-33e93AkWq1YI4PBU2uggq0OLFzh36_476gfFazr84uuMQlfClrFaz8qTtEWnekNSNrMFGSrbL1zfmPOZaz9Szvam2rKrbKTZqhCWvNgmsqinLxur1tr0INXafqY9eYBa6dEBrl63Ucq1qfyuWHi0YqS9sTV36WXSqLC6m3FnO_cIeafvU-7ymqL2D-Qv9FCQ3_QCfDv5G-8BF9--Vab_kR3v0EwtZ-KQ=="
"pages/request-model-reference.adoc","technical","551","url","https://kroki.io/blockdiag/svg/eNrVVNtO3DAQfV5_xSh9ASlkL4UWQalEgZVWoi0Cqj5QFHnj2cTFa6e2Q3dBvPcr-nH9ktrJJnsBqpa-tHlYrc94LmdmfIZCJVeM0xRuSbsNJzRFaFtMMskTKsp_scYvBRobZXYsYDBeuRJzj5h2QpMz1Nc8wTjX6poz1PEJ1XYao8AxSmuiz3kKa32eFhqh9zwC57Iz8zmZufgwO6Ub1G6AkxwTiwxGSoPNEEzlA3WedV_6GVowOZUwRqv5hACUx_grZzaDPdjc3m2wDHmaWQd2eyXIcEQLYeORcvn4DXrLZmkhqVZFDjeoVVz9vSUkUcJVsgfBs6NOv7__MtglJAhg4zUETfnVMYqiIHToMNl5S_XVAdU4kMz1zSq9aNi31lHlSt6zfsSh4RY_nA5q5Fil6hRHqFEmODis4SPJcsWlnSMuVmGsnh4Iagwf-bguw4FiGMAF456BVBIvyWrVzXHAfFW1Zxm3Nr2j4-UwIQg6ROHb0omiH9--Bw8HPqYyLdzGNNGUsVTsM6bRmAbMpsZv17Gapf7Ngs_p5CzJ8AmluUlBQMgDJcGrDQjW3ksxLZcvUYV0TQW-1JtPMnF9BT7f1nVXgrFT4ZeJUZMhu9wl5NHeVjz81A5XyJLVptc3743A3a12dMS1sc2-toIHEp5Pc-9sMpr7Ct1VyZAN1SSE-sX0up1wmUEI89V_0-33e93AkWq1YI4PBU2uggq0OLFzh36_476gfFazr84uuMQlfClrFaz8qTtEWnekNSNrMFGSrbL1zfmPOZaz9Szvam2rKrbKTZqhCWvNgmsqinLxur1tr0INXafqY9eYBa6dEBrl63Ucq1qfyuWHi0YqS9sTV36WXSqLC6m3FnO_cIeafvU-7ymqL2D-Qv9FCQ3_QCfDv5G-8BF9--Vab_kR3v0EwtZ-KQ=="
"pages/request-model-reference.adoc","technical","553","url","https://niolesk.top/#https://kroki.io/blockdiag/svg/eNrVVNtO3DAQfV5_xSh9ASlkL4UWQalEgZVWoi0Cqj5QFHnj2cTFa6e2Q3dBvPcr-nH9ktrJJnsBqpa-tHlYrc94LmdmfIZCJVeM0xRuSbsNJzRFaFtMMskTKsp_scYvBRobZXYsYDBeuRJzj5h2QpMz1Nc8wTjX6poz1PEJ1XYao8AxSmuiz3kKa32eFhqh9zwC57Iz8zmZufgwO6Ub1G6AkxwTiwxGSoPNEEzlA3WedV_6GVowOZUwRqv5hACUx_grZzaDPdjc3m2wDHmaWQd2eyXIcEQLYeORcvn4DXrLZmkhqVZFDjeoVVz9vSUkUcJVsgfBs6NOv7__MtglJAhg4zUETfnVMYqiIHToMNl5S_XVAdU4kMz1zSq9aNi31lHlSt6zfsSh4RY_nA5q5Fil6hRHqFEmODis4SPJcsWlnSMuVmGsnh4Iagwf-bguw4FiGMAF456BVBIvyWrVzXHAfFW1Zxm3Nr2j4-UwIQg6ROHb0omiH9--Bw8HPqYyLdzGNNGUsVTsM6bRmAbMpsZv17Gapf7Ngs_p5CzJ8AmluUlBQMgDJcGrDQjW3ksxLZcvUYV0TQW-1JtPMnF9BT7f1nVXgrFT4ZeJUZMhu9wl5NHeVjz81A5XyJLVptc3743A3a12dMS1sc2-toIHEp5Pc-9sMpr7Ct1VyZAN1SSE-sX0up1wmUEI89V_0-33e93AkWq1YI4PBU2uggq0OLFzh36_476gfFazr84uuMQlfClrFaz8qTtEWnekNSNrMFGSrbL1zfmPOZaz9Szvam2rKrbKTZqhCWvNgmsqinLxur1tr0INXafqY9eYBa6dEBrl63Ucq1qfyuWHi0YqS9sTV36WXSqLC6m3FnO_cIeafvU-7ymqL2D-Qv9FCQ3_QCfDv5G-8BF9--Vab_kR3v0EwtZ-KQ=="
"pages/request-model-reference.adoc","technical","567","url","https://docs.oasis-open.org/ubl/os-UBL-2.4/xsdrt/common/UBL-CommonAggregateComponents-2.4.xsd"
"pages/request-model-reference.adoc","technical","623","url","http://publications.europa.eu/resource/authority/country"""
"pages/request-model-reference.adoc","technical","628","url","http://www.minhafp.gob.es/es-ES/Areas%20Tematicas/Patrimonio%20del%20Estado/Contratacion%20del%20Sector%20Publico/Paginas/ROLECE.aspx</cbc:WebsiteURI>"
"pages/request-model-reference.adoc","technical","629","url","http://www.minhafp.gob.es/ESPD/endpoint</cbc:EndpointID>"
"pages/request-model-reference.adoc","technical","640","url","http://publications.europa.eu/resource/authority/country"""
"pages/response-model-reference.adoc","technical","25","url","https://docs.oasis-open.org/ubl/os-UBL-2.4/xsdrt/maindoc/UBL-QualificationApplicationResponse-2.4.xsd"
"pages/response-model-reference.adoc","technical","144","url","https://github.com/OP-TED/espd-validation-schematron/blob/v5.0.0/common/xml/ESPD-Response-BASE.xml#L2-L20"
"pages/response-model-reference.adoc","technical","146","url","https://github.com/OP-TED/espd-validation-schematron/blob/v5.0.0/common/xml/ESPD-Response-BASE.xml"
"pages/response-model-reference.adoc","technical","154","url","https://ted.europa.eu/TED/"
"pages/response-model-reference.adoc","technical","166","image-url","https://kroki.io/blockdiag/svg/eNrtVdtu1DAQfV5_xSi8gBR2t6WoN4FEya60UiVWvQkJVZE3niSmjh1sB3Zb9Z2v4OP4Euxks5cCBaqFJ_IQOWdmjmfsM5OJUMkV4zSDG9LrwZhmCD2LSS55QkW9ijWaUkmD3dwWAkbFHZ-Ye8T0TjBFjTLBeHA6juIT_FChsd33ZQaPhzyrNMLW_vMuDAQWKK0BnJaYWGRgFeg2GGyO4AlgTgCpVsUq2iTzxKd7ihZMSSUUaDWfEoD6M_7Emc3hBezsHS6wHHmWWwdubdcgw5RWwsapcrnwa_SWndpCMq2qEq5Rq7hZ3hCSKKG08wkeDXYH_eFWcEhIEMDTlxAkNDl4xRi3XEkqIpVUvr7FcQTwjnEfKpXEEASdoPBE_W736-cvwSX5NUG9yyQ5GEVrZH8S-lqVs5Fk7sas0kHYgOfnjnG-HhlTYUQtrgFnvFgALfvZrMTXiv0Qf3B-b8fU5hs8qmMqs8rpclngsXJqXUv8ArVxPEuXlu_UUluZ2vWh9bSmCE2ieen9N1Wdd7KWJrk31qk75IIK7gJnY9RcsRat71CPqbazFnIN5GT_JnXF89TL4W5ml2TeACnXxi46oBN8l8_8wk1OS98-zlEyZBM1DaHtwO3dfmjsTHg7oyZHFsKylaKj6NngKLg8JJ0OLPGJoMlV0IAWp3YZMBz23RPUbTp_2t0Fl7iGr-3akNWvtpPCf9sY4arOw82KNPy55sK_IxjSuSW3pJ3BzW27MS5dNiZsZyt8pKJC4MbN3D0_LRdScX-cQkm2opN-CIsJvd13iviNsXqv8PZXGXcaxv8Xv4FJce-p1wd9-w0N3LqA"
"pages/response-model-reference.adoc","technical","166","url","https://kroki.io/blockdiag/svg/eNrtVdtu1DAQfV5_xSi8gBR2t6WoN4FEya60UiVWvQkJVZE3niSmjh1sB3Zb9Z2v4OP4Euxks5cCBaqFJ_IQOWdmjmfsM5OJUMkV4zSDG9LrwZhmCD2LSS55QkW9ijWaUkmD3dwWAkbFHZ-Ye8T0TjBFjTLBeHA6juIT_FChsd33ZQaPhzyrNMLW_vMuDAQWKK0BnJaYWGRgFeg2GGyO4AlgTgCpVsUq2iTzxKd7ihZMSSUUaDWfEoD6M_7Emc3hBezsHS6wHHmWWwdubdcgw5RWwsapcrnwa_SWndpCMq2qEq5Rq7hZ3hCSKKG08wkeDXYH_eFWcEhIEMDTlxAkNDl4xRi3XEkqIpVUvr7FcQTwjnEfKpXEEASdoPBE_W736-cvwSX5NUG9yyQ5GEVrZH8S-lqVs5Fk7sas0kHYgOfnjnG-HhlTYUQtrgFnvFgALfvZrMTXiv0Qf3B-b8fU5hs8qmMqs8rpclngsXJqXUv8ArVxPEuXlu_UUluZ2vWh9bSmCE2ieen9N1Wdd7KWJrk31qk75IIK7gJnY9RcsRat71CPqbazFnIN5GT_JnXF89TL4W5ml2TeACnXxi46oBN8l8_8wk1OS98-zlEyZBM1DaHtwO3dfmjsTHg7oyZHFsKylaKj6NngKLg8JJ0OLPGJoMlV0IAWp3YZMBz23RPUbTp_2t0Fl7iGr-3akNWvtpPCf9sY4arOw82KNPy55sK_IxjSuSW3pJ3BzW27MS5dNiZsZyt8pKJC4MbN3D0_LRdScX-cQkm2opN-CIsJvd13iviNsXqv8PZXGXcaxv8Xv4FJce-p1wd9-w0N3LqA"
"pages/response-model-reference.adoc","technical","168","url","https://niolesk.top/#https://kroki.io/blockdiag/svg/eNrtVdtu1DAQfV5_xSi8gBR2t6WoN4FEya60UiVWvQkJVZE3niSmjh1sB3Zb9Z2v4OP4Euxks5cCBaqFJ_IQOWdmjmfsM5OJUMkV4zSDG9LrwZhmCD2LSS55QkW9ijWaUkmD3dwWAkbFHZ-Ye8T0TjBFjTLBeHA6juIT_FChsd33ZQaPhzyrNMLW_vMuDAQWKK0BnJaYWGRgFeg2GGyO4AlgTgCpVsUq2iTzxKd7ihZMSSUUaDWfEoD6M_7Emc3hBezsHS6wHHmWWwdubdcgw5RWwsapcrnwa_SWndpCMq2qEq5Rq7hZ3hCSKKG08wkeDXYH_eFWcEhIEMDTlxAkNDl4xRi3XEkqIpVUvr7FcQTwjnEfKpXEEASdoPBE_W736-cvwSX5NUG9yyQ5GEVrZH8S-lqVs5Fk7sas0kHYgOfnjnG-HhlTYUQtrgFnvFgALfvZrMTXiv0Qf3B-b8fU5hs8qmMqs8rpclngsXJqXUv8ArVxPEuXlu_UUluZ2vWh9bSmCE2ieen9N1Wdd7KWJrk31qk75IIK7gJnY9RcsRat71CPqbazFnIN5GT_JnXF89TL4W5ml2TeACnXxi46oBN8l8_8wk1OS98-zlEyZBM1DaHtwO3dfmjsTHg7oyZHFsKylaKj6NngKLg8JJ0OLPGJoMlV0IAWp3YZMBz23RPUbTp_2t0Fl7iGr-3akNWvtpPCf9sY4arOw82KNPy55sK_IxjSuSW3pJ3BzW27MS5dNiZsZyt8pKJC4MbN3D0_LRdScX-cQkm2opN-CIsJvd13iviNsXqv8PZXGXcaxv8Xv4FJce-p1wd9-w0N3LqA"
"pages/response-model-reference.adoc","technical","175","image-url","https://kroki.io/blockdiag/svg/eNrdVV9v0zAQf04-xSm8gBTSP1RsbAJpW1Oxh6FpG09oilz7mpg5dnBcaDf1nU_Bh-OTYLdN0q4dHYiXEamp_bvzne_ud7mhUPSGcZLCnd9qwTlJEVoGaSY5JWK-SjSWhZIlRpnJBZzm93QS7pCy9fHiNLnAEWqUFJP48rxvt1_GWJroc5HC8wFPxxqh8-Z1BFYX1AhMhuAUYan4wt3hEg2UBZGQo9F84gPMt8k3zkwGb6G3f1hjGfI0MxbsdOcgwxEZC5OMlDQlv0Un6c0lfqrVuIBb1CpZLO98nyqhtNUJnsV7cXvQCQ59Pwjg5TsIKKEHR4xxw5Ukoq_oOEdp6vgC-MS4OyqVxBAEGaJwhtpR9PP7j-Da322g9mIMoZkTrhmtTKxI5yeG9CDOh8gYssroMZdET6Mo-lsDjzpnsXhiUNtotqdheXCLUuXXlj0IF8vK9XtSZhXm1kciVZqbLD9DkylWieJJwfW0TwyuI1c8r5Ezuz5RrN4PlM6JWUViSRXjMl3FTjKiCbVXtrxbO80FfiD5n4bYx5JqXriq7-TIkpMjrktTk9KrSTkUhN5YSnoGJ6ah6mDQto_Dy4wUjuKCS3RbMxVuy2wakVnA8yzvvfvV9D3fWzgrkSrJGs9e0KhdTQsXeuXCqkhLmKGahFA1YmevHa77DKG5Zv-4_yo-Dq6X99iMyqEPReZk96KbQ9sjdO8djRE-QPzwIWL71uwiMSbjejVJXrCh_SSStZKnJ9mH4WaD-S4imNk_-5v5s2p8LJJulO08hmVYjQX4SsQYgZd2XOy7D31dMTsBc9sKTbm67RDq4dJt28I8YiL8rv7dvcZI04vhP-dt-H9VeEdSey6ps18Ggck0"
"pages/response-model-reference.adoc","technical","175","url","https://kroki.io/blockdiag/svg/eNrdVV9v0zAQf04-xSm8gBTSP1RsbAJpW1Oxh6FpG09oilz7mpg5dnBcaDf1nU_Bh-OTYLdN0q4dHYiXEamp_bvzne_ud7mhUPSGcZLCnd9qwTlJEVoGaSY5JWK-SjSWhZIlRpnJBZzm93QS7pCy9fHiNLnAEWqUFJP48rxvt1_GWJroc5HC8wFPxxqh8-Z1BFYX1AhMhuAUYan4wt3hEg2UBZGQo9F84gPMt8k3zkwGb6G3f1hjGfI0MxbsdOcgwxEZC5OMlDQlv0Un6c0lfqrVuIBb1CpZLO98nyqhtNUJnsV7cXvQCQ59Pwjg5TsIKKEHR4xxw5Ukoq_oOEdp6vgC-MS4OyqVxBAEGaJwhtpR9PP7j-Da322g9mIMoZkTrhmtTKxI5yeG9CDOh8gYssroMZdET6Mo-lsDjzpnsXhiUNtotqdheXCLUuXXlj0IF8vK9XtSZhXm1kciVZqbLD9DkylWieJJwfW0TwyuI1c8r5Ezuz5RrN4PlM6JWUViSRXjMl3FTjKiCbVXtrxbO80FfiD5n4bYx5JqXriq7-TIkpMjrktTk9KrSTkUhN5YSnoGJ6ah6mDQto_Dy4wUjuKCS3RbMxVuy2wakVnA8yzvvfvV9D3fWzgrkSrJGs9e0KhdTQsXeuXCqkhLmKGahFA1YmevHa77DKG5Zv-4_yo-Dq6X99iMyqEPReZk96KbQ9sjdO8djRE-QPzwIWL71uwiMSbjejVJXrCh_SSStZKnJ9mH4WaD-S4imNk_-5v5s2p8LJJulO08hmVYjQX4SsQYgZd2XOy7D31dMTsBc9sKTbm67RDq4dJt28I8YiL8rv7dvcZI04vhP-dt-H9VeEdSey6ps18Ggck0"
"pages/response-model-reference.adoc","technical","177","url","https://niolesk.top/#https://kroki.io/blockdiag/svg/eNrdVV9v0zAQf04-xSm8gBTSP1RsbAJpW1Oxh6FpG09oilz7mpg5dnBcaDf1nU_Bh-OTYLdN0q4dHYiXEamp_bvzne_ud7mhUPSGcZLCnd9qwTlJEVoGaSY5JWK-SjSWhZIlRpnJBZzm93QS7pCy9fHiNLnAEWqUFJP48rxvt1_GWJroc5HC8wFPxxqh8-Z1BFYX1AhMhuAUYan4wt3hEg2UBZGQo9F84gPMt8k3zkwGb6G3f1hjGfI0MxbsdOcgwxEZC5OMlDQlv0Un6c0lfqrVuIBb1CpZLO98nyqhtNUJnsV7cXvQCQ59Pwjg5TsIKKEHR4xxw5Ukoq_oOEdp6vgC-MS4OyqVxBAEGaJwhtpR9PP7j-Da322g9mIMoZkTrhmtTKxI5yeG9CDOh8gYssroMZdET6Mo-lsDjzpnsXhiUNtotqdheXCLUuXXlj0IF8vK9XtSZhXm1kciVZqbLD9DkylWieJJwfW0TwyuI1c8r5Ezuz5RrN4PlM6JWUViSRXjMl3FTjKiCbVXtrxbO80FfiD5n4bYx5JqXriq7-TIkpMjrktTk9KrSTkUhN5YSnoGJ6ah6mDQto_Dy4wUjuKCS3RbMxVuy2wakVnA8yzvvfvV9D3fWzgrkSrJGs9e0KhdTQsXeuXCqkhLmKGahFA1YmevHa77DKG5Zv-4_yo-Dq6X99iMyqEPReZk96KbQ9sjdO8djRE-QPzwIWL71uwiMSbjejVJXrCh_SSStZKnJ9mH4WaD-S4imNk_-5v5s2p8LJJulO08hmVYjQX4SsQYgZd2XOy7D31dMTsBc9sKTbm67RDq4dJt28I8YiL8rv7dvcZI04vhP-dt-H9VeEdSey6ps18Ggck0"
"pages/response-model-reference.adoc","technical","196","url","https://docs.oasis-open.org/ubl/os-UBL-2.4/xsdrt/common/UBL-CommonAggregateComponents-2.4.xsd"
"pages/response-model-reference.adoc","technical","242","url","https://docs.oasis-open.org/ubl/os-UBL-2.4/xsdrt/common/UBL-CommonAggregateComponents-2.4.xsd"
"pages/response-model-reference.adoc","technical","333","image-url","https://kroki.io/blockdiag/svg/eNq1Ut1q2zAYvY6e4kO72UB1nC6QrmG7CHFgMFi7bjAYwcj2F1urIhlJTpOW3O8p9nB7ksl23PQnXXszXRjpnO_P53yJ1OllJngON6TfhzOeI_QdpoUSKZfNLTZoS60sBoVbSvi4fBATixqx_SjVSi9FGn8u0XCnTaxXaFYCr4KfZQ6vZyKvDMLg3SiAlKenXXwXfsaN28D3iymDXOqES6hz39RjXaADW3IFS3RGrAlA84yvROYKeA_Dk_EtVqDIC-fBwXEDZrjglXTxQitnxTXWzLBhSG50VcI1Gh231xtCUi218TH0VTSKwtmAjgmhT45L4egDUFy702-TT9HaobLCS0XhRybqKkornD-bX9PnFZdisREq3xF3KjCQPEFZTxUGwZ9fv-nLaj6kv2iJlLXc4y5zshNkIYx1t4r06MEuXzcl-nRb8LKW1AerDLNErxl0rhyPQmbdRtZ8xm2BGYO9vNPJ9G00ofMx6fVgjyeSp5e0BZ0Xdp8wm4X-0Ma63em6S6HwHn6va1us-Rywih3Wn71UQtLbkm23pO2vO-0FzdCybvlgxWWFIKxfypN_Wcf-x4TPuDQMvQfbv9qbUVE="
"pages/response-model-reference.adoc","technical","333","url","https://kroki.io/blockdiag/svg/eNq1Ut1q2zAYvY6e4kO72UB1nC6QrmG7CHFgMFi7bjAYwcj2F1urIhlJTpOW3O8p9nB7ksl23PQnXXszXRjpnO_P53yJ1OllJngON6TfhzOeI_QdpoUSKZfNLTZoS60sBoVbSvi4fBATixqx_SjVSi9FGn8u0XCnTaxXaFYCr4KfZQ6vZyKvDMLg3SiAlKenXXwXfsaN28D3iymDXOqES6hz39RjXaADW3IFS3RGrAlA84yvROYKeA_Dk_EtVqDIC-fBwXEDZrjglXTxQitnxTXWzLBhSG50VcI1Gh231xtCUi218TH0VTSKwtmAjgmhT45L4egDUFy702-TT9HaobLCS0XhRybqKkornD-bX9PnFZdisREq3xF3KjCQPEFZTxUGwZ9fv-nLaj6kv2iJlLXc4y5zshNkIYx1t4r06MEuXzcl-nRb8LKW1AerDLNErxl0rhyPQmbdRtZ8xm2BGYO9vNPJ9G00ofMx6fVgjyeSp5e0BZ0Xdp8wm4X-0Ma63em6S6HwHn6va1us-Rywih3Wn71UQtLbkm23pO2vO-0FzdCybvlgxWWFIKxfypN_Wcf-x4TPuDQMvQfbv9qbUVE="
"pages/response-model-reference.adoc","technical","335","url","https://niolesk.top/#https://kroki.io/blockdiag/svg/eNq1Ut1q2zAYvY6e4kO72UB1nC6QrmG7CHFgMFi7bjAYwcj2F1urIhlJTpOW3O8p9nB7ksl23PQnXXszXRjpnO_P53yJ1OllJngON6TfhzOeI_QdpoUSKZfNLTZoS60sBoVbSvi4fBATixqx_SjVSi9FGn8u0XCnTaxXaFYCr4KfZQ6vZyKvDMLg3SiAlKenXXwXfsaN28D3iymDXOqES6hz39RjXaADW3IFS3RGrAlA84yvROYKeA_Dk_EtVqDIC-fBwXEDZrjglXTxQitnxTXWzLBhSG50VcI1Gh231xtCUi218TH0VTSKwtmAjgmhT45L4egDUFy702-TT9HaobLCS0XhRybqKkornD-bX9PnFZdisREq3xF3KjCQPEFZTxUGwZ9fv-nLaj6kv2iJlLXc4y5zshNkIYx1t4r06MEuXzcl-nRb8LKW1AerDLNErxl0rhyPQmbdRtZ8xm2BGYO9vNPJ9G00ofMx6fVgjyeSp5e0BZ0Xdp8wm4X-0Ma63em6S6HwHn6va1us-Rywih3Wn71UQtLbkm23pO2vO-0FzdCybvlgxWWFIKxfypN_Wcf-x4TPuDQMvQfbv9qbUVE="
"pages/response-model-reference.adoc","technical","361","image-url","https://kroki.io/blockdiag/svg/eNrtVl1r2zAUfY5_xUV72UDLR1to17I95AsKg2VLBxujBEW-sbXKkpHkLmnJ-37Fftx-yWS7TtbMSQOj0MH8EJJ7r46ujs_RzVRqfhUKFsFt0GrBiEUILYc8VoIzWXybGLSpVhabsUsknCcbNRORR2zrfcakmC2EiiYjZtyi-TWN4PlQRJlB6Lw6aQJn_HRdVRQBSkxQOQqfxv0XeQtjdGBTpiBBZ8Q8ACh-Tr6J0MXwGo5OzlaxGEUUOx_sHBTBEGcsk24y08pZcYN55ugsCCKjsxRu0OhJ-fU2CLiW2vgC8mxwPGgPO8TXEQIv3wDJ-xxwrXQi-LsUDXPaFN0S-BKKfJHSCilINkWZQ7SbzZ_ff5BLj7BjbQ6Nc3f6sft2MHeorPCswj3MywcB6jh8sK19QDfTH7REILRM1uxTHfbPZmrPWSBNSyTBRcqcj47QcP_yyS6kYhEaqxWTY-GyYuF-J94OWB7SJz4jM9bXKSc8GXc9DpJU6gXiZrybWaHQ2p5k1oqZV3_ey-BahKg4yv5m3bmP5-urivNVxQWqEA0WJPd0iBXP9TuMeexNspslloPeWbLHUjYVsurcp4ZCMcVFXaqn_WnRYXjB7FUV7COXzPw91ZV0Ktw6kZHKnzNhrFsZtEFqBXuxSNG3ZGOW5vb2xZ7JcKrnFKob4uCwTa1byDwfMhtjSGHt9n63fzjoksuzoNGAdXwqGb8iZdB59a4XDIdt_5Digrl7qt2lf1n34vd2LcGKjzrf0y1mpvv7MQgaJV0WfXW45q5BNmD3oK1z_FRo20LZziuEbrsp6D_sePqoxqZ7G9S_DlgGjWWwrCZ0KRqn_a0QoqXV5IVrJjMEYf1EPsnH6Upx_j9G4iX6m0vbFFbz-6DthbVjStHHchDdprNtXGyS9l-lT0WlDwyF41xiwfIXI6ylRg=="
"pages/response-model-reference.adoc","technical","361","url","https://kroki.io/blockdiag/svg/eNrtVl1r2zAUfY5_xUV72UDLR1to17I95AsKg2VLBxujBEW-sbXKkpHkLmnJ-37Fftx-yWS7TtbMSQOj0MH8EJJ7r46ujs_RzVRqfhUKFsFt0GrBiEUILYc8VoIzWXybGLSpVhabsUsknCcbNRORR2zrfcakmC2EiiYjZtyi-TWN4PlQRJlB6Lw6aQJn_HRdVRQBSkxQOQqfxv0XeQtjdGBTpiBBZ8Q8ACh-Tr6J0MXwGo5OzlaxGEUUOx_sHBTBEGcsk24y08pZcYN55ugsCCKjsxRu0OhJ-fU2CLiW2vgC8mxwPGgPO8TXEQIv3wDJ-xxwrXQi-LsUDXPaFN0S-BKKfJHSCilINkWZQ7SbzZ_ff5BLj7BjbQ6Nc3f6sft2MHeorPCswj3MywcB6jh8sK19QDfTH7REILRM1uxTHfbPZmrPWSBNSyTBRcqcj47QcP_yyS6kYhEaqxWTY-GyYuF-J94OWB7SJz4jM9bXKSc8GXc9DpJU6gXiZrybWaHQ2p5k1oqZV3_ey-BahKg4yv5m3bmP5-urivNVxQWqEA0WJPd0iBXP9TuMeexNspslloPeWbLHUjYVsurcp4ZCMcVFXaqn_WnRYXjB7FUV7COXzPw91ZV0Ktw6kZHKnzNhrFsZtEFqBXuxSNG3ZGOW5vb2xZ7JcKrnFKob4uCwTa1byDwfMhtjSGHt9n63fzjoksuzoNGAdXwqGb8iZdB59a4XDIdt_5Digrl7qt2lf1n34vd2LcGKjzrf0y1mpvv7MQgaJV0WfXW45q5BNmD3oK1z_FRo20LZziuEbrsp6D_sePqoxqZ7G9S_DlgGjWWwrCZ0KRqn_a0QoqXV5IVrJjMEYf1EPsnH6Upx_j9G4iX6m0vbFFbz-6DthbVjStHHchDdprNtXGyS9l-lT0WlDwyF41xiwfIXI6ylRg=="
"pages/response-model-reference.adoc","technical","363","url","https://niolesk.top/#https://kroki.io/blockdiag/svg/eNrtVl1r2zAUfY5_xUV72UDLR1to17I95AsKg2VLBxujBEW-sbXKkpHkLmnJ-37Fftx-yWS7TtbMSQOj0MH8EJJ7r46ujs_RzVRqfhUKFsFt0GrBiEUILYc8VoIzWXybGLSpVhabsUsknCcbNRORR2zrfcakmC2EiiYjZtyi-TWN4PlQRJlB6Lw6aQJn_HRdVRQBSkxQOQqfxv0XeQtjdGBTpiBBZ8Q8ACh-Tr6J0MXwGo5OzlaxGEUUOx_sHBTBEGcsk24y08pZcYN55ugsCCKjsxRu0OhJ-fU2CLiW2vgC8mxwPGgPO8TXEQIv3wDJ-xxwrXQi-LsUDXPaFN0S-BKKfJHSCilINkWZQ7SbzZ_ff5BLj7BjbQ6Nc3f6sft2MHeorPCswj3MywcB6jh8sK19QDfTH7REILRM1uxTHfbPZmrPWSBNSyTBRcqcj47QcP_yyS6kYhEaqxWTY-GyYuF-J94OWB7SJz4jM9bXKSc8GXc9DpJU6gXiZrybWaHQ2p5k1oqZV3_ey-BahKg4yv5m3bmP5-urivNVxQWqEA0WJPd0iBXP9TuMeexNspslloPeWbLHUjYVsurcp4ZCMcVFXaqn_WnRYXjB7FUV7COXzPw91ZV0Ktw6kZHKnzNhrFsZtEFqBXuxSNG3ZGOW5vb2xZ7JcKrnFKob4uCwTa1byDwfMhtjSGHt9n63fzjoksuzoNGAdXwqGb8iZdB59a4XDIdt_5Digrl7qt2lf1n34vd2LcGKjzrf0y1mpvv7MQgaJV0WfXW45q5BNmD3oK1z_FRo20LZziuEbrsp6D_sePqoxqZ7G9S_DlgGjWWwrCZ0KRqn_a0QoqXV5IVrJjMEYf1EPsnH6Upx_j9G4iX6m0vbFFbz-6DthbVjStHHchDdprNtXGyS9l-lT0WlDwyF41xiwfIXI6ylRg=="
"pages/response-model-reference.adoc","technical","372","image-url","https://kroki.io/blockdiag/svg/eNqlksFqGzEQhs_WUwzqpYX1ep0akti0B9drKBQamvZUzKKVxrtqZGmR5NZJ8L1PkYfLk0Rae2NcQhKoDov2n9E_o09TKsOvhGQV3JLBAC5YhTDwyGstOVPtrrDoGqMdprVfKfi8-ienkFFxAzR9axT2_XWD6a-mgrdzWa0twvD8PIVvIQRmCb5GQG60WUkOpkHLvLHvYu1L9OAapmGF3soNAWh_iz9S-Bo-wOhs8qjVKKvaB3F40ooCl2ytfLE02jt5gzEyaiOksmbdwA1aU-y2t4Rwo4wNOfRNfppn8yGdEEI54-N839nXfWOxawr9j0Bx48c_pl_yjUftZMBBE6C85OOY8smIkPZTyGiqjcbFS3bdyRk6bmXjg-ORQQKKlahij1ma3v-9owuyv8pSWucf79KjTxX5Ht4g-LmaNZFFyNUCRWk2CXQ4T06zxPlrFeOCuRpFAgcus-nsfT6liwnp9eCgl4rxK7oTfUByODCfZ2HRlvl-ddWV1HikH1XdmbWfV0BOnkZHeluy7YZod0NvAkiBLumGA34ztUaQLgzN2TPvk_xHHy8gH2UB6PYBv3UalA=="
"pages/response-model-reference.adoc","technical","372","url","https://kroki.io/blockdiag/svg/eNqlksFqGzEQhs_WUwzqpYX1ep0akti0B9drKBQamvZUzKKVxrtqZGmR5NZJ8L1PkYfLk0Rae2NcQhKoDov2n9E_o09TKsOvhGQV3JLBAC5YhTDwyGstOVPtrrDoGqMdprVfKfi8-ienkFFxAzR9axT2_XWD6a-mgrdzWa0twvD8PIVvIQRmCb5GQG60WUkOpkHLvLHvYu1L9OAapmGF3soNAWh_iz9S-Bo-wOhs8qjVKKvaB3F40ooCl2ytfLE02jt5gzEyaiOksmbdwA1aU-y2t4Rwo4wNOfRNfppn8yGdEEI54-N839nXfWOxawr9j0Bx48c_pl_yjUftZMBBE6C85OOY8smIkPZTyGiqjcbFS3bdyRk6bmXjg-ORQQKKlahij1ma3v-9owuyv8pSWucf79KjTxX5Ht4g-LmaNZFFyNUCRWk2CXQ4T06zxPlrFeOCuRpFAgcus-nsfT6liwnp9eCgl4rxK7oTfUByODCfZ2HRlvl-ddWV1HikH1XdmbWfV0BOnkZHeluy7YZod0NvAkiBLumGA34ztUaQLgzN2TPvk_xHHy8gH2UB6PYBv3UalA=="
"pages/response-model-reference.adoc","technical","374","url","https://niolesk.top/#https://kroki.io/blockdiag/svg/eNqlksFqGzEQhs_WUwzqpYX1ep0akti0B9drKBQamvZUzKKVxrtqZGmR5NZJ8L1PkYfLk0Rae2NcQhKoDov2n9E_o09TKsOvhGQV3JLBAC5YhTDwyGstOVPtrrDoGqMdprVfKfi8-ienkFFxAzR9axT2_XWD6a-mgrdzWa0twvD8PIVvIQRmCb5GQG60WUkOpkHLvLHvYu1L9OAapmGF3soNAWh_iz9S-Bo-wOhs8qjVKKvaB3F40ooCl2ytfLE02jt5gzEyaiOksmbdwA1aU-y2t4Rwo4wNOfRNfppn8yGdEEI54-N839nXfWOxawr9j0Bx48c_pl_yjUftZMBBE6C85OOY8smIkPZTyGiqjcbFS3bdyRk6bmXjg-ORQQKKlahij1ma3v-9owuyv8pSWucf79KjTxX5Ht4g-LmaNZFFyNUCRWk2CXQ4T06zxPlrFeOCuRpFAgcus-nsfT6liwnp9eCgl4rxK7oTfUByODCfZ2HRlvl-ddWV1HikH1XdmbWfV0BOnkZHeluy7YZod0NvAkiBLumGA34ztUaQLgzN2TPvk_xHHy8gH2UB6PYBv3UalA=="
"pages/response-model-reference.adoc","technical","382","image-url","https://kroki.io/blockdiag/svg/eNrlVlFP2zAQfm5-hZVp0pBCaTskUNGmAW2lTt2GoGgPG6qc-JJ4OHYUX0YL4n2_Yj9uv2R22oSmdCpo2jQ0HlDus32-u---q32hgkvGaURunJ0dckIjIDsIQSx5QEXxNclAp0pqaMaYCDJMVvZMuEX0zgnNcDaZQKCkSnjwvNNKLdL8kkbkxYBHeQak02o1yTgGUmwmKiRojPIIKQ5s2UDOAIlOqSQJYManDiGFObniDGPyiuzuH1RYDDyK0YDtTgEyCGkucBIqiZpfg13ZLVacKFN5Sq4hU5P5543jBEqozOxxn_X3-q1B2z1wHDegQbeI0SXbr4kb-EH3I_iaI5yfDl1vjoxUpE4hhAxkAMNeCfclSxWXeIcMJcs1ZrNjQbXmoSkbciWPFQOXfGLc3i6VhIv795bmkIHE6mTht1x6T5O6G48I6oOwKbWazR_fvrtrHZMRlVFuqKu8KY1UHDJmCNcVGM-0pXmkFlc_MOAxnZ4FMSRQi3UEERV9k4nd__iQu8eGUhrgShDOKj_F_qlmXamyhArTA-zMtJGMbDBvyCEaw88R9H1H9apaPzDF7vnRqD9FkNpUQJOSVruHrHVRxbnWQdUWvWVP5fdb5Y85isrugZVFYvgvkTEISGNz3TIQ0mnVgAICzJSR5zvKxTrGavEVASismPpgNJkdqyTJJV9D-jquFsIKeaaxUlajUUnLFzS4NMJqNNBU405xg0HL_BULOqaplargEgobZ8LajOoYmEWMfhuNPyhF7xF6835HQt6jdOLVW98xRZhXWNu5yZbKbYoToN42_7pl_JCNZyl8li-g7D7iUw1bhtGy4Oa4ZMB8NfVIOV47uy2vToBH7ljrHfVe9o_cC0uKYWUNywb9JdFmbZVrC5W3KURL9xx9mIjN3tu7smDMs3pVKtpsLTZk3t77RzLfNHbqSYcqzzCuZb1omCed81-elN6DhqEN9rYov2Vg8ViZ1xKVGZEMtFc-QshXKnIgXJvHyf7yT5pH_vtJ5m1ucu-p9MTGcWrk89AXSamjGQihrpa8tK2X25-uLLKc"
"pages/response-model-reference.adoc","technical","382","url","https://kroki.io/blockdiag/svg/eNrlVlFP2zAQfm5-hZVp0pBCaTskUNGmAW2lTt2GoGgPG6qc-JJ4OHYUX0YL4n2_Yj9uv2R22oSmdCpo2jQ0HlDus32-u---q32hgkvGaURunJ0dckIjIDsIQSx5QEXxNclAp0pqaMaYCDJMVvZMuEX0zgnNcDaZQKCkSnjwvNNKLdL8kkbkxYBHeQak02o1yTgGUmwmKiRojPIIKQ5s2UDOAIlOqSQJYManDiGFObniDGPyiuzuH1RYDDyK0YDtTgEyCGkucBIqiZpfg13ZLVacKFN5Sq4hU5P5543jBEqozOxxn_X3-q1B2z1wHDegQbeI0SXbr4kb-EH3I_iaI5yfDl1vjoxUpE4hhAxkAMNeCfclSxWXeIcMJcs1ZrNjQbXmoSkbciWPFQOXfGLc3i6VhIv795bmkIHE6mTht1x6T5O6G48I6oOwKbWazR_fvrtrHZMRlVFuqKu8KY1UHDJmCNcVGM-0pXmkFlc_MOAxnZ4FMSRQi3UEERV9k4nd__iQu8eGUhrgShDOKj_F_qlmXamyhArTA-zMtJGMbDBvyCEaw88R9H1H9apaPzDF7vnRqD9FkNpUQJOSVruHrHVRxbnWQdUWvWVP5fdb5Y85isrugZVFYvgvkTEISGNz3TIQ0mnVgAICzJSR5zvKxTrGavEVASismPpgNJkdqyTJJV9D-jquFsIKeaaxUlajUUnLFzS4NMJqNNBU405xg0HL_BULOqaplargEgobZ8LajOoYmEWMfhuNPyhF7xF6835HQt6jdOLVW98xRZhXWNu5yZbKbYoToN42_7pl_JCNZyl8li-g7D7iUw1bhtGy4Oa4ZMB8NfVIOV47uy2vToBH7ljrHfVe9o_cC0uKYWUNywb9JdFmbZVrC5W3KURL9xx9mIjN3tu7smDMs3pVKtpsLTZk3t77RzLfNHbqSYcqzzCuZb1omCed81-elN6DhqEN9rYov2Vg8ViZ1xKVGZEMtFc-QshXKnIgXJvHyf7yT5pH_vtJ5m1ucu-p9MTGcWrk89AXSamjGQihrpa8tK2X25-uLLKc"
"pages/response-model-reference.adoc","technical","384","url","https://niolesk.top/#https://kroki.io/blockdiag/svg/eNrlVlFP2zAQfm5-hZVp0pBCaTskUNGmAW2lTt2GoGgPG6qc-JJ4OHYUX0YL4n2_Yj9uv2R22oSmdCpo2jQ0HlDus32-u---q32hgkvGaURunJ0dckIjIDsIQSx5QEXxNclAp0pqaMaYCDJMVvZMuEX0zgnNcDaZQKCkSnjwvNNKLdL8kkbkxYBHeQak02o1yTgGUmwmKiRojPIIKQ5s2UDOAIlOqSQJYManDiGFObniDGPyiuzuH1RYDDyK0YDtTgEyCGkucBIqiZpfg13ZLVacKFN5Sq4hU5P5543jBEqozOxxn_X3-q1B2z1wHDegQbeI0SXbr4kb-EH3I_iaI5yfDl1vjoxUpE4hhAxkAMNeCfclSxWXeIcMJcs1ZrNjQbXmoSkbciWPFQOXfGLc3i6VhIv795bmkIHE6mTht1x6T5O6G48I6oOwKbWazR_fvrtrHZMRlVFuqKu8KY1UHDJmCNcVGM-0pXmkFlc_MOAxnZ4FMSRQi3UEERV9k4nd__iQu8eGUhrgShDOKj_F_qlmXamyhArTA-zMtJGMbDBvyCEaw88R9H1H9apaPzDF7vnRqD9FkNpUQJOSVruHrHVRxbnWQdUWvWVP5fdb5Y85isrugZVFYvgvkTEISGNz3TIQ0mnVgAICzJSR5zvKxTrGavEVASismPpgNJkdqyTJJV9D-jquFsIKeaaxUlajUUnLFzS4NMJqNNBU405xg0HL_BULOqaplargEgobZ8LajOoYmEWMfhuNPyhF7xF6835HQt6jdOLVW98xRZhXWNu5yZbKbYoToN42_7pl_JCNZyl8li-g7D7iUw1bhtGy4Oa4ZMB8NfVIOV47uy2vToBH7ljrHfVe9o_cC0uKYWUNywb9JdFmbZVrC5W3KURL9xx9mIjN3tu7smDMs3pVKtpsLTZk3t77RzLfNHbqSYcqzzCuZb1omCed81-elN6DhqEN9rYov2Vg8ViZ1xKVGZEMtFc-QshXKnIgXJvHyf7yT5pH_vtJ5m1ucu-p9MTGcWrk89AXSamjGQihrpa8tK2X25-uLLKc"
"pages/response-model-reference.adoc","technical","389","image-url","https://kroki.io/blockdiag/svg/eNrtVc1O20AQPsdPMTIHWmlJnEBVBKJSQxIJCVUUSC8Vsjbrsb3F2bV215CAcu9T9OH6JN2NYycBCvSHnupDtJ6fL9_OzDceZZJdRpwmcOu1WnBCE4SWQZYKzmg2P4UKdS6FxmZqxhkcje_EhNxZdGvYPd7qNLfDw4xqzWPrM1yK8IylOMbmlzyBVwOeFAqhE7SbcJ4iKM5S0EYVzDi7jIHCAgY213GgxNmEWCowLhdzSwyFKd0219CJFHLMUb92dzlDAzqnAsZoFJ94APPX8JpHJoUD2Nndr20p8iQ11tjuzI0RxrTITBhLYTS_QefZ2fe8RMkihxtUMiyPt57HZGYpHYC_0X_bDwZt38b5Pmy9A59RtvexoBmPp1wkJ1SZqQ-fI-7ChRRIIKMjzFxy0Gx-__rNv7C5D2ZVcN1Cc4Far1enLM4adoX0eIKDxYnZs1XvTwwKbX3aJ_a_RmzvqFedhsPl-Zhqc4pX3IX2qMGH7Of8HptnknFIH6TBJ-v0K3j0T9j0UDPFc-f6m6TeJyjYdFnW8n1OdWH5hMrVcqULp0fVsURbMRxTkRRWhzb6925qo9a9h7a3iVQ_ndh2PbGlFGKutKll0WgA1MoYZZRdWl04o7HjtpTMYBDYx5-LbvHolOZOcJllvGY308zZI6pTjEqw-c_TN_S8RslLI5MiWiHpPxR_Ps3dvFREbLCIMBrJCYFqeXTaAVknRJbX3eh1e9v9rn-x_w_KUJbgpTRMVhRJVtRE7muDvPRck0en1LNlgJnXmHmzavuXzTLSTm6EmlRbHa5oViBwbbf9rlvVdafth3Bs52OlzQGB-tvQCWxDn7OEHx2cNzXK3R1P_rdx-lT1dlz1Zt4PY2PL8Q=="
"pages/response-model-reference.adoc","technical","389","url","https://kroki.io/blockdiag/svg/eNrtVc1O20AQPsdPMTIHWmlJnEBVBKJSQxIJCVUUSC8Vsjbrsb3F2bV215CAcu9T9OH6JN2NYycBCvSHnupDtJ6fL9_OzDceZZJdRpwmcOu1WnBCE4SWQZYKzmg2P4UKdS6FxmZqxhkcje_EhNxZdGvYPd7qNLfDw4xqzWPrM1yK8IylOMbmlzyBVwOeFAqhE7SbcJ4iKM5S0EYVzDi7jIHCAgY213GgxNmEWCowLhdzSwyFKd0219CJFHLMUb92dzlDAzqnAsZoFJ94APPX8JpHJoUD2Nndr20p8iQ11tjuzI0RxrTITBhLYTS_QefZ2fe8RMkihxtUMiyPt57HZGYpHYC_0X_bDwZt38b5Pmy9A59RtvexoBmPp1wkJ1SZqQ-fI-7ChRRIIKMjzFxy0Gx-__rNv7C5D2ZVcN1Cc4Far1enLM4adoX0eIKDxYnZs1XvTwwKbX3aJ_a_RmzvqFedhsPl-Zhqc4pX3IX2qMGH7Of8HptnknFIH6TBJ-v0K3j0T9j0UDPFc-f6m6TeJyjYdFnW8n1OdWH5hMrVcqULp0fVsURbMRxTkRRWhzb6925qo9a9h7a3iVQ_ndh2PbGlFGKutKll0WgA1MoYZZRdWl04o7HjtpTMYBDYx5-LbvHolOZOcJllvGY308zZI6pTjEqw-c_TN_S8RslLI5MiWiHpPxR_Ps3dvFREbLCIMBrJCYFqeXTaAVknRJbX3eh1e9v9rn-x_w_KUJbgpTRMVhRJVtRE7muDvPRck0en1LNlgJnXmHmzavuXzTLSTm6EmlRbHa5oViBwbbf9rlvVdafth3Bs52OlzQGB-tvQCWxDn7OEHx2cNzXK3R1P_rdx-lT1dlz1Zt4PY2PL8Q=="
"pages/response-model-reference.adoc","technical","391","url","https://niolesk.top/#https://kroki.io/blockdiag/svg/eNrtVc1O20AQPsdPMTIHWmlJnEBVBKJSQxIJCVUUSC8Vsjbrsb3F2bV215CAcu9T9OH6JN2NYycBCvSHnupDtJ6fL9_OzDceZZJdRpwmcOu1WnBCE4SWQZYKzmg2P4UKdS6FxmZqxhkcje_EhNxZdGvYPd7qNLfDw4xqzWPrM1yK8IylOMbmlzyBVwOeFAqhE7SbcJ4iKM5S0EYVzDi7jIHCAgY213GgxNmEWCowLhdzSwyFKd0219CJFHLMUb92dzlDAzqnAsZoFJ94APPX8JpHJoUD2Nndr20p8iQ11tjuzI0RxrTITBhLYTS_QefZ2fe8RMkihxtUMiyPt57HZGYpHYC_0X_bDwZt38b5Pmy9A59RtvexoBmPp1wkJ1SZqQ-fI-7ChRRIIKMjzFxy0Gx-__rNv7C5D2ZVcN1Cc4Far1enLM4adoX0eIKDxYnZs1XvTwwKbX3aJ_a_RmzvqFedhsPl-Zhqc4pX3IX2qMGH7Of8HptnknFIH6TBJ-v0K3j0T9j0UDPFc-f6m6TeJyjYdFnW8n1OdWH5hMrVcqULp0fVsURbMRxTkRRWhzb6925qo9a9h7a3iVQ_ndh2PbGlFGKutKll0WgA1MoYZZRdWl04o7HjtpTMYBDYx5-LbvHolOZOcJllvGY308zZI6pTjEqw-c_TN_S8RslLI5MiWiHpPxR_Ps3dvFREbLCIMBrJCYFqeXTaAVknRJbX3eh1e9v9rn-x_w_KUJbgpTRMVhRJVtRE7muDvPRck0en1LNlgJnXmHmzavuXzTLSTm6EmlRbHa5oViBwbbf9rlvVdafth3Bs52OlzQGB-tvQCWxDn7OEHx2cNzXK3R1P_rdx-lT1dlz1Zt4PY2PL8Q=="
"pages/response-model-reference.adoc","technical","394","image-url","https://kroki.io/blockdiag/svg/eNrVVM1O20AQPsdPMTIHWmlxjEECgVqpQCJV6iEI2h4qFK13J_aUza7lXdMElHufog_XJ-muQ5KGQkNVqVL3YNnfznzz93lyZcS1JF7AXdTtwoAXCF2HotQkuGrfhjXaymiLSenGCt6OH9gMKSC2-_7k3U6W7A1PecVzUuSmyeeqgBd9KpoaIUuzBC5LBOvqRrgAmRHcO8H2ymv7ZcjkAh3YimsYo6tpEgG0n8MvJF0Jr2D_8HiJlUhF6Ty4m7WgxBFvlBuOjHaWbjHc7B9HUVGbpoJbrM1w_noXRcIoU3uDeKt30Ev7u7G3i5MYdl5DLLg4Om-4otGUdDHgtZvG8ElSsNdGIwPFc1TBO02S71-_xVfe-VGvBV2fNNeCuFrV-0zKRz0DLU7ckW9jb-JQW_KDipmPlYujleHltMJTI3Et1NUG3kBxhlbUVDlPuzHNzWwfuGrwzdg02i1ybCHfLe0edmIjob_s3ZBELfCiqSpFKP82R94mRNIjA6zJyDZNj37E_ILcw_7dC2pEtXVLRXU6AEtR5YqLay-pADo_qJXa-v3Un7jV6_2xJa-CVhVpXMPdVAVccluinJO1jyeriaLOPB2Lwmj5U27xuih8QYuo3kRLlLmZMFj8ZLsHKVuPzla1bZ2dnO31TuKr439Q87zeP5E6-1XB7JkyZE-oiz1HIpFPFGZRZxbNFnts3k5nvGwkWrbYT3ATogJZv7cO26WzHIbfyGM_uNUkspTBcs1lqe_5o3uGPa0J9n-07_eCzPZD6bMfjyckkg=="
"pages/response-model-reference.adoc","technical","394","url","https://kroki.io/blockdiag/svg/eNrVVM1O20AQPsdPMTIHWmlxjEECgVqpQCJV6iEI2h4qFK13J_aUza7lXdMElHufog_XJ-muQ5KGQkNVqVL3YNnfznzz93lyZcS1JF7AXdTtwoAXCF2HotQkuGrfhjXaymiLSenGCt6OH9gMKSC2-_7k3U6W7A1PecVzUuSmyeeqgBd9KpoaIUuzBC5LBOvqRrgAmRHcO8H2ymv7ZcjkAh3YimsYo6tpEgG0n8MvJF0Jr2D_8HiJlUhF6Ty4m7WgxBFvlBuOjHaWbjHc7B9HUVGbpoJbrM1w_noXRcIoU3uDeKt30Ev7u7G3i5MYdl5DLLg4Om-4otGUdDHgtZvG8ElSsNdGIwPFc1TBO02S71-_xVfe-VGvBV2fNNeCuFrV-0zKRz0DLU7ckW9jb-JQW_KDipmPlYujleHltMJTI3Et1NUG3kBxhlbUVDlPuzHNzWwfuGrwzdg02i1ybCHfLe0edmIjob_s3ZBELfCiqSpFKP82R94mRNIjA6zJyDZNj37E_ILcw_7dC2pEtXVLRXU6AEtR5YqLay-pADo_qJXa-v3Un7jV6_2xJa-CVhVpXMPdVAVccluinJO1jyeriaLOPB2Lwmj5U27xuih8QYuo3kRLlLmZMFj8ZLsHKVuPzla1bZ2dnO31TuKr439Q87zeP5E6-1XB7JkyZE-oiz1HIpFPFGZRZxbNFnts3k5nvGwkWrbYT3ATogJZv7cO26WzHIbfyGM_uNUkspTBcs1lqe_5o3uGPa0J9n-07_eCzPZD6bMfjyckkg=="
"pages/response-model-reference.adoc","technical","396","url","https://niolesk.top/#https://kroki.io/blockdiag/svg/eNrVVM1O20AQPsdPMTIHWmlxjEECgVqpQCJV6iEI2h4qFK13J_aUza7lXdMElHufog_XJ-muQ5KGQkNVqVL3YNnfznzz93lyZcS1JF7AXdTtwoAXCF2HotQkuGrfhjXaymiLSenGCt6OH9gMKSC2-_7k3U6W7A1PecVzUuSmyeeqgBd9KpoaIUuzBC5LBOvqRrgAmRHcO8H2ymv7ZcjkAh3YimsYo6tpEgG0n8MvJF0Jr2D_8HiJlUhF6Ty4m7WgxBFvlBuOjHaWbjHc7B9HUVGbpoJbrM1w_noXRcIoU3uDeKt30Ev7u7G3i5MYdl5DLLg4Om-4otGUdDHgtZvG8ElSsNdGIwPFc1TBO02S71-_xVfe-VGvBV2fNNeCuFrV-0zKRz0DLU7ckW9jb-JQW_KDipmPlYujleHltMJTI3Et1NUG3kBxhlbUVDlPuzHNzWwfuGrwzdg02i1ybCHfLe0edmIjob_s3ZBELfCiqSpFKP82R94mRNIjA6zJyDZNj37E_ILcw_7dC2pEtXVLRXU6AEtR5YqLay-pADo_qJXa-v3Un7jV6_2xJa-CVhVpXMPdVAVccluinJO1jyeriaLOPB2Lwmj5U27xuih8QYuo3kRLlLmZMFj8ZLsHKVuPzla1bZ2dnO31TuKr439Q87zeP5E6-1XB7JkyZE-oiz1HIpFPFGZRZxbNFnts3k5nvGwkWrbYT3ATogJZv7cO26WzHIbfyGM_uNUkspTBcs1lqe_5o3uGPa0J9n-07_eCzPZD6bMfjyckkg=="
"pages/response-model-reference.adoc","technical","399","image-url","https://kroki.io/blockdiag/svg/eNrVVE1rGzEQPXt_xbClkMDG3jiBhJgUHH9AoQfTuKcSFlkae9VopUWade0E3_sr-uP6Syqtv-KQkPbQQ3VYtG80T2_nzexEGX4vJJvBY9RqwYjNEFqEPNeSM1XvMouuNNphM6dCwcfi2ZlMBsS1vtx8Omk3z7KeKUqFhCIbM3efTY19304tTtGi5uia38oZHA3lrLII7fSsCeMcwZGtOAXITIE8sGGDHRsENjiqnN96TtgzHh8H6bdI4EqmoUCychEB1K_Zdykoh2s4v-zssBzlLCcPnrZrUOCUVYq8Vk1OPmCInNeRaGZNVcIDWpOtt49RxI3yAq4hfje4GKTD07gTRXEMJx8g5oxf7SQHxTF8FTIc1kZjAopNUIXUtNn89eNnfOczX8gJVLigK1-FwYJQO-kNiBPPP-FXXa0rprpztL7u3cJUmrahsSGmAsUhPGKWlj1WMi5puQk91XX3qoiQ3UfHrSzJa6gJ_cnBXIpQ-9uqLJVE8eZXvsrv4RFaacSW-jNyWUrU1KscmQJtLf6Z3I0tU2kd7XxpxAcXjJcl-jSXszIY6g9pgWJiFglse6J9kSaOlirEBXM5igT25vZv-meDm_iuEzUasMcnivH7eA2SN2mfMBymfsV142zW9nYlNR7gB7euyerHv7Y9-XNPk7-wJ2qsotV2DNflJePNEuiS7XjBnKkKQTo_dpdhYHbe-B9QYbR4YkyawG5I26m34IUGSv7XYr3RlOfhe1e_AUGK05I="
"pages/response-model-reference.adoc","technical","399","url","https://kroki.io/blockdiag/svg/eNrVVE1rGzEQPXt_xbClkMDG3jiBhJgUHH9AoQfTuKcSFlkae9VopUWade0E3_sr-uP6Syqtv-KQkPbQQ3VYtG80T2_nzexEGX4vJJvBY9RqwYjNEFqEPNeSM1XvMouuNNphM6dCwcfi2ZlMBsS1vtx8Omk3z7KeKUqFhCIbM3efTY19304tTtGi5uia38oZHA3lrLII7fSsCeMcwZGtOAXITIE8sGGDHRsENjiqnN96TtgzHh8H6bdI4EqmoUCychEB1K_Zdykoh2s4v-zssBzlLCcPnrZrUOCUVYq8Vk1OPmCInNeRaGZNVcIDWpOtt49RxI3yAq4hfje4GKTD07gTRXEMJx8g5oxf7SQHxTF8FTIc1kZjAopNUIXUtNn89eNnfOczX8gJVLigK1-FwYJQO-kNiBPPP-FXXa0rprpztL7u3cJUmrahsSGmAsUhPGKWlj1WMi5puQk91XX3qoiQ3UfHrSzJa6gJ_cnBXIpQ-9uqLJVE8eZXvsrv4RFaacSW-jNyWUrU1KscmQJtLf6Z3I0tU2kd7XxpxAcXjJcl-jSXszIY6g9pgWJiFglse6J9kSaOlirEBXM5igT25vZv-meDm_iuEzUasMcnivH7eA2SN2mfMBymfsV142zW9nYlNR7gB7euyerHv7Y9-XNPk7-wJ2qsotV2DNflJePNEuiS7XjBnKkKQTo_dpdhYHbe-B9QYbR4YkyawG5I26m34IUGSv7XYr3RlOfhe1e_AUGK05I="
"pages/response-model-reference.adoc","technical","401","url","https://niolesk.top/#https://kroki.io/blockdiag/svg/eNrVVE1rGzEQPXt_xbClkMDG3jiBhJgUHH9AoQfTuKcSFlkae9VopUWade0E3_sr-uP6Syqtv-KQkPbQQ3VYtG80T2_nzexEGX4vJJvBY9RqwYjNEFqEPNeSM1XvMouuNNphM6dCwcfi2ZlMBsS1vtx8Omk3z7KeKUqFhCIbM3efTY19304tTtGi5uia38oZHA3lrLII7fSsCeMcwZGtOAXITIE8sGGDHRsENjiqnN96TtgzHh8H6bdI4EqmoUCychEB1K_Zdykoh2s4v-zssBzlLCcPnrZrUOCUVYq8Vk1OPmCInNeRaGZNVcIDWpOtt49RxI3yAq4hfje4GKTD07gTRXEMJx8g5oxf7SQHxTF8FTIc1kZjAopNUIXUtNn89eNnfOczX8gJVLigK1-FwYJQO-kNiBPPP-FXXa0rprpztL7u3cJUmrahsSGmAsUhPGKWlj1WMi5puQk91XX3qoiQ3UfHrSzJa6gJ_cnBXIpQ-9uqLJVE8eZXvsrv4RFaacSW-jNyWUrU1KscmQJtLf6Z3I0tU2kd7XxpxAcXjJcl-jSXszIY6g9pgWJiFglse6J9kSaOlirEBXM5igT25vZv-meDm_iuEzUasMcnivH7eA2SN2mfMBymfsV142zW9nYlNR7gB7euyerHv7Y9-XNPk7-wJ2qsotV2DNflJePNEuiS7XjBnKkKQTo_dpdhYHbe-B9QYbR4YkyawG5I26m34IUGSv7XYr3RlOfhe1e_AUGK05I="
"pages/response-model-reference.adoc","technical","406","image-url","https://kroki.io/blockdiag/svg/eNrtVNFu0zAUfW6-4sq8gJS1XVdpUyeQtrUVlSao6HhCU-TGt4mZEwf7BtpNfecr-Di-BMdtWrp1TLxNCD9E8bnH18fXx3eqdHwjJE_gLmi1YMwThBZhnOYy5sr_RQZtoXOLzZQyBaPsHieSFWJbH88vDzrNo-gSE66iQU6SFtGYG1o0PxcJvBzKpDQInXa3CVcpwpoPng8rPnj-q0rKBAlswXPIkIycBwB-Gn2TglJ4Dd2T0w2WokxScuBhx4MCZ7xUFM10TlbeYhXp-kiQGF0WcItGR6vfuyCItdLGcdiLwfGgPTxkp0HAYh73vBqvbyWPwcEbYDinnhM_mBPmVrrKsBBYPI17HzCRlgwnB77jGdb4hc6cysWov4_Y54T78MG8kA8Z61Re01Cb7EILZPBJyEp_rnO8_pPyfRl2Voeg-BRVVYt2s_nz-w_2ZL6JVjg2ujASSRubymKUC2cMN7kvWn4ppfBHmhCn0nrxG44ptDsvTsg58izTZU51bFgqtRhzKSYpd2bczc93y3YmhKPYOrRJ-ztnEqe4vh1HeYtcvJ_NZIz-kH9RTRfxilKtBJqHq_dVc23AmTSWNg5ssPs7XC2K6l5tyovKvY6XCxRTPQ-hfgCdbju0tFBVXHCboghh6-T-ef9ocM6uT4NGA7b4VPH4hq1AckbeLhgO224w_0rWo95dyRx38J1dV8n85_k9jUdiNf7PmTd8xJZBYxks67a6chBpZ1KBNqzbJXzlqkSQ1rXRk0eMH_6_42d7x0-0i-O2awbLX5CRsiU="
"pages/response-model-reference.adoc","technical","406","url","https://kroki.io/blockdiag/svg/eNrtVNFu0zAUfW6-4sq8gJS1XVdpUyeQtrUVlSao6HhCU-TGt4mZEwf7BtpNfecr-Di-BMdtWrp1TLxNCD9E8bnH18fXx3eqdHwjJE_gLmi1YMwThBZhnOYy5sr_RQZtoXOLzZQyBaPsHieSFWJbH88vDzrNo-gSE66iQU6SFtGYG1o0PxcJvBzKpDQInXa3CVcpwpoPng8rPnj-q0rKBAlswXPIkIycBwB-Gn2TglJ4Dd2T0w2WokxScuBhx4MCZ7xUFM10TlbeYhXp-kiQGF0WcItGR6vfuyCItdLGcdiLwfGgPTxkp0HAYh73vBqvbyWPwcEbYDinnhM_mBPmVrrKsBBYPI17HzCRlgwnB77jGdb4hc6cysWov4_Y54T78MG8kA8Z61Re01Cb7EILZPBJyEp_rnO8_pPyfRl2Voeg-BRVVYt2s_nz-w_2ZL6JVjg2ujASSRubymKUC2cMN7kvWn4ppfBHmhCn0nrxG44ptDsvTsg58izTZU51bFgqtRhzKSYpd2bczc93y3YmhKPYOrRJ-ztnEqe4vh1HeYtcvJ_NZIz-kH9RTRfxilKtBJqHq_dVc23AmTSWNg5ssPs7XC2K6l5tyovKvY6XCxRTPQ-hfgCdbju0tFBVXHCboghh6-T-ef9ocM6uT4NGA7b4VPH4hq1AckbeLhgO224w_0rWo95dyRx38J1dV8n85_k9jUdiNf7PmTd8xJZBYxks67a6chBpZ1KBNqzbJXzlqkSQ1rXRk0eMH_6_42d7x0-0i-O2awbLX5CRsiU="
"pages/response-model-reference.adoc","technical","408","url","https://niolesk.top/#https://kroki.io/blockdiag/svg/eNrtVNFu0zAUfW6-4sq8gJS1XVdpUyeQtrUVlSao6HhCU-TGt4mZEwf7BtpNfecr-Di-BMdtWrp1TLxNCD9E8bnH18fXx3eqdHwjJE_gLmi1YMwThBZhnOYy5sr_RQZtoXOLzZQyBaPsHieSFWJbH88vDzrNo-gSE66iQU6SFtGYG1o0PxcJvBzKpDQInXa3CVcpwpoPng8rPnj-q0rKBAlswXPIkIycBwB-Gn2TglJ4Dd2T0w2WokxScuBhx4MCZ7xUFM10TlbeYhXp-kiQGF0WcItGR6vfuyCItdLGcdiLwfGgPTxkp0HAYh73vBqvbyWPwcEbYDinnhM_mBPmVrrKsBBYPI17HzCRlgwnB77jGdb4hc6cysWov4_Y54T78MG8kA8Z61Re01Cb7EILZPBJyEp_rnO8_pPyfRl2Voeg-BRVVYt2s_nz-w_2ZL6JVjg2ujASSRubymKUC2cMN7kvWn4ppfBHmhCn0nrxG44ptDsvTsg58izTZU51bFgqtRhzKSYpd2bczc93y3YmhKPYOrRJ-ztnEqe4vh1HeYtcvJ_NZIz-kH9RTRfxilKtBJqHq_dVc23AmTSWNg5ssPs7XC2K6l5tyovKvY6XCxRTPQ-hfgCdbju0tFBVXHCboghh6-T-ef9ocM6uT4NGA7b4VPH4hq1AckbeLhgO224w_0rWo95dyRx38J1dV8n85_k9jUdiNf7PmTd8xJZBYxks67a6chBpZ1KBNqzbJXzlqkSQ1rXRk0eMH_6_42d7x0-0i-O2awbLX5CRsiU="
"pages/response-model-reference.adoc","technical","426","url","https://docs.oasis-open.org/ubl/os-UBL-2.4/xsdrt/common/UBL-CommonAggregateComponents-2.4.xsd"
"pages/response-model-reference.adoc","technical","456","url","https://docs.oasis-open.org/ubl/os-UBL-2.4/xsdrt/common/UBL-CommonAggregateComponents-2.4.xsd"
"pages/response-model-reference.adoc","technical","468","url","https://docs.oasis-open.org/ubl/os-UBL-2.4/"
"pages/response-model-reference.adoc","technical","488","url","https://docs.oasis-open.org/ubl/os-UBL-2.4/xsdrt/common/UBL-CommonAggregateComponents-2.4.xsd"
"pages/response-model-reference.adoc","technical","511","url","https://docs.oasis-open.org/ubl/os-UBL-2.4/xsdrt/common/UBL-CommonAggregateComponents-2.4.xsd"
"pages/response-model-reference.adoc","technical","519","url","https://ec.europa.eu/taxation_customs/vies/"
"pages/response-model-reference.adoc","technical","544","url","https://docs.oasis-open.org/ubl/os-UBL-2.4/xsdrt/common/UBL-CommonAggregateComponents-2.4.xsd"
"pages/response-model-reference.adoc","technical","576","url","https://docs.oasis-open.org/ubl/os-UBL-2.4/xsdrt/common/UBL-CommonAggregateComponents-2.4.xsd"
"pages/response-model-reference.adoc","technical","603","url","https://docs.oasis-open.org/ubl/os-UBL-2.4/xsdrt/common/UBL-CommonAggregateComponents-2.4.xsd"
"pages/response-model-reference.adoc","technical","675","url","http://eur-lex.europa.eu/legal-content/EN/TXT/?uri=CELEX:32003H0361"
"pages/response-model-reference.adoc","technical","683","url","https://github.com/OP-TED/ESPD-EDM/tree/v5.0.0/criterion/espd-edm.json"
"pages/response-model-reference.adoc","technical","703","url","https://github.com/OP-TED/ESPD-EDM/tree/v5.0.0/criterion/espd-edm.json"
"pages/response-model-reference.adoc","technical","720","url","https://github.com/OP-TED/ESPD-EDM/tree/v5.0.0/criterion/espd-edm.json"
"pages/response-model-reference.adoc","technical","732","url","https://github.com/OP-TED/ESPD-EDM/tree/v5.0.0/criterion/espd-edm.json"
"pages/response-model-reference.adoc","technical","750","url","https://github.com/OP-TED/ESPD-EDM/tree/v5.0.0/criterion/espd-edm.json"
"pages/response-model-reference.adoc","technical","769","url","https://github.com/OP-TED/ESPD-EDM/tree/v5.0.0/criterion/espd-edm.json"
"pages/response-model-reference.adoc","technical","783","url","https://github.com/OP-TED/ESPD-EDM/tree/v5.0.0/xml-examples"
"pages/response-model-reference.adoc","technical","785","url","https://github.com/OP-TED/espd-validation-schematron/blob/v5.0.0/common/xml/ESPD-Response-BASE.xml"
"pages/response-model-reference.adoc","technical","835","image-url","https://kroki.io/blockdiag/svg/eNrVVN1u0zAUvm6e4sjcgBTarCtiagXSqqTSJKAVHQIJTZHrnCRmiR3ZztZu6j1PwcPxJNjp0tIysYld4YvI-c5vzvedLArJLhNOM7j1ej2Y0QyhZ5DlgjNaNLdYoa6k0NjNTVnAWXngE3OH6F40tZ6VdUZhqOFXqOOZvEYVnxojlcBV_GUexnOWY0m736oMnk94ViuE_vGgC9EUDqKhiQaZQpvghWtxjgZ0RQWUaBRfegDNa3zNE5PDGxicjLZYjjzLjQWP-g2YYErrwsSpFEbzG3SWQWPxMiXrCm5QyXhzvfU8JguprA95Fr2OgskRGXkeIfDyLRBG2bDpb5q23RH4mnDnLqRAHwq6wMIFB93uz-8_yIV3f5DLhksz_DR-Fy0NCs3trIlvSyzY8Czc3rSuMaQG94BzXuJe3b9VcVEhaqZ4ZWyRJ_TrDB-koWo1o8qsmpYsdJpZ8jbIo3uyhs_cCNR6L9V7KhL7saFkdWmTfsQUFQqGDzZ9R2TKlTZbJjvkoPj5qnKpdE4rJwLrJhJMFnLpQ6uj_nHga7MqnD2hOsfEh50gwnF4HI3JxcjrdGCHLwrKLskGNJbVXcBkEthDGrHdnbZ6wQXu4XtVN8maxxN14v8pAf8xXPr_QJPXWXvrdl03IzXSkpag9ts1hCta1Ahc2_U8cYu15cP-kEopkt_ICHzYLnM_sGO_V1L-_zSiB-T3yn3l-hd1XtJ6"
"pages/response-model-reference.adoc","technical","835","url","https://kroki.io/blockdiag/svg/eNrVVN1u0zAUvm6e4sjcgBTarCtiagXSqqTSJKAVHQIJTZHrnCRmiR3ZztZu6j1PwcPxJNjp0tIysYld4YvI-c5vzvedLArJLhNOM7j1ej2Y0QyhZ5DlgjNaNLdYoa6k0NjNTVnAWXngE3OH6F40tZ6VdUZhqOFXqOOZvEYVnxojlcBV_GUexnOWY0m736oMnk94ViuE_vGgC9EUDqKhiQaZQpvghWtxjgZ0RQWUaBRfegDNa3zNE5PDGxicjLZYjjzLjQWP-g2YYErrwsSpFEbzG3SWQWPxMiXrCm5QyXhzvfU8JguprA95Fr2OgskRGXkeIfDyLRBG2bDpb5q23RH4mnDnLqRAHwq6wMIFB93uz-8_yIV3f5DLhksz_DR-Fy0NCs3trIlvSyzY8Czc3rSuMaQG94BzXuJe3b9VcVEhaqZ4ZWyRJ_TrDB-koWo1o8qsmpYsdJpZ8jbIo3uyhs_cCNR6L9V7KhL7saFkdWmTfsQUFQqGDzZ9R2TKlTZbJjvkoPj5qnKpdE4rJwLrJhJMFnLpQ6uj_nHga7MqnD2hOsfEh50gwnF4HI3JxcjrdGCHLwrKLskGNJbVXcBkEthDGrHdnbZ6wQXu4XtVN8maxxN14v8pAf8xXPr_QJPXWXvrdl03IzXSkpag9ts1hCta1Ahc2_U8cYu15cP-kEopkt_ICHzYLnM_sGO_V1L-_zSiB-T3yn3l-hd1XtJ6"
"pages/response-model-reference.adoc","technical","837","url","https://niolesk.top/#https://kroki.io/blockdiag/svg/eNrVVN1u0zAUvm6e4sjcgBTarCtiagXSqqTSJKAVHQIJTZHrnCRmiR3ZztZu6j1PwcPxJNjp0tIysYld4YvI-c5vzvedLArJLhNOM7j1ej2Y0QyhZ5DlgjNaNLdYoa6k0NjNTVnAWXngE3OH6F40tZ6VdUZhqOFXqOOZvEYVnxojlcBV_GUexnOWY0m736oMnk94ViuE_vGgC9EUDqKhiQaZQpvghWtxjgZ0RQWUaBRfegDNa3zNE5PDGxicjLZYjjzLjQWP-g2YYErrwsSpFEbzG3SWQWPxMiXrCm5QyXhzvfU8JguprA95Fr2OgskRGXkeIfDyLRBG2bDpb5q23RH4mnDnLqRAHwq6wMIFB93uz-8_yIV3f5DLhksz_DR-Fy0NCs3trIlvSyzY8Czc3rSuMaQG94BzXuJe3b9VcVEhaqZ4ZWyRJ_TrDB-koWo1o8qsmpYsdJpZ8jbIo3uyhs_cCNR6L9V7KhL7saFkdWmTfsQUFQqGDzZ9R2TKlTZbJjvkoPj5qnKpdE4rJwLrJhJMFnLpQ6uj_nHga7MqnD2hOsfEh50gwnF4HI3JxcjrdGCHLwrKLskGNJbVXcBkEthDGrHdnbZ6wQXu4XtVN8maxxN14v8pAf8xXPr_QJPXWXvrdl03IzXSkpag9ts1hCta1Ahc2_U8cYu15cP-kEopkt_ICHzYLnM_sGO_V1L-_zSiB-T3yn3l-hd1XtJ6"
"pages/response-model-reference.adoc","technical","842","image-url","https://kroki.io/blockdiag/svg/eNrtVd1q2zAUvo6f4uDdbOAmadbR0rJBUyejo2tL08FgFKNIJ7ZWWTKS3CUtvd9T7OH2JJPs2nHKRmEXg0F9YXS-86NjfZ-O50LRa8ZJCnfBYADnJEUYWKSZ5JSIapVoNIWSBvuZzQUc549iEu4RM5icucjCBaO0xPIbNAkKzJ2VnKM2Sva_Fim8nPK01Aij12_6MDmDRymwBQ9JUCdF8HkWw4xmmJNXvsUZWjAFkZCj1XwZAFRm8o0zm8Fb2Nk7aLEMeZpZB26PKpDhgpTCJgslreG36D07B0GQalUWcItaJfXyLgjCELbeQUgJ3a87CeEL49qlSCUxAkHmKJwVDvv9n99_hFcupRvsk3Fp9z-NTyZLi9Jwd4Zh5CrO6f5x3KymXBt7SnJsAZJzseoil9yK1vjIGRPYdZ_ZDHUX8OtZuVjwZYN8UHPYqHLqTltJIrhdrVt5j5KhPlKsDRtzbbOY2E2gEIRudqBTIvltVTPGgmjrCWy8F0pgW5R0a5woWuU0niNuHSnSZLw4UqW0etV6HGGE2sacckkk5UTAIaU-coOb3zHh7WPmunJfHCta-gYvcIEaJcW_YNbbF2g48_mHjDkNm8dNUCWUN8MXk93JcLodtkpbeNJbqfXCuvLlqvCtmIwUXpnO6_hgc7WMoBH3aDiMjF0J72fEZMgiWG8Tj-PXk3F4dRD0erDG5-6sr8MatE6S64TpdOiesLobD0-zu-ASN_CNXeti1etZ5P9M5NFTOo7-IMygdx_cN8Oz1pJVTqYMTdQMRbghokTgxg3LPT_9WiG630OuJOuqMIJ2tI6GTm_d-xE9S-I_kMQTc2bXs3r_CzReokI="
"pages/response-model-reference.adoc","technical","842","url","https://kroki.io/blockdiag/svg/eNrtVd1q2zAUvo6f4uDdbOAmadbR0rJBUyejo2tL08FgFKNIJ7ZWWTKS3CUtvd9T7OH2JJPs2nHKRmEXg0F9YXS-86NjfZ-O50LRa8ZJCnfBYADnJEUYWKSZ5JSIapVoNIWSBvuZzQUc549iEu4RM5icucjCBaO0xPIbNAkKzJ2VnKM2Sva_Fim8nPK01Aij12_6MDmDRymwBQ9JUCdF8HkWw4xmmJNXvsUZWjAFkZCj1XwZAFRm8o0zm8Fb2Nk7aLEMeZpZB26PKpDhgpTCJgslreG36D07B0GQalUWcItaJfXyLgjCELbeQUgJ3a87CeEL49qlSCUxAkHmKJwVDvv9n99_hFcupRvsk3Fp9z-NTyZLi9Jwd4Zh5CrO6f5x3KymXBt7SnJsAZJzseoil9yK1vjIGRPYdZ_ZDHUX8OtZuVjwZYN8UHPYqHLqTltJIrhdrVt5j5KhPlKsDRtzbbOY2E2gEIRudqBTIvltVTPGgmjrCWy8F0pgW5R0a5woWuU0niNuHSnSZLw4UqW0etV6HGGE2sacckkk5UTAIaU-coOb3zHh7WPmunJfHCta-gYvcIEaJcW_YNbbF2g48_mHjDkNm8dNUCWUN8MXk93JcLodtkpbeNJbqfXCuvLlqvCtmIwUXpnO6_hgc7WMoBH3aDiMjF0J72fEZMgiWG8Tj-PXk3F4dRD0erDG5-6sr8MatE6S64TpdOiesLobD0-zu-ASN_CNXeti1etZ5P9M5NFTOo7-IMygdx_cN8Oz1pJVTqYMTdQMRbghokTgxg3LPT_9WiG630OuJOuqMIJ2tI6GTm_d-xE9S-I_kMQTc2bXs3r_CzReokI="
"pages/response-model-reference.adoc","technical","844","url","https://niolesk.top/#https://kroki.io/blockdiag/svg/eNrtVd1q2zAUvo6f4uDdbOAmadbR0rJBUyejo2tL08FgFKNIJ7ZWWTKS3CUtvd9T7OH2JJPs2nHKRmEXg0F9YXS-86NjfZ-O50LRa8ZJCnfBYADnJEUYWKSZ5JSIapVoNIWSBvuZzQUc549iEu4RM5icucjCBaO0xPIbNAkKzJ2VnKM2Sva_Fim8nPK01Aij12_6MDmDRymwBQ9JUCdF8HkWw4xmmJNXvsUZWjAFkZCj1XwZAFRm8o0zm8Fb2Nk7aLEMeZpZB26PKpDhgpTCJgslreG36D07B0GQalUWcItaJfXyLgjCELbeQUgJ3a87CeEL49qlSCUxAkHmKJwVDvv9n99_hFcupRvsk3Fp9z-NTyZLi9Jwd4Zh5CrO6f5x3KymXBt7SnJsAZJzseoil9yK1vjIGRPYdZ_ZDHUX8OtZuVjwZYN8UHPYqHLqTltJIrhdrVt5j5KhPlKsDRtzbbOY2E2gEIRudqBTIvltVTPGgmjrCWy8F0pgW5R0a5woWuU0niNuHSnSZLw4UqW0etV6HGGE2sacckkk5UTAIaU-coOb3zHh7WPmunJfHCta-gYvcIEaJcW_YNbbF2g48_mHjDkNm8dNUCWUN8MXk93JcLodtkpbeNJbqfXCuvLlqvCtmIwUXpnO6_hgc7WMoBH3aDiMjF0J72fEZMgiWG8Tj-PXk3F4dRD0erDG5-6sr8MatE6S64TpdOiesLobD0-zu-ASN_CNXeti1etZ5P9M5NFTOo7-IMygdx_cN8Oz1pJVTqYMTdQMRbghokTgxg3LPT_9WiG630OuJOuqMIJ2tI6GTm_d-xE9S-I_kMQTc2bXs3r_CzReokI="
"pages/response-model-reference.adoc","technical","849","image-url","https://kroki.io/blockdiag/svg/eNrVUs1q20AQPnufYtheWlBsxQlNsGkPjmVIaeuAXSgUI1arsbTNSiu060RJ8L1P0Yfrk3QkWXYdCu2tVAcx883ft99MpI28jZVI4IkNBnAjEoSBQ5nmSgrdWGGJtjC5xX7qMg3X2bOcUNWIHQRzyiwoGXMnnLpDG6LGjLzwBktr8v7XIoGXM5VsSoTh2es-BHN4VgInsCuCK0OgdB6o3KoYoW3iwefFFBYyxUy8qikv0IEtRA4ZulJVDKBxw3sVuxTewPnleI-lqJLUEXg6bMAY12KjXbimUVY9Yh05HzOWlGZTwCOWJmzNJ8a4FHK048Th5C1wrNzo0-R9UDkkhqQQ94DLSI6up531UWTY2e9MtFRO7_0pFqJ09VM7ZElPL1KT46_AWlSdG2iUrjQk-wehNIcvsSqJck4Vq9_wawgY13aj4NylWF6ZLNvUi3PE-KiFB1pEqMnjfr__49t3vmJMGm3qBP4iuAj82Snfq7NWpXV7eXp8N3r5UCC1takoajkpnMcYR6byoNvI0Pc96x50HY-FTTH24DBnOpmeBRO-GrNeDw54pIW85S3oSPlDwWzm08ebhe6-brpWOR7hR1PbZs3vn-_S-6t1sd6Wbbujb-V0hpYXo_W6Y4Y7oTcIytKRXx5fhfe_vPMP93Ph03VsfwLUi4Fi"
"pages/response-model-reference.adoc","technical","849","url","https://kroki.io/blockdiag/svg/eNrVUs1q20AQPnufYtheWlBsxQlNsGkPjmVIaeuAXSgUI1arsbTNSiu060RJ8L1P0Yfrk3QkWXYdCu2tVAcx883ft99MpI28jZVI4IkNBnAjEoSBQ5nmSgrdWGGJtjC5xX7qMg3X2bOcUNWIHQRzyiwoGXMnnLpDG6LGjLzwBktr8v7XIoGXM5VsSoTh2es-BHN4VgInsCuCK0OgdB6o3KoYoW3iwefFFBYyxUy8qikv0IEtRA4ZulJVDKBxw3sVuxTewPnleI-lqJLUEXg6bMAY12KjXbimUVY9Yh05HzOWlGZTwCOWJmzNJ8a4FHK048Th5C1wrNzo0-R9UDkkhqQQ94DLSI6up531UWTY2e9MtFRO7_0pFqJ09VM7ZElPL1KT46_AWlSdG2iUrjQk-wehNIcvsSqJck4Vq9_wawgY13aj4NylWF6ZLNvUi3PE-KiFB1pEqMnjfr__49t3vmJMGm3qBP4iuAj82Snfq7NWpXV7eXp8N3r5UCC1takoajkpnMcYR6byoNvI0Pc96x50HY-FTTH24DBnOpmeBRO-GrNeDw54pIW85S3oSPlDwWzm08ebhe6-brpWOR7hR1PbZs3vn-_S-6t1sd6Wbbujb-V0hpYXo_W6Y4Y7oTcIytKRXx5fhfe_vPMP93Ph03VsfwLUi4Fi"
"pages/response-model-reference.adoc","technical","851","url","https://niolesk.top/#https://kroki.io/blockdiag/svg/eNrVUs1q20AQPnufYtheWlBsxQlNsGkPjmVIaeuAXSgUI1arsbTNSiu060RJ8L1P0Yfrk3QkWXYdCu2tVAcx883ft99MpI28jZVI4IkNBnAjEoSBQ5nmSgrdWGGJtjC5xX7qMg3X2bOcUNWIHQRzyiwoGXMnnLpDG6LGjLzwBktr8v7XIoGXM5VsSoTh2es-BHN4VgInsCuCK0OgdB6o3KoYoW3iwefFFBYyxUy8qikv0IEtRA4ZulJVDKBxw3sVuxTewPnleI-lqJLUEXg6bMAY12KjXbimUVY9Yh05HzOWlGZTwCOWJmzNJ8a4FHK048Th5C1wrNzo0-R9UDkkhqQQ94DLSI6up531UWTY2e9MtFRO7_0pFqJ09VM7ZElPL1KT46_AWlSdG2iUrjQk-wehNIcvsSqJck4Vq9_wawgY13aj4NylWF6ZLNvUi3PE-KiFB1pEqMnjfr__49t3vmJMGm3qBP4iuAj82Snfq7NWpXV7eXp8N3r5UCC1takoajkpnMcYR6byoNvI0Pc96x50HY-FTTH24DBnOpmeBRO-GrNeDw54pIW85S3oSPlDwWzm08ebhe6-brpWOR7hR1PbZs3vn-_S-6t1sd6Wbbujb-V0hpYXo_W6Y4Y7oTcIytKRXx5fhfe_vPMP93Ph03VsfwLUi4Fi"
"pages/response-model-reference.adoc","technical","863","url","https://docs.oasis-open.org/ubl/os-UBL-2.4/xsdrt/common/UBL-CommonAggregateComponents-2.4.xsd"
"pages/response-model-reference.adoc","technical","925","url","https://github.com/OP-TED/ESPD-EDM/tree/v5.0.0/xml-examples"
"pages/response-model-reference.adoc","technical","927","url","https://github.com/OP-TED/espd-validation-schematron/blob/v5.0.0/common/xml/ESPD-Response-BASE.xml"
"pages/response-model-reference.adoc","technical","981","image-url","https://kroki.io/blockdiag/svg/eNrtVE1rGzEQPXt_xaBeWtjajhNISGih8QcETDFJWgolLLI03lWilRZJTu0E3_Mr-uP6Szqys-umpU1aeuihOiyjp_dmRtonTbUVV1LxHG6TTgcmPEfoBBSFUYLrdZQ59JU1HttFKDWclN9xMhUR3xFcnKOR6JTJs75TgSJrstN7dfbhbJChxhJNaF9WOTwfqXzuEHq7-20g8WGjbsS1FkgL99oXsc8zDOArbqDE4NQiAVhPs09KhgJewd7BUYMVqPIiELjTW4MSZ3yuQzazJnh1g3Fl7yhJcmfnFdygs9kmvE0S9uu-GLx8DQwX4fDd8Xi4CGg8rXqWAhNTcXgyqKO3vCTyR6kcVTPW4MXTUkftAL1wqgq0-CBFCppPUdOMddvtL3ef2W8kfc-1kjygbDgTZyt0Ybltum_NTEk6ckXksBzjNeq-lX-2EeLUCNWe47oIgW-qSpONphonUSZrfHgdSws8m0cCNji1Kcg10QkUXqIIYxtOcYYusmtW35alldR0X3Pv1YwqPOn8EmG1jQT2bLg_7I52WGOMmXI-NM5osZ_v-HxZxTPyBa-iuUhBTDm1ixRqf_YOuqkPSx3XJfcFyhS2pQfHg93hMbs4Slot2OJTzcUV24CBTLcVjEZdGmxt7_tRV9fK4AP8QdVNsvXnyTZOf7Rl-hdMlf4zJklaq2RVvzKbPxYsWUaiT-vXA65jf6A8vSoHj16B9P_pfnMFH7kYZPvVVxFxObA="
"pages/response-model-reference.adoc","technical","981","url","https://kroki.io/blockdiag/svg/eNrtVE1rGzEQPXt_xaBeWtjajhNISGih8QcETDFJWgolLLI03lWilRZJTu0E3_Mr-uP6Szqys-umpU1aeuihOiyjp_dmRtonTbUVV1LxHG6TTgcmPEfoBBSFUYLrdZQ59JU1HttFKDWclN9xMhUR3xFcnKOR6JTJs75TgSJrstN7dfbhbJChxhJNaF9WOTwfqXzuEHq7-20g8WGjbsS1FkgL99oXsc8zDOArbqDE4NQiAVhPs09KhgJewd7BUYMVqPIiELjTW4MSZ3yuQzazJnh1g3Fl7yhJcmfnFdygs9kmvE0S9uu-GLx8DQwX4fDd8Xi4CGg8rXqWAhNTcXgyqKO3vCTyR6kcVTPW4MXTUkftAL1wqgq0-CBFCppPUdOMddvtL3ef2W8kfc-1kjygbDgTZyt0Ybltum_NTEk6ckXksBzjNeq-lX-2EeLUCNWe47oIgW-qSpONphonUSZrfHgdSws8m0cCNji1Kcg10QkUXqIIYxtOcYYusmtW35alldR0X3Pv1YwqPOn8EmG1jQT2bLg_7I52WGOMmXI-NM5osZ_v-HxZxTPyBa-iuUhBTDm1ixRqf_YOuqkPSx3XJfcFyhS2pQfHg93hMbs4Slot2OJTzcUV24CBTLcVjEZdGmxt7_tRV9fK4AP8QdVNsvXnyTZOf7Rl-hdMlf4zJklaq2RVvzKbPxYsWUaiT-vXA65jf6A8vSoHj16B9P_pfnMFH7kYZPvVVxFxObA="
"pages/response-model-reference.adoc","technical","983","url","https://niolesk.top/#https://kroki.io/blockdiag/svg/eNrtVE1rGzEQPXt_xaBeWtjajhNISGih8QcETDFJWgolLLI03lWilRZJTu0E3_Mr-uP6Szqys-umpU1aeuihOiyjp_dmRtonTbUVV1LxHG6TTgcmPEfoBBSFUYLrdZQ59JU1HttFKDWclN9xMhUR3xFcnKOR6JTJs75TgSJrstN7dfbhbJChxhJNaF9WOTwfqXzuEHq7-20g8WGjbsS1FkgL99oXsc8zDOArbqDE4NQiAVhPs09KhgJewd7BUYMVqPIiELjTW4MSZ3yuQzazJnh1g3Fl7yhJcmfnFdygs9kmvE0S9uu-GLx8DQwX4fDd8Xi4CGg8rXqWAhNTcXgyqKO3vCTyR6kcVTPW4MXTUkftAL1wqgq0-CBFCppPUdOMddvtL3ef2W8kfc-1kjygbDgTZyt0Ybltum_NTEk6ckXksBzjNeq-lX-2EeLUCNWe47oIgW-qSpONphonUSZrfHgdSws8m0cCNji1Kcg10QkUXqIIYxtOcYYusmtW35alldR0X3Pv1YwqPOn8EmG1jQT2bLg_7I52WGOMmXI-NM5osZ_v-HxZxTPyBa-iuUhBTDm1ixRqf_YOuqkPSx3XJfcFyhS2pQfHg93hMbs4Slot2OJTzcUV24CBTLcVjEZdGmxt7_tRV9fK4AP8QdVNsvXnyTZOf7Rl-hdMlf4zJklaq2RVvzKbPxYsWUaiT-vXA65jf6A8vSoHj16B9P_pfnMFH7kYZPvVVxFxObA="
"pages/response-model-reference.adoc","technical","990","image-url","https://kroki.io/blockdiag/svg/eNrtVNuO0zAQfW6-YmReQAptt9sVVSuQKGmlSiwse0FIaBU59jTxrmNHsQPtrvrOV_BxfAlO2rRqCkXiFfwQ2WeOj52Z44mkZvdc0BgevU4HLmiM0LHIEiUYldUszNFkWhlsJzaVMEsbnFCUiOkwyi43zPAjlQWGn66CECWmqGz7Lovh6VTERY7QOx20wdGHNb-ig6PDhv6svMwVWjAZVZCizcXCA6iW4VfBbQIvoT8YbbEERZxYB570KpDjnBbShnOtrBEPWEb6I8-Lc11k8IC5DtfTR88jB1ch8PwVEFzY4c347WRhURnhgsQHwiI2nAUEPnORO1GlFd7-VqEkB2hYLjLrBOr9NXNPxQdJI5RuRbrt9o9v38lx3Rp-nepC2ab0WCiaL99Hd8gOYm80xyYWUHuAud9sIoq7kludNwPnSI2rbBN-V6SYC9aEPxRUWWGXTfxapAcSN5ezRrI9pqUul-TJ5MWkOz0h27rORW7strAtspe662VWZtwkNCvt4EiKI4_0wofaUb2zrm_sUpZxTk2C3IfdacE4OJ2Mye3Ia7Vgh0eSsnuyBq3zzG7DdNp1g1SG3Iz6dCkU7uF7p67Fqs9RF_p_tpj_z7nFa628Vd0_1pW12nmHo_HrvgBfqo4jjOsXg189M_9_4v_imR59W_2uezmrn7KVH_k="
"pages/response-model-reference.adoc","technical","990","url","https://kroki.io/blockdiag/svg/eNrtVNuO0zAQfW6-YmReQAptt9sVVSuQKGmlSiwse0FIaBU59jTxrmNHsQPtrvrOV_BxfAlO2rRqCkXiFfwQ2WeOj52Z44mkZvdc0BgevU4HLmiM0LHIEiUYldUszNFkWhlsJzaVMEsbnFCUiOkwyi43zPAjlQWGn66CECWmqGz7Lovh6VTERY7QOx20wdGHNb-ig6PDhv6svMwVWjAZVZCizcXCA6iW4VfBbQIvoT8YbbEERZxYB570KpDjnBbShnOtrBEPWEb6I8-Lc11k8IC5DtfTR88jB1ch8PwVEFzY4c347WRhURnhgsQHwiI2nAUEPnORO1GlFd7-VqEkB2hYLjLrBOr9NXNPxQdJI5RuRbrt9o9v38lx3Rp-nepC2ab0WCiaL99Hd8gOYm80xyYWUHuAud9sIoq7kludNwPnSI2rbBN-V6SYC9aEPxRUWWGXTfxapAcSN5ezRrI9pqUul-TJ5MWkOz0h27rORW7strAtspe662VWZtwkNCvt4EiKI4_0wofaUb2zrm_sUpZxTk2C3IfdacE4OJ2Mye3Ia7Vgh0eSsnuyBq3zzG7DdNp1g1SG3Iz6dCkU7uF7p67Fqs9RF_p_tpj_z7nFa628Vd0_1pW12nmHo_HrvgBfqo4jjOsXg189M_9_4v_imR59W_2uezmrn7KVH_k="
"pages/response-model-reference.adoc","technical","992","url","https://niolesk.top/#https://kroki.io/blockdiag/svg/eNrtVNuO0zAQfW6-YmReQAptt9sVVSuQKGmlSiwse0FIaBU59jTxrmNHsQPtrvrOV_BxfAlO2rRqCkXiFfwQ2WeOj52Z44mkZvdc0BgevU4HLmiM0LHIEiUYldUszNFkWhlsJzaVMEsbnFCUiOkwyi43zPAjlQWGn66CECWmqGz7Lovh6VTERY7QOx20wdGHNb-ig6PDhv6svMwVWjAZVZCizcXCA6iW4VfBbQIvoT8YbbEERZxYB570KpDjnBbShnOtrBEPWEb6I8-Lc11k8IC5DtfTR88jB1ch8PwVEFzY4c347WRhURnhgsQHwiI2nAUEPnORO1GlFd7-VqEkB2hYLjLrBOr9NXNPxQdJI5RuRbrt9o9v38lx3Rp-nepC2ab0WCiaL99Hd8gOYm80xyYWUHuAud9sIoq7kludNwPnSI2rbBN-V6SYC9aEPxRUWWGXTfxapAcSN5ezRrI9pqUul-TJ5MWkOz0h27rORW7strAtspe662VWZtwkNCvt4EiKI4_0wofaUb2zrm_sUpZxTk2C3IfdacE4OJ2Mye3Ia7Vgh0eSsnuyBq3zzG7DdNp1g1SG3Iz6dCkU7uF7p67Fqs9RF_p_tpj_z7nFa628Vd0_1pW12nmHo_HrvgBfqo4jjOsXg189M_9_4v_imR59W_2uezmrn7KVH_k="
"pages/response-model-reference.adoc","technical","1005","image-url","https://kroki.io/blockdiag/svg/eNrNUtuK2zAQfY6-YlBfWnAdbzal24QWmtqBwhYWsoVCCUa2Jra6smQkuc3ukvd-RT-uX1LZ3sSbpbenUj0YzRmdmfGZk0mdX3HBCrgl4zFcsAJh7DAvlciZ7G6pQVtrZTEsXSXhbfXgTSpaxI5zlr-ua-mxTOIFGqF5-mEVpyixQuXCT3UBj5eiaAzC5PRFCJ4we8gAz4A7xpN2ohU6sDVTUKEzYksAujD9Irgr4SVMz-YHrERRlM6DJ5MO5LhhjXTpRitnxQ22memckMLopoYbNDrtr7eE0J9NQ-HpK6C4dbP3i_Nk61BZ4ZWgAdA8y2crx4yLmcMj4FJUByBR_H7eh_ezcWOY8wXfIbNeFQofuTB-SKUVrn83UUdGmxtRt_w3mg81B_ioXgCSZSh9RKMw_P71G10Tkmup2wf0UfI8iZYn9CDORhjrDuqMaN_98rpup7Qlq1sxfVZx5JneBrDfx-RZFFh3Lds8Z7ZEHsDQJl7Ep8mCrudkNIIBzyTLr2gPOi_3QFguI39ot867s-8uhcIj_KhrX6z7_LsFBn-9GjLakd3e3712TvtFcbTB3rfwmckGQVjv57Nf2CH4L__uDxaZRt4Aux_9tHBr"
"pages/response-model-reference.adoc","technical","1005","url","https://kroki.io/blockdiag/svg/eNrNUtuK2zAQfY6-YlBfWnAdbzal24QWmtqBwhYWsoVCCUa2Jra6smQkuc3ukvd-RT-uX1LZ3sSbpbenUj0YzRmdmfGZk0mdX3HBCrgl4zFcsAJh7DAvlciZ7G6pQVtrZTEsXSXhbfXgTSpaxI5zlr-ua-mxTOIFGqF5-mEVpyixQuXCT3UBj5eiaAzC5PRFCJ4we8gAz4A7xpN2ohU6sDVTUKEzYksAujD9Irgr4SVMz-YHrERRlM6DJ5MO5LhhjXTpRitnxQ22memckMLopoYbNDrtr7eE0J9NQ-HpK6C4dbP3i_Nk61BZ4ZWgAdA8y2crx4yLmcMj4FJUByBR_H7eh_ezcWOY8wXfIbNeFQofuTB-SKUVrn83UUdGmxtRt_w3mg81B_ioXgCSZSh9RKMw_P71G10Tkmup2wf0UfI8iZYn9CDORhjrDuqMaN_98rpup7Qlq1sxfVZx5JneBrDfx-RZFFh3Lds8Z7ZEHsDQJl7Ep8mCrudkNIIBzyTLr2gPOi_3QFguI39ot867s-8uhcIj_KhrX6z7_LsFBn-9GjLakd3e3712TvtFcbTB3rfwmckGQVjv57Nf2CH4L__uDxaZRt4Aux_9tHBr"
"pages/response-model-reference.adoc","technical","1007","url","https://niolesk.top/#https://kroki.io/blockdiag/svg/eNrNUtuK2zAQfY6-YlBfWnAdbzal24QWmtqBwhYWsoVCCUa2Jra6smQkuc3ukvd-RT-uX1LZ3sSbpbenUj0YzRmdmfGZk0mdX3HBCrgl4zFcsAJh7DAvlciZ7G6pQVtrZTEsXSXhbfXgTSpaxI5zlr-ua-mxTOIFGqF5-mEVpyixQuXCT3UBj5eiaAzC5PRFCJ4we8gAz4A7xpN2ohU6sDVTUKEzYksAujD9Irgr4SVMz-YHrERRlM6DJ5MO5LhhjXTpRitnxQ22memckMLopoYbNDrtr7eE0J9NQ-HpK6C4dbP3i_Nk61BZ4ZWgAdA8y2crx4yLmcMj4FJUByBR_H7eh_ezcWOY8wXfIbNeFQofuTB-SKUVrn83UUdGmxtRt_w3mg81B_ioXgCSZSh9RKMw_P71G10Tkmup2wf0UfI8iZYn9CDORhjrDuqMaN_98rpup7Qlq1sxfVZx5JneBrDfx-RZFFh3Lds8Z7ZEHsDQJl7Ep8mCrudkNIIBzyTLr2gPOi_3QFguI39ot867s-8uhcIj_KhrX6z7_LsFBn-9GjLakd3e3712TvtFcbTB3rfwmckGQVjv57Nf2CH4L__uDxaZRt4Aux_9tHBr"
"pages/response-model-reference.adoc","technical","1014","image-url","https://kroki.io/blockdiag/svg/eNrVU02L2zAQPVu_YlAvLbiOkwa6bGgPixPIrZAeCmUxsjSx1ZUlY8m7yS6591f0x_WXVLZj54Nt79XBaJ7mjeaNnjNl-IOQLIcXMpnAF5YjTBzyQkvOVLdLa7SV0RajwpUK1uVVTipbxE4448tHKVBz3DRVpSSK9NsmSVFhidpFP6oc3q5k3tQIs3kcgSfcXjPAM-DIeNd2tEEHtmIaSnS13BGALkyfpHAFfIL5zWLECpR54Tw4nXWgwC1rlEu3Rjsrn7E9mS8IyWvTVPCMtUn77QshlML7z0Bf64nCdyFrT9ZGYwiKZah8ROMo-v3zF70nf2F19TJ-u04uKrT5R7TNYM7ryhqH9iqLcKNMG9I3y4_LeDWlY-tbWVs39h7Q67u_7iv01WzBqla0z9MCRWZ2IQxzm8VxaN1eteeC2QJFCKcLk7vkw_KO3i9IEMAJzxTjD7QHHe7cibBaxX7RbuzHNdyupMYL_OLWvlj3GcZCSNBLs8iNFiedAV0n_5W0XtbZCxMfw4EEB3IYzN137Yx_dYE2HEwLj0w1CNJ6M9-07hwl-7-19GM51xvCaP1Z7JW9bsjwzI7_nN-8q3FhzGEce1TKPJ3lTtvcwx-PHU25"
"pages/response-model-reference.adoc","technical","1014","url","https://kroki.io/blockdiag/svg/eNrVU02L2zAQPVu_YlAvLbiOkwa6bGgPixPIrZAeCmUxsjSx1ZUlY8m7yS6591f0x_WXVLZj54Nt79XBaJ7mjeaNnjNl-IOQLIcXMpnAF5YjTBzyQkvOVLdLa7SV0RajwpUK1uVVTipbxE4448tHKVBz3DRVpSSK9NsmSVFhidpFP6oc3q5k3tQIs3kcgSfcXjPAM-DIeNd2tEEHtmIaSnS13BGALkyfpHAFfIL5zWLECpR54Tw4nXWgwC1rlEu3Rjsrn7E9mS8IyWvTVPCMtUn77QshlML7z0Bf64nCdyFrT9ZGYwiKZah8ROMo-v3zF70nf2F19TJ-u04uKrT5R7TNYM7ryhqH9iqLcKNMG9I3y4_LeDWlY-tbWVs39h7Q67u_7iv01WzBqla0z9MCRWZ2IQxzm8VxaN1eteeC2QJFCKcLk7vkw_KO3i9IEMAJzxTjD7QHHe7cibBaxX7RbuzHNdyupMYL_OLWvlj3GcZCSNBLs8iNFiedAV0n_5W0XtbZCxMfw4EEB3IYzN137Yx_dYE2HEwLj0w1CNJ6M9-07hwl-7-19GM51xvCaP1Z7JW9bsjwzI7_nN-8q3FhzGEce1TKPJ3lTtvcwx-PHU25"
"pages/response-model-reference.adoc","technical","1016","url","https://niolesk.top/#https://kroki.io/blockdiag/svg/eNrVU02L2zAQPVu_YlAvLbiOkwa6bGgPixPIrZAeCmUxsjSx1ZUlY8m7yS6591f0x_WXVLZj54Nt79XBaJ7mjeaNnjNl-IOQLIcXMpnAF5YjTBzyQkvOVLdLa7SV0RajwpUK1uVVTipbxE4448tHKVBz3DRVpSSK9NsmSVFhidpFP6oc3q5k3tQIs3kcgSfcXjPAM-DIeNd2tEEHtmIaSnS13BGALkyfpHAFfIL5zWLECpR54Tw4nXWgwC1rlEu3Rjsrn7E9mS8IyWvTVPCMtUn77QshlML7z0Bf64nCdyFrT9ZGYwiKZah8ROMo-v3zF70nf2F19TJ-u04uKrT5R7TNYM7ryhqH9iqLcKNMG9I3y4_LeDWlY-tbWVs39h7Q67u_7iv01WzBqla0z9MCRWZ2IQxzm8VxaN1eteeC2QJFCKcLk7vkw_KO3i9IEMAJzxTjD7QHHe7cibBaxX7RbuzHNdyupMYL_OLWvlj3GcZCSNBLs8iNFiedAV0n_5W0XtbZCxMfw4EEB3IYzN137Yx_dYE2HEwLj0w1CNJ6M9-07hwl-7-19GM51xvCaP1Z7JW9bsjwzI7_nN-8q3FhzGEce1TKPJ3lTtvcwx-PHU25"
"pages/response-model-reference.adoc","technical","1037","url","https://docs.oasis-open.org/ubl/os-UBL-2.4/xsdrt/common/UBL-CommonAggregateComponents-2.4.xsd"
"pages/response-model-reference.adoc","technical","1086","url","https://docs.oasis-open.org/ubl/os-UBL-2.4/xsdrt/common/UBL-CommonAggregateComponents-2.4.xsd"
"pages/response-model-reference.adoc","technical","1109","url","https://docs.oasis-open.org/ubl/os-UBL-2.4/xsdrt/common/UBL-CommonAggregateComponents-2.4.xsd"
"pages/response-model-reference.adoc","technical","1130","url","https://docs.oasis-open.org/ubl/os-UBL-2.4/xsdrt/common/UBL-CommonAggregateComponents-2.4.xsd"
"pages/response-model-reference.adoc","technical","1192","url","https://github.com/OP-TED/espd-validation-schematron/blob/v5.0.0/common/xml/ESPD-Response-BASE.xml#L8588-L8639"
"pages/response-model-reference.adoc","technical","1212","url","https://github.com/OP-TED/espd-validation-schematron/blob/v5.0.0/common/xml/ESPD-Response-BASE.xml#L13482-L13520"
"pages/response-model-reference.adoc","technical","1233","url","https://github.com/OP-TED/espd-validation-schematron/blob/v5.0.0/common/xml/ESPD-Response-BASE.xml"
"pages/response-model-reference.adoc","technical","1237","image-url","https://kroki.io/blockdiag/svg/eNrdVN2KEzEUvu48xSHeKMR2WgsuLXrRnRYKRRarIMgypJPTmbiZZJhk1naX3vsUPpxPYjLdmf6gqLt35iIkX84f5_tOVlInN1ywFO6DXg-uWIrQs5hkSiRM1qe4RFNoZbCb2VzCPD-ziYVHTC9hyfRWcFQJxp-WUeyjlizvfilSeD4TaVUiDIb9LjjDUWMJzhIeLF_4CpZowRRMQY62FJsAoL7GXwW3GbyB4cW4xTIUaWYd2B_UIMc1q6SN11pZI-7QvwzHQZCWuirgDksd74_3QUAIvHwL5LgWAp-5KJ2T0gopSLZC6W4k7HZ_fPtOroMza--PGzv6OFlMNxaVEa5LhLqgq2Q0j5pT4_BhW-Cl5tjg71h-mvKXCbxlhCYpRWFd_Mb5kikuOLO4tG7LUdnHVF9H0mrtMSuYFHa7wFuUbZlHHnNjKqHSK1ba7V-U7ZBIJ5Wv7D2usXxsgz2yYCqtnMbO0gaJltpfybPp62k465OW67UojW3J7pBjDlwUk7HCq8O9K458pTcUGoEN-iE1div9O2cmQ07hkCiaRK-mE3I9DjodOOAryZIbsget08TBYTYL3SK1Ph9Wk10KhSf4SdZ9sHp7ssrov-iIPkEX9HfM0zMmg84u2DXzvm-91Y5XjoY2cwy3TFYIwrj5vvAD2_LmPoxcK35EWkih_Q0GoaPnVEr0f-zhH3Q89G3Y_QQBT-QH"
"pages/response-model-reference.adoc","technical","1237","url","https://kroki.io/blockdiag/svg/eNrdVN2KEzEUvu48xSHeKMR2WgsuLXrRnRYKRRarIMgypJPTmbiZZJhk1naX3vsUPpxPYjLdmf6gqLt35iIkX84f5_tOVlInN1ywFO6DXg-uWIrQs5hkSiRM1qe4RFNoZbCb2VzCPD-ziYVHTC9hyfRWcFQJxp-WUeyjlizvfilSeD4TaVUiDIb9LjjDUWMJzhIeLF_4CpZowRRMQY62FJsAoL7GXwW3GbyB4cW4xTIUaWYd2B_UIMc1q6SN11pZI-7QvwzHQZCWuirgDksd74_3QUAIvHwL5LgWAp-5KJ2T0gopSLZC6W4k7HZ_fPtOroMza--PGzv6OFlMNxaVEa5LhLqgq2Q0j5pT4_BhW-Cl5tjg71h-mvKXCbxlhCYpRWFd_Mb5kikuOLO4tG7LUdnHVF9H0mrtMSuYFHa7wFuUbZlHHnNjKqHSK1ba7V-U7ZBIJ5Wv7D2usXxsgz2yYCqtnMbO0gaJltpfybPp62k465OW67UojW3J7pBjDlwUk7HCq8O9K458pTcUGoEN-iE1div9O2cmQ07hkCiaRK-mE3I9DjodOOAryZIbsget08TBYTYL3SK1Ph9Wk10KhSf4SdZ9sHp7ssrov-iIPkEX9HfM0zMmg84u2DXzvm-91Y5XjoY2cwy3TFYIwrj5vvAD2_LmPoxcK35EWkih_Q0GoaPnVEr0f-zhH3Q89G3Y_QQBT-QH"
"pages/response-model-reference.adoc","technical","1239","url","https://niolesk.top/#https://kroki.io/blockdiag/svg/eNrdVN2KEzEUvu48xSHeKMR2WgsuLXrRnRYKRRarIMgypJPTmbiZZJhk1naX3vsUPpxPYjLdmf6gqLt35iIkX84f5_tOVlInN1ywFO6DXg-uWIrQs5hkSiRM1qe4RFNoZbCb2VzCPD-ziYVHTC9hyfRWcFQJxp-WUeyjlizvfilSeD4TaVUiDIb9LjjDUWMJzhIeLF_4CpZowRRMQY62FJsAoL7GXwW3GbyB4cW4xTIUaWYd2B_UIMc1q6SN11pZI-7QvwzHQZCWuirgDksd74_3QUAIvHwL5LgWAp-5KJ2T0gopSLZC6W4k7HZ_fPtOroMza--PGzv6OFlMNxaVEa5LhLqgq2Q0j5pT4_BhW-Cl5tjg71h-mvKXCbxlhCYpRWFd_Mb5kikuOLO4tG7LUdnHVF9H0mrtMSuYFHa7wFuUbZlHHnNjKqHSK1ba7V-U7ZBIJ5Wv7D2usXxsgz2yYCqtnMbO0gaJltpfybPp62k465OW67UojW3J7pBjDlwUk7HCq8O9K458pTcUGoEN-iE1div9O2cmQ07hkCiaRK-mE3I9DjodOOAryZIbsget08TBYTYL3SK1Ph9Wk10KhSf4SdZ9sHp7ssrov-iIPkEX9HfM0zMmg84u2DXzvm-91Y5XjoY2cwy3TFYIwrj5vvAD2_LmPoxcK35EWkih_Q0GoaPnVEr0f-zhH3Q89G3Y_QQBT-QH"
"pages/response-model-reference.adoc","technical","1244","image-url","https://kroki.io/blockdiag/svg/eNrlVv9q2zAQ_jt-CuEy2MBL0qyjXcsGTZOwwrqW_mIwSlCsi63Wlowkd0lL_t9T7OH2JDs5dpw0cbrBVsZmSCx_J919-nQnbhBJ_4ZxGpB7p9EgJzQA0jDgh4L7NMpGfQU6kUJDPTRxRA7jB3P63CK64VO_I_00BmFOYQgKhA99LjRn8KzVRGv3FocW_HTW6duYisb16yQgz3s8SBWQ1larTnDi7pIfMvWTGQs3BN2Q3M0LS_4MDNEJFSQGo_jIIST77H_hzITkLdna2ZthIfAgNAhutjKQwZCmkekPpTCa34G1bGUWJ1AyTcgdKNmfDu8dx5eRVDjH3ehud5u9TXfPcVyXvHxH3HmKJbK0I5d8Zty6EFKARyI6gMg6bNbr379-c6_QX8W6zOWgNJ0ZalJ9INmiz6ufdtAB7SueGC7Fo6zW-kTTvjHUD63R9abIJY0442Z8AopLVqCHWqegTqgy4wI6BY0ncDy8xIlDzKwlPoUmczGyuDAyuxftD92RAcwSzNTMI26wGw-AMWAF3zYXVI2PB9fgm6o5BRvrTQkarT6wgsqKWSsZkSLcxelhMSwivqc6LDA73o8CqbgJ4yMwYa6YJTpKuBp3qIFF5JzHM-QIx1ki5N89qWJq5pGu8CXjIpjHDkKqqI8bwQJaWM0j-EjjlWlVsfFsX7-QTnlxDbnSZlZdtVl1DSLq32Bt1QwqWtZcr9fEx-I6pImt1YgLsJ9mHNlPhjICQ6BWwwKuVSStU3Nq05gafClYScAuWyZh0Soi1vaATAatJmT_q2rYqy5O78_UmIOEpls3IVcLMrhlrPNxYjOh2CTOEVg2AznySHHBbm43vcUde6WMG51251W37V5lKlQIvFbhVRKv0DiHn-payMPlrzyfZapMOC-k1XJp7W-WtFrVx4St0LYqhfEp7f_aZect32LTgp049j974W_iTIqeY3pWRuItx0B7RS9BbmmUYueiscfYsd3B7KCxaYnxvilPudX0yKwjaTXxPBfbCK-qifD-omukskK8_yFH1pdx63V2qE_Wqazl8sZymfwAF0LOuQ=="
"pages/response-model-reference.adoc","technical","1244","url","https://kroki.io/blockdiag/svg/eNrlVv9q2zAQ_jt-CuEy2MBL0qyjXcsGTZOwwrqW_mIwSlCsi63Wlowkd0lL_t9T7OH2JDs5dpw0cbrBVsZmSCx_J919-nQnbhBJ_4ZxGpB7p9EgJzQA0jDgh4L7NMpGfQU6kUJDPTRxRA7jB3P63CK64VO_I_00BmFOYQgKhA99LjRn8KzVRGv3FocW_HTW6duYisb16yQgz3s8SBWQ1larTnDi7pIfMvWTGQs3BN2Q3M0LS_4MDNEJFSQGo_jIIST77H_hzITkLdna2ZthIfAgNAhutjKQwZCmkekPpTCa34G1bGUWJ1AyTcgdKNmfDu8dx5eRVDjH3ehud5u9TXfPcVyXvHxH3HmKJbK0I5d8Zty6EFKARyI6gMg6bNbr379-c6_QX8W6zOWgNJ0ZalJ9INmiz6ufdtAB7SueGC7Fo6zW-kTTvjHUD63R9abIJY0442Z8AopLVqCHWqegTqgy4wI6BY0ncDy8xIlDzKwlPoUmczGyuDAyuxftD92RAcwSzNTMI26wGw-AMWAF3zYXVI2PB9fgm6o5BRvrTQkarT6wgsqKWSsZkSLcxelhMSwivqc6LDA73o8CqbgJ4yMwYa6YJTpKuBp3qIFF5JzHM-QIx1ki5N89qWJq5pGu8CXjIpjHDkKqqI8bwQJaWM0j-EjjlWlVsfFsX7-QTnlxDbnSZlZdtVl1DSLq32Bt1QwqWtZcr9fEx-I6pImt1YgLsJ9mHNlPhjICQ6BWwwKuVSStU3Nq05gafClYScAuWyZh0Soi1vaATAatJmT_q2rYqy5O78_UmIOEpls3IVcLMrhlrPNxYjOh2CTOEVg2AznySHHBbm43vcUde6WMG51251W37V5lKlQIvFbhVRKv0DiHn-payMPlrzyfZapMOC-k1XJp7W-WtFrVx4St0LYqhfEp7f_aZect32LTgp049j974W_iTIqeY3pWRuItx0B7RS9BbmmUYueiscfYsd3B7KCxaYnxvilPudX0yKwjaTXxPBfbCK-qifD-omukskK8_yFH1pdx63V2qE_Wqazl8sZymfwAF0LOuQ=="
"pages/response-model-reference.adoc","technical","1246","url","https://niolesk.top/#https://kroki.io/blockdiag/svg/eNrlVv9q2zAQ_jt-CuEy2MBL0qyjXcsGTZOwwrqW_mIwSlCsi63Wlowkd0lL_t9T7OH2JDs5dpw0cbrBVsZmSCx_J919-nQnbhBJ_4ZxGpB7p9EgJzQA0jDgh4L7NMpGfQU6kUJDPTRxRA7jB3P63CK64VO_I_00BmFOYQgKhA99LjRn8KzVRGv3FocW_HTW6duYisb16yQgz3s8SBWQ1larTnDi7pIfMvWTGQs3BN2Q3M0LS_4MDNEJFSQGo_jIIST77H_hzITkLdna2ZthIfAgNAhutjKQwZCmkekPpTCa34G1bGUWJ1AyTcgdKNmfDu8dx5eRVDjH3ehud5u9TXfPcVyXvHxH3HmKJbK0I5d8Zty6EFKARyI6gMg6bNbr379-c6_QX8W6zOWgNJ0ZalJ9INmiz6ufdtAB7SueGC7Fo6zW-kTTvjHUD63R9abIJY0442Z8AopLVqCHWqegTqgy4wI6BY0ncDy8xIlDzKwlPoUmczGyuDAyuxftD92RAcwSzNTMI26wGw-AMWAF3zYXVI2PB9fgm6o5BRvrTQkarT6wgsqKWSsZkSLcxelhMSwivqc6LDA73o8CqbgJ4yMwYa6YJTpKuBp3qIFF5JzHM-QIx1ki5N89qWJq5pGu8CXjIpjHDkKqqI8bwQJaWM0j-EjjlWlVsfFsX7-QTnlxDbnSZlZdtVl1DSLq32Bt1QwqWtZcr9fEx-I6pImt1YgLsJ9mHNlPhjICQ6BWwwKuVSStU3Nq05gafClYScAuWyZh0Soi1vaATAatJmT_q2rYqy5O78_UmIOEpls3IVcLMrhlrPNxYjOh2CTOEVg2AznySHHBbm43vcUde6WMG51251W37V5lKlQIvFbhVRKv0DiHn-payMPlrzyfZapMOC-k1XJp7W-WtFrVx4St0LYqhfEp7f_aZect32LTgp049j974W_iTIqeY3pWRuItx0B7RS9BbmmUYueiscfYsd3B7KCxaYnxvilPudX0yKwjaTXxPBfbCK-qifD-omukskK8_yFH1pdx63V2qE_Wqazl8sZymfwAF0LOuQ=="
"pages/response-model-reference.adoc","technical","1280","url","https://docs.oasis-open.org/ubl/os-UBL-2.4/xsdrt/common/UBL-CommonAggregateComponents-2.4.xsd"
"pages/response-model-reference.adoc","technical","1316","url","https://docs.oasis-open.org/ubl/os-UBL-2.4/xsdrt/common/UBL-CommonAggregateComponents-2.4.xsd"
"pages/response-model-reference.adoc","technical","1353","url","https://github.com/OP-TED/ESPD-EDM/tree/v5.0.0/xml-examples"
"pages/response-model-reference.adoc","technical","1391","url","https://docs.ted.europa.eu/ESPD-EDM/latest/technical/tech_request.html#lot_management"
"pages/selection-criteria.adoc","technical","18","image-url","https://kroki.io/pikchr/svg/eNrVVl1vmzAUfedXWKyT9lEikhZVnbSHhNEOqSVTQqfuqTLGCagEM-N89N_PQNIZAy5RN017SeR7r-89PvdcmxMKPgNzMIpT7U0Sp5jCsDRcWB9OqFZYtnFlGVmaNjE_gYDsQBFlZTuASEIoMHcWvAxCCyxipoWEVW7zreTW7vnuBOZsgMFH8M48Nd9rkFKybaShZFUGgiIZI-De1FZkgwGNlxEDZ4NLjpbhHQP63LlxbN-devo-SZBA9AggAxNTayvYXrFKfEKr0vcmYBFOefVtCoach2p5CNLm9rBOgz6_c_3xxL1x_R86KAibmIPiLypwDPhvC1EVkLMWnnh-WBUIYR7hEOh5gox8HTOD4qWRUbI4BTUT40iwYINrFhmrgOZRBvSW4uBAn4hbIpCj2Ef9iepiWnh8F87aujCSuuDYU29669oPV6439mx3fPMw98feF9e71stTSzxXp1PuaoAfKSTLvYNcIZ1ypHgQlHD7dzNv-t2ZKUD-DmkigmpIUIlpdMA0bFEcg2loMGIscbpv78ECN0vJkmcYdZjbFdifx3MJ88UeM-qCTCGLiQgkTnNxSXgyqpqLv3H6WsuGjUJHYRZzoeOn6bJtmixZlY791XNtPg7fZtMrZz7ntyxfPF8X3Vp9YWPjCJZSC1afmbLkmZo5V87M8WxnrkAqBjVRqefK6jVXVttcwSBO-MW5MLaEPlY9fjbl6yxLnmQjppsY4fwlyb46ce34wyPact7RlqBLVH3004YqUIMKejUl6GoKH7XFwmAYRQZiNBHYEjwSuavlihk_11CMXkBUMpzLcYcu6ELR0oHTTWM_IyTJGxikUijC6LGXMP73w9VkcIw4LzrEiSRx3o698bVz63i-Qp1iUBMXUsNCveSJ1PJ8osmTkZKS2gaBpZM_RMYqE33rAAnLgmUjX2W828XHGk5Zq3PvO0Jc_wparQXHSGPY9Z6EkjZsZ-a7V_xW8pUvSj2sCS5UYwt76SPs0kfJD_9u2HOW8_HhNgNhyrg5xJlg5zMpOHr1-PXpa1QMfwEhX7qi"
"pages/selection-criteria.adoc","technical","18","url","https://kroki.io/pikchr/svg/eNrVVl1vmzAUfedXWKyT9lEikhZVnbSHhNEOqSVTQqfuqTLGCagEM-N89N_PQNIZAy5RN017SeR7r-89PvdcmxMKPgNzMIpT7U0Sp5jCsDRcWB9OqFZYtnFlGVmaNjE_gYDsQBFlZTuASEIoMHcWvAxCCyxipoWEVW7zreTW7vnuBOZsgMFH8M48Nd9rkFKybaShZFUGgiIZI-De1FZkgwGNlxEDZ4NLjpbhHQP63LlxbN-devo-SZBA9AggAxNTayvYXrFKfEKr0vcmYBFOefVtCoach2p5CNLm9rBOgz6_c_3xxL1x_R86KAibmIPiLypwDPhvC1EVkLMWnnh-WBUIYR7hEOh5gox8HTOD4qWRUbI4BTUT40iwYINrFhmrgOZRBvSW4uBAn4hbIpCj2Ef9iepiWnh8F87aujCSuuDYU29669oPV6439mx3fPMw98feF9e71stTSzxXp1PuaoAfKSTLvYNcIZ1ypHgQlHD7dzNv-t2ZKUD-DmkigmpIUIlpdMA0bFEcg2loMGIscbpv78ECN0vJkmcYdZjbFdifx3MJ88UeM-qCTCGLiQgkTnNxSXgyqpqLv3H6WsuGjUJHYRZzoeOn6bJtmixZlY791XNtPg7fZtMrZz7ntyxfPF8X3Vp9YWPjCJZSC1afmbLkmZo5V87M8WxnrkAqBjVRqefK6jVXVttcwSBO-MW5MLaEPlY9fjbl6yxLnmQjppsY4fwlyb46ce34wyPact7RlqBLVH3004YqUIMKejUl6GoKH7XFwmAYRQZiNBHYEjwSuavlihk_11CMXkBUMpzLcYcu6ELR0oHTTWM_IyTJGxikUijC6LGXMP73w9VkcIw4LzrEiSRx3o698bVz63i-Qp1iUBMXUsNCveSJ1PJ8osmTkZKS2gaBpZM_RMYqE33rAAnLgmUjX2W828XHGk5Zq3PvO0Jc_wparQXHSGPY9Z6EkjZsZ-a7V_xW8pUvSj2sCS5UYwt76SPs0kfJD_9u2HOW8_HhNgNhyrg5xJlg5zMpOHr1-PXpa1QMfwEhX7qi"
"pages/selection-criteria.adoc","technical","20","url","https://niolesk.top/#https://kroki.io/pikchr/svg/eNrVVl1vmzAUfedXWKyT9lEikhZVnbSHhNEOqSVTQqfuqTLGCagEM-N89N_PQNIZAy5RN017SeR7r-89PvdcmxMKPgNzMIpT7U0Sp5jCsDRcWB9OqFZYtnFlGVmaNjE_gYDsQBFlZTuASEIoMHcWvAxCCyxipoWEVW7zreTW7vnuBOZsgMFH8M48Nd9rkFKybaShZFUGgiIZI-De1FZkgwGNlxEDZ4NLjpbhHQP63LlxbN-devo-SZBA9AggAxNTayvYXrFKfEKr0vcmYBFOefVtCoach2p5CNLm9rBOgz6_c_3xxL1x_R86KAibmIPiLypwDPhvC1EVkLMWnnh-WBUIYR7hEOh5gox8HTOD4qWRUbI4BTUT40iwYINrFhmrgOZRBvSW4uBAn4hbIpCj2Ef9iepiWnh8F87aujCSuuDYU29669oPV6439mx3fPMw98feF9e71stTSzxXp1PuaoAfKSTLvYNcIZ1ypHgQlHD7dzNv-t2ZKUD-DmkigmpIUIlpdMA0bFEcg2loMGIscbpv78ECN0vJkmcYdZjbFdifx3MJ88UeM-qCTCGLiQgkTnNxSXgyqpqLv3H6WsuGjUJHYRZzoeOn6bJtmixZlY791XNtPg7fZtMrZz7ntyxfPF8X3Vp9YWPjCJZSC1afmbLkmZo5V87M8WxnrkAqBjVRqefK6jVXVttcwSBO-MW5MLaEPlY9fjbl6yxLnmQjppsY4fwlyb46ce34wyPact7RlqBLVH3004YqUIMKejUl6GoKH7XFwmAYRQZiNBHYEjwSuavlihk_11CMXkBUMpzLcYcu6ELR0oHTTWM_IyTJGxikUijC6LGXMP73w9VkcIw4LzrEiSRx3o698bVz63i-Qp1iUBMXUsNCveSJ1PJ8osmTkZKS2gaBpZM_RMYqE33rAAnLgmUjX2W828XHGk5Zq3PvO0Jc_wparQXHSGPY9Z6EkjZsZ-a7V_xW8pUvSj2sCS5UYwt76SPs0kfJD_9u2HOW8_HhNgNhyrg5xJlg5zMpOHr1-PXpa1QMfwEhX7qi"
"pages/selection-criteria.adoc","technical","29","image-url","https://kroki.io/blockdiag/svg/eNrtVMtuEzEUXWe-wjIbkIZk0oICiWCRF6oUqooWsUDVyLHvzLj12CPbU5JW2fMVfBxfgj3J5EFKirpACDGL6Obe4-Nj-9w7FYpeM05SdBe0WuiMpIBaFmgmOSWiimINplDSQDOzuUAn-U-YmPuMaV2AZKC5TAeaWxcoGVNCz7SipYYcpHXhFVA7UfYDJKBBUmheFSl6Ouapg6DX7SZyK7r7RC2fPsz0zMs_B4tMQSTKwWo-CxCq_sZfOLMZeoM6L3vrXAY8zaxLto-qJIOElMLGiZLW8FvwlRdVJUi1Kgt0C1rFy_AuCKgSSjsMfjLqjKJxG_eCAN-vHqPnbxGGme1-7E9GMwvSuKzBIcJ0Srsnwzpar7iYFzBQDDD6zLjfRSoJl4f5PcEpyaEmG4Khmhe2AmzRhEiQKQgvPWo2v3_9hn-D-FN1Wadl7vK03mFcioQL_x4nkjkrWKUPlNZnWkFGN0SUxMt7DzZT7LFnXkrzNXen3MEqzu3T-w0f9E-NGqg8V4zb-UAQY3jixW-RnJfTe8SsihNIuRE7-H2w27sAbefvvJMefJmV9xKujV2br4H3af31OTaTkcJb1yEdgk3VLES1-486UWjsXPg6IyYDFqKNjYf94fGo73TvNMBlL2g00AY2FYRe42XSOktv1o_Hkftw1TGrrxYjuISd_I6IJVn187gmCQ-bP_zzFg7_BWsGjUWwqKfq0kNWOaMyMGE9LZG_AUDcuCn66pe9Gv5_2L9r5hyaEsdR5Jp-8QNaPcW1"
"pages/selection-criteria.adoc","technical","29","url","https://kroki.io/blockdiag/svg/eNrtVMtuEzEUXWe-wjIbkIZk0oICiWCRF6oUqooWsUDVyLHvzLj12CPbU5JW2fMVfBxfgj3J5EFKirpACDGL6Obe4-Nj-9w7FYpeM05SdBe0WuiMpIBaFmgmOSWiimINplDSQDOzuUAn-U-YmPuMaV2AZKC5TAeaWxcoGVNCz7SipYYcpHXhFVA7UfYDJKBBUmheFSl6Ouapg6DX7SZyK7r7RC2fPsz0zMs_B4tMQSTKwWo-CxCq_sZfOLMZeoM6L3vrXAY8zaxLto-qJIOElMLGiZLW8FvwlRdVJUi1Kgt0C1rFy_AuCKgSSjsMfjLqjKJxG_eCAN-vHqPnbxGGme1-7E9GMwvSuKzBIcJ0Srsnwzpar7iYFzBQDDD6zLjfRSoJl4f5PcEpyaEmG4Khmhe2AmzRhEiQKQgvPWo2v3_9hn-D-FN1Wadl7vK03mFcioQL_x4nkjkrWKUPlNZnWkFGN0SUxMt7DzZT7LFnXkrzNXen3MEqzu3T-w0f9E-NGqg8V4zb-UAQY3jixW-RnJfTe8SsihNIuRE7-H2w27sAbefvvJMefJmV9xKujV2br4H3af31OTaTkcJb1yEdgk3VLES1-486UWjsXPg6IyYDFqKNjYf94fGo73TvNMBlL2g00AY2FYRe42XSOktv1o_Hkftw1TGrrxYjuISd_I6IJVn187gmCQ-bP_zzFg7_BWsGjUWwqKfq0kNWOaMyMGE9LZG_AUDcuCn66pe9Gv5_2L9r5hyaEsdR5Jp-8QNaPcW1"
"pages/selection-criteria.adoc","technical","31","url","https://niolesk.top/#https://kroki.io/blockdiag/svg/eNrtVMtuEzEUXWe-wjIbkIZk0oICiWCRF6oUqooWsUDVyLHvzLj12CPbU5JW2fMVfBxfgj3J5EFKirpACDGL6Obe4-Nj-9w7FYpeM05SdBe0WuiMpIBaFmgmOSWiimINplDSQDOzuUAn-U-YmPuMaV2AZKC5TAeaWxcoGVNCz7SipYYcpHXhFVA7UfYDJKBBUmheFSl6Ouapg6DX7SZyK7r7RC2fPsz0zMs_B4tMQSTKwWo-CxCq_sZfOLMZeoM6L3vrXAY8zaxLto-qJIOElMLGiZLW8FvwlRdVJUi1Kgt0C1rFy_AuCKgSSjsMfjLqjKJxG_eCAN-vHqPnbxGGme1-7E9GMwvSuKzBIcJ0Srsnwzpar7iYFzBQDDD6zLjfRSoJl4f5PcEpyaEmG4Khmhe2AmzRhEiQKQgvPWo2v3_9hn-D-FN1Wadl7vK03mFcioQL_x4nkjkrWKUPlNZnWkFGN0SUxMt7DzZT7LFnXkrzNXen3MEqzu3T-w0f9E-NGqg8V4zb-UAQY3jixW-RnJfTe8SsihNIuRE7-H2w27sAbefvvJMefJmV9xKujV2br4H3af31OTaTkcJb1yEdgk3VLES1-486UWjsXPg6IyYDFqKNjYf94fGo73TvNMBlL2g00AY2FYRe42XSOktv1o_Hkftw1TGrrxYjuISd_I6IJVn187gmCQ-bP_zzFg7_BWsGjUWwqKfq0kNWOaMyMGE9LZG_AUDcuCn66pe9Gv5_2L9r5hyaEsdR5Jp-8QNaPcW1"
"pages/selection-criteria.adoc","technical","94","url","https://github.com/OP-TED/ESPD-EDM/tree/v5.0.0/xml-examples"
"pages/selection-criteria.adoc","technical","119","url","https://github.com/OP-TED/ESPD-EDM/tree/v5.0.0/xml-examples"
"pages/selection-criteria.adoc","technical","200","url","https://github.com/OP-TED/ESPD-EDM/tree/v5.0.0/xml-examples"
"pages/selection-criteria.adoc","technical","243","url","https://github.com/OP-TED/ESPD-EDM/tree/v5.0.0/xml-examples"
"pages/selection-criteria.adoc","technical","301","url","https://github.com/OP-TED/ESPD-EDM/tree/v5.0.0/xml-examples"
"pages/selection-criteria.adoc","technical","333","url","https://github.com/OP-TED/ESPD-EDM/tree/v5.0.0/xml-examples"
"pages/selection-criteria.adoc","technical","344","url","https://www.bach.banque-france.fr/"
"pages/selection-criteria.adoc","technical","383","url","https://github.com/OP-TED/ESPD-EDM/tree/v5.0.0/xml-examples"
"pages/selection-criteria.adoc","technical","461","url","https://github.com/OP-TED/ESPD-EDM/tree/v5.0.0/xml-examples"
"pages/selection-criteria.adoc","technical","520","url","https://github.com/OP-TED/ESPD-EDM/tree/v5.0.0/xml-examples"
"pages/selection-criteria.adoc","technical","602","url","https://github.com/OP-TED/ESPD-EDM/tree/v5.0.0/xml-examples"
"pages/selection-criteria.adoc","technical","690","url","https://github.com/OP-TED/ESPD-EDM/tree/v5.0.0/xml-examples"
"pages/selection-criteria.adoc","technical","707","url","https://github.com/OP-TED/ESPD-EDM/tree/v5.0.0/xml-examples"
"pages/selection-criteria.adoc","technical","727","url","https://ec.europa.eu/esco/portal"
"pages/selection-criteria.adoc","technical","731","url","https://eur-lex.europa.eu/legal-content/EN/TXT/?uri=uriserv%3AOJ.L_.2016.107.01.0001.01.ENG"
"pages/selection-criteria.adoc","technical","733","url","https://eur-lex.europa.eu/legal-content/EN/TXT/PDF/?uri=CELEX:32018D1020&from=EN"
"pages/selection-criteria.adoc","technical","734","url","https://eur-lex.europa.eu/legal-content/EN/TXT/PDF/?uri=CELEX:32018D1021&from=EN"
"pages/selection-criteria.adoc","technical","742","url","https://github.com/OP-TED/ESPD-EDM/tree/v5.0.0/xml-examples"
"pages/selection-criteria.adoc","technical","789","url","https://github.com/OP-TED/ESPD-EDM/tree/v5.0.0/xml-examples"
"pages/selection-criteria.adoc","technical","808","url","https://github.com/OP-TED/ESPD-EDM/tree/v5.0.0/xml-examples"
"pages/selection-criteria.adoc","technical","850","url","https://github.com/OP-TED/ESPD-EDM/tree/v5.0.0/xml-examples"
"pages/selection-criteria.adoc","technical","894","url","https://github.com/OP-TED/ESPD-EDM/tree/v5.0.0/xml-examples"
"pages/selection-criteria.adoc","technical","941","url","https://github.com/OP-TED/ESPD-EDM/tree/v5.0.0/xml-examples"
"pages/selection-criteria.adoc","technical","952","url","https://eur-lex.europa.eu/legal-content/EN/TXT/PDF/?uri=CELEX:32016R0007&from=EN"
"pages/selection-criteria.adoc","technical","976","url","https://github.com/OP-TED/ESPD-EDM/tree/v5.0.0/xml-examples"
"pages/standards-specifications.adoc","technical","19","url","https://docs.oasis-open.org/ubl/UBL-2.4/UBL-2.4.html"
"pages/standards-specifications.adoc","technical","20","url","https://docs.oasis-open.org/ubl/os-UBL-2.4/xsdrt/maindoc/"
"pages/standards-specifications.adoc","technical","21","url","https://www.oasis-open.org/committees/tc_home.php?wg_abbrev=ubl"
"pages/standards-specifications.adoc","technical","22","url","https://eur-lex.europa.eu/legal-content/EN/TXT/PDF/?uri=CELEX:32014D0771&from=EN"
"pages/standards-specifications.adoc","technical","31","url","http://docs.oasis-open.org/codelist/approved/genericode/oasis-code-list-representation-genericode.html"
"pages/standards-specifications.adoc","technical","32","url","https://github.com/OP-TED/ESPD-EDM/tree/v5.0.0/codelists"
"pages/standards-specifications.adoc","technical","41","url","https://www.schematron.com/"
"pages/standards-specifications.adoc","technical","43","url","https://github.com/OP-TED/espd-validation-schematron"
"pages/standards-specifications.adoc","technical","52","url","https://www.w3.org/TR/xslt-30/"
"pages/standards-specifications.adoc","technical","53","url","http://saxon.sourceforge.net/"
"pages/standards-specifications.adoc","technical","64","url","https://eur-lex.europa.eu/legal-content/EN/TXT/?uri=celex%3A32014L0024"
"pages/standards-specifications.adoc","technical","67","url","https://eur-lex.europa.eu/legal-content/EN/TXT/?uri=celex%3A32014L0025"
"pages/standards-specifications.adoc","technical","70","url","https://eur-lex.europa.eu/legal-content/EN/TXT/?uri=CELEX:32016R0007"
"pages/standards-specifications.adoc","technical","73","url","https://single-market-economy.ec.europa.eu/single-market/public-procurement/digital-procurement/eforms_en"
"pages/standards-specifications.adoc","technical","84","url","http://docs.oasis-open.org/codelist/ContextValueAssociation/doc/context-value-association.html"
"pages/standards-specifications.adoc","technical","85","url","https://cranesoftwrights.github.io/resources/ubl/index.htm#cva2sch"
"pages/standards-specifications.adoc","technical","94","url","https://www.iso.org/standard/61433.html"
"pages/standards-specifications.adoc","technical","95","url","https://docs.oasis-open.org/ubl/UBL-conformance-to-CCTS/v1.0/UBL-conformance-to-CCTS-v1.0.html"
"pages/tech_architecture.adoc","technical","21","image-url","https://kroki.io/pikchr/svg/eNq1Vu9vokoU_c5fcdPNJpoVOiCsth9eAgNumnTTvto2m7xsGpRR5wXBN6B2__t3h1GXIqD7K34Qr8O5955z7oXLS7gP5wwuczZdJHwaxsXVSyimC45X-VowY5EvY7hZVs69cBnJLoPxvf_ils6_3G2Y2HC2Nf5dzaEz4nMMgkkMkEehfBT2R7uaew3_uOY1TNJXEGEEzuoVLp4-317AhbxND_zP-gPLVmmSMd27e76AaRqnAsireWVRm8KMxzH-ch35wV-5FgqRbkH_63BS_ae51plpHs9Kg3jhNahkPNnwjE9iBlG6TcAi72Em0iW4ppGB5vZ_a3-CzxctXdq_s8uvmpeKiAmFmS94Alse5QtwjeL7AzEcjC2YrAmD6mIXDWVkypKcCU2TxOyKNk3k57hyzUMvaJ595AbvFjp37vhmDE8JR-dkYQzeOuMJyzK4DZP5Gh3ZxSb_Xocxn6FNc54m7moV7y4f2H9rluXGaxY1tTwgrm9_LPgtVeq8LVQdwhKtP1CikuXMGrWvqAPKYDDFMoMP0LF7pAtNgnl1gnlHgnkHwahUg5pVNYph3hGK_fhhHsI4F-tisJsqt-1Bn7a61wmvJpGD-az2fF-km08maYavjuKX8e0jjHjMOpmUB84Gbxp5ZEzOPKZy6jtROv8J6j6eSPir3A1-nbuT5DmSPGoO61qhacRi_gO282w6CM7j7upEwhbuSlka8S1yzF1BXRtvJeDDvBdDOuMiyyUekqVDh_SIMWyefFo3-fRo8ulh8n05-f4nu230Qa48JGXXxGnli626TDcMLOe9RLfa3PrD8GXkfpuW8IklTPApUB6xAj5rxC8JUMavPmGfcaVHxRZHNW4kh-mKiXDCY55_g0fJlseixiwj27OGVo3MHn7hWieG1QPdNIZOFxpF9utE9o9E9vciv6t7fOjEMNFHWiANEFhH-j-hV5_TaThZx6HgkriGjkaUEIIIVY0ZZSLnJ-6TJZlQDCykM1gJtuHpOkO4qrDs_u5noaoaslEqlj9dWHXVPwZ-E9TQ7lNCCyjDqgWrrvEHNke-pb1OLIrG8gY1A4FSjuVL-JSd0bRh1-C-8SpVq0i3DNIDs9tk06DOpsGRTYPDLlIbtXg44BuMtCmaFFPgUOA45GlhXrkDZVBX0crrWhOEXotxGiJTQ0l63wF8I1EA5tVZVWT7MiynhEJVGSosYewSjNp1ZRiqxladxnp2lWxVJSpokjaEQC0Yvf8GgqoOceMconuI3WDXQFi1EIdOyoQcg_h7Tp0yqYEiFavrS12qAP8D5_Bd0g=="
"pages/tech_architecture.adoc","technical","21","url","https://kroki.io/pikchr/svg/eNq1Vu9vokoU_c5fcdPNJpoVOiCsth9eAgNumnTTvto2m7xsGpRR5wXBN6B2__t3h1GXIqD7K34Qr8O5955z7oXLS7gP5wwuczZdJHwaxsXVSyimC45X-VowY5EvY7hZVs69cBnJLoPxvf_ils6_3G2Y2HC2Nf5dzaEz4nMMgkkMkEehfBT2R7uaew3_uOY1TNJXEGEEzuoVLp4-317AhbxND_zP-gPLVmmSMd27e76AaRqnAsireWVRm8KMxzH-ch35wV-5FgqRbkH_63BS_ae51plpHs9Kg3jhNahkPNnwjE9iBlG6TcAi72Em0iW4ppGB5vZ_a3-CzxctXdq_s8uvmpeKiAmFmS94Alse5QtwjeL7AzEcjC2YrAmD6mIXDWVkypKcCU2TxOyKNk3k57hyzUMvaJ595AbvFjp37vhmDE8JR-dkYQzeOuMJyzK4DZP5Gh3ZxSb_Xocxn6FNc54m7moV7y4f2H9rluXGaxY1tTwgrm9_LPgtVeq8LVQdwhKtP1CikuXMGrWvqAPKYDDFMoMP0LF7pAtNgnl1gnlHgnkHwahUg5pVNYph3hGK_fhhHsI4F-tisJsqt-1Bn7a61wmvJpGD-az2fF-km08maYavjuKX8e0jjHjMOpmUB84Gbxp5ZEzOPKZy6jtROv8J6j6eSPir3A1-nbuT5DmSPGoO61qhacRi_gO282w6CM7j7upEwhbuSlka8S1yzF1BXRtvJeDDvBdDOuMiyyUekqVDh_SIMWyefFo3-fRo8ulh8n05-f4nu230Qa48JGXXxGnli626TDcMLOe9RLfa3PrD8GXkfpuW8IklTPApUB6xAj5rxC8JUMavPmGfcaVHxRZHNW4kh-mKiXDCY55_g0fJlseixiwj27OGVo3MHn7hWieG1QPdNIZOFxpF9utE9o9E9vciv6t7fOjEMNFHWiANEFhH-j-hV5_TaThZx6HgkriGjkaUEIIIVY0ZZSLnJ-6TJZlQDCykM1gJtuHpOkO4qrDs_u5noaoaslEqlj9dWHXVPwZ-E9TQ7lNCCyjDqgWrrvEHNke-pb1OLIrG8gY1A4FSjuVL-JSd0bRh1-C-8SpVq0i3DNIDs9tk06DOpsGRTYPDLlIbtXg44BuMtCmaFFPgUOA45GlhXrkDZVBX0crrWhOEXotxGiJTQ0l63wF8I1EA5tVZVWT7MiynhEJVGSosYewSjNp1ZRiqxladxnp2lWxVJSpokjaEQC0Yvf8GgqoOceMconuI3WDXQFi1EIdOyoQcg_h7Tp0yqYEiFavrS12qAP8D5_Bd0g=="
"pages/tech_architecture.adoc","technical","23","url","https://niolesk.top/#https://kroki.io/pikchr/svg/eNq1Vu9vokoU_c5fcdPNJpoVOiCsth9eAgNumnTTvto2m7xsGpRR5wXBN6B2__t3h1GXIqD7K34Qr8O5955z7oXLS7gP5wwuczZdJHwaxsXVSyimC45X-VowY5EvY7hZVs69cBnJLoPxvf_ils6_3G2Y2HC2Nf5dzaEz4nMMgkkMkEehfBT2R7uaew3_uOY1TNJXEGEEzuoVLp4-317AhbxND_zP-gPLVmmSMd27e76AaRqnAsireWVRm8KMxzH-ch35wV-5FgqRbkH_63BS_ae51plpHs9Kg3jhNahkPNnwjE9iBlG6TcAi72Em0iW4ppGB5vZ_a3-CzxctXdq_s8uvmpeKiAmFmS94Alse5QtwjeL7AzEcjC2YrAmD6mIXDWVkypKcCU2TxOyKNk3k57hyzUMvaJ595AbvFjp37vhmDE8JR-dkYQzeOuMJyzK4DZP5Gh3ZxSb_Xocxn6FNc54m7moV7y4f2H9rluXGaxY1tTwgrm9_LPgtVeq8LVQdwhKtP1CikuXMGrWvqAPKYDDFMoMP0LF7pAtNgnl1gnlHgnkHwahUg5pVNYph3hGK_fhhHsI4F-tisJsqt-1Bn7a61wmvJpGD-az2fF-km08maYavjuKX8e0jjHjMOpmUB84Gbxp5ZEzOPKZy6jtROv8J6j6eSPir3A1-nbuT5DmSPGoO61qhacRi_gO282w6CM7j7upEwhbuSlka8S1yzF1BXRtvJeDDvBdDOuMiyyUekqVDh_SIMWyefFo3-fRo8ulh8n05-f4nu230Qa48JGXXxGnli626TDcMLOe9RLfa3PrD8GXkfpuW8IklTPApUB6xAj5rxC8JUMavPmGfcaVHxRZHNW4kh-mKiXDCY55_g0fJlseixiwj27OGVo3MHn7hWieG1QPdNIZOFxpF9utE9o9E9vciv6t7fOjEMNFHWiANEFhH-j-hV5_TaThZx6HgkriGjkaUEIIIVY0ZZSLnJ-6TJZlQDCykM1gJtuHpOkO4qrDs_u5noaoaslEqlj9dWHXVPwZ-E9TQ7lNCCyjDqgWrrvEHNke-pb1OLIrG8gY1A4FSjuVL-JSd0bRh1-C-8SpVq0i3DNIDs9tk06DOpsGRTYPDLlIbtXg44BuMtCmaFFPgUOA45GlhXrkDZVBX0crrWhOEXotxGiJTQ0l63wF8I1EA5tVZVWT7MiynhEJVGSosYewSjNp1ZRiqxladxnp2lWxVJSpokjaEQC0Yvf8GgqoOceMconuI3WDXQFi1EIdOyoQcg_h7Tp0yqYEiFavrS12qAP8D5_Bd0g=="
"pages/tech_architecture.adoc","technical","63","image-url","https://kroki.io/pikchr/svg/eNqNkMFOwzAQRO_5ilFOcHESSITokbQgLigSH2BtjessdezKdSH8PU5KpSonbrO7M29XWxToyGgUUavesSI7K0lB9ZxUPAUt-jhYvA4Ln-Spcyw2791aPp1-dJCdJSc-DwY3z2xSElUpSWAeYho6duY2y6IeI_K5vcqhvPUBW0tqnw3-SyOw6SNK0bDLNi_VCls_ItAHmsOI_MK5BMuxerxr6xY7tjZVdf1w3zapite0SpRnGi1wbz6y0sd_0M5XL9d_T38CRST2n2WBvHbQLwuieKs="
"pages/tech_architecture.adoc","technical","63","url","https://kroki.io/pikchr/svg/eNqNkMFOwzAQRO_5ilFOcHESSITokbQgLigSH2BtjessdezKdSH8PU5KpSonbrO7M29XWxToyGgUUavesSI7K0lB9ZxUPAUt-jhYvA4Ln-Spcyw2791aPp1-dJCdJSc-DwY3z2xSElUpSWAeYho6duY2y6IeI_K5vcqhvPUBW0tqnw3-SyOw6SNK0bDLNi_VCls_ItAHmsOI_MK5BMuxerxr6xY7tjZVdf1w3zapite0SpRnGi1wbz6y0sd_0M5XL9d_T38CRST2n2WBvHbQLwuieKs="
"pages/tech_architecture.adoc","technical","65","url","https://niolesk.top/#https://kroki.io/pikchr/svg/eNqNkMFOwzAQRO_5ilFOcHESSITokbQgLigSH2BtjessdezKdSH8PU5KpSonbrO7M29XWxToyGgUUavesSI7K0lB9ZxUPAUt-jhYvA4Ln-Spcyw2791aPp1-dJCdJSc-DwY3z2xSElUpSWAeYho6duY2y6IeI_K5vcqhvPUBW0tqnw3-SyOw6SNK0bDLNi_VCls_ItAHmsOI_MK5BMuxerxr6xY7tjZVdf1w3zapite0SpRnGi1wbz6y0sd_0M5XL9d_T38CRST2n2WBvHbQLwuieKs="
"pages/tech_architecture.adoc","technical","70","image-url","https://kroki.io/pikchr/svg/eNqtksFOwzAMhu99CqsSElzaDlqh7Ug7ELeKPUDltG4bSJeROqzw9KSFoWmapk3iZsf2__1xEoaQY0MQMpXtWpaopqhAU7bSRWwNBS13Cp67g75Cjid9uFzlWfFgP8kUL_RuqefgddPA9aNs3DDMokIEMNXht37jeUwDgz-dLnwotdIGhMLyzev0B4GRTcsQBYlce8un2QKEHsBgBclmAH8k7rQgoxqtYh_8DBlhxcZOrneq0TCb36ZxCrVUymVxfH-XJi5jD43RW2cwuvrrTXAuqmRk4iloanvWnfyi6t-54hQ3t0LJvqUKajeGDp4bXTpqR2tXdTFV53n4eYCLNrkdfwQgg3N5bP6MpexL4DGNCy-4rye-AS-A678="
"pages/tech_architecture.adoc","technical","70","url","https://kroki.io/pikchr/svg/eNqtksFOwzAMhu99CqsSElzaDlqh7Ug7ELeKPUDltG4bSJeROqzw9KSFoWmapk3iZsf2__1xEoaQY0MQMpXtWpaopqhAU7bSRWwNBS13Cp67g75Cjid9uFzlWfFgP8kUL_RuqefgddPA9aNs3DDMokIEMNXht37jeUwDgz-dLnwotdIGhMLyzev0B4GRTcsQBYlce8un2QKEHsBgBclmAH8k7rQgoxqtYh_8DBlhxcZOrneq0TCb36ZxCrVUymVxfH-XJi5jD43RW2cwuvrrTXAuqmRk4iloanvWnfyi6t-54hQ3t0LJvqUKajeGDp4bXTpqR2tXdTFV53n4eYCLNrkdfwQgg3N5bP6MpexL4DGNCy-4rye-AS-A678="
"pages/tech_architecture.adoc","technical","72","url","https://niolesk.top/#https://kroki.io/pikchr/svg/eNqtksFOwzAMhu99CqsSElzaDlqh7Ug7ELeKPUDltG4bSJeROqzw9KSFoWmapk3iZsf2__1xEoaQY0MQMpXtWpaopqhAU7bSRWwNBS13Cp67g75Cjid9uFzlWfFgP8kUL_RuqefgddPA9aNs3DDMokIEMNXht37jeUwDgz-dLnwotdIGhMLyzev0B4GRTcsQBYlce8un2QKEHsBgBclmAH8k7rQgoxqtYh_8DBlhxcZOrneq0TCb36ZxCrVUymVxfH-XJi5jD43RW2cwuvrrTXAuqmRk4iloanvWnfyi6t-54hQ3t0LJvqUKajeGDp4bXTpqR2tXdTFV53n4eYCLNrkdfwQgg3N5bP6MpexL4DGNCy-4rye-AS-A678="
"pages/tech_architecture.adoc","technical","77","image-url","https://kroki.io/pikchr/svg/eNqtklFrg0AMx9_9FEEYtC9qt8poX60be2pZP4DEM9XbTk_OuMo-_WJZSxmltLC35Eh-__yTC0PYYEkQMqmq0QrNIcrQqUpLxL2joOLawFv9py7T40sXptvNKkvX2Tt1rW06Cj7aEiYvupRWmEWZCiBVtrG1VrBuySFbB5N0PYVjx9TzmAYG_3Ld0gdljSS5QfXp1faLwOmyYoiCWDde-jpbQm4HcFhA3A7CkZFOdFjRDnvDPvgrZIQtu_7g64iNhtniMZknsNPGSDafPz8lsWTsoXN2Lyaih1NtjIu8iEdRvKqa9B2Ll28q_l04vyq87fNaM1MBO-lDUd84q0S2poZhjKm4bYjfo9y1zP34bQAZZM6LgBv2cs7Ai5A7PZ4D8x8f5PjN"
"pages/tech_architecture.adoc","technical","77","url","https://kroki.io/pikchr/svg/eNqtklFrg0AMx9_9FEEYtC9qt8poX60be2pZP4DEM9XbTk_OuMo-_WJZSxmltLC35Eh-__yTC0PYYEkQMqmq0QrNIcrQqUpLxL2joOLawFv9py7T40sXptvNKkvX2Tt1rW06Cj7aEiYvupRWmEWZCiBVtrG1VrBuySFbB5N0PYVjx9TzmAYG_3Ld0gdljSS5QfXp1faLwOmyYoiCWDde-jpbQm4HcFhA3A7CkZFOdFjRDnvDPvgrZIQtu_7g64iNhtniMZknsNPGSDafPz8lsWTsoXN2Lyaih1NtjIu8iEdRvKqa9B2Ll28q_l04vyq87fNaM1MBO-lDUd84q0S2poZhjKm4bYjfo9y1zP34bQAZZM6LgBv2cs7Ai5A7PZ4D8x8f5PjN"
"pages/tech_architecture.adoc","technical","79","url","https://niolesk.top/#https://kroki.io/pikchr/svg/eNqtklFrg0AMx9_9FEEYtC9qt8poX60be2pZP4DEM9XbTk_OuMo-_WJZSxmltLC35Eh-__yTC0PYYEkQMqmq0QrNIcrQqUpLxL2joOLawFv9py7T40sXptvNKkvX2Tt1rW06Cj7aEiYvupRWmEWZCiBVtrG1VrBuySFbB5N0PYVjx9TzmAYG_3Ld0gdljSS5QfXp1faLwOmyYoiCWDde-jpbQm4HcFhA3A7CkZFOdFjRDnvDPvgrZIQtu_7g64iNhtniMZknsNPGSDafPz8lsWTsoXN2Lyaih1NtjIu8iEdRvKqa9B2Ll28q_l04vyq87fNaM1MBO-lDUd84q0S2poZhjKm4bYjfo9y1zP34bQAZZM6LgBv2cs7Ai5A7PZ4D8x8f5PjN"
"pages/tech_architecture.adoc","technical","84","image-url","https://kroki.io/pikchr/svg/eNqlkE0OgjAQRvecYtJEl6YojQFX2hCXLjzBFKo2FkrqKPX2oiEGcWPicjLve_NDOhCwzfWuPUyxalaQ7zIGlwqthcJZ50FZLM5R5W4avDmeCPhMmDrKt3EGygXwWIJoArC9trog42rWJ3mI07lMJBxMZ-MhSZYLKbqKIvTetRBzPnmzAlNViqcXR-J1i778V6pGUulq8ljQD156PenrvPZkSAMSdPae-dh02MceGE8dMuoB4mB8YA=="
"pages/tech_architecture.adoc","technical","84","url","https://kroki.io/pikchr/svg/eNqlkE0OgjAQRvecYtJEl6YojQFX2hCXLjzBFKo2FkrqKPX2oiEGcWPicjLve_NDOhCwzfWuPUyxalaQ7zIGlwqthcJZ50FZLM5R5W4avDmeCPhMmDrKt3EGygXwWIJoArC9trog42rWJ3mI07lMJBxMZ-MhSZYLKbqKIvTetRBzPnmzAlNViqcXR-J1i778V6pGUulq8ljQD156PenrvPZkSAMSdPae-dh02MceGE8dMuoB4mB8YA=="
"pages/tech_architecture.adoc","technical","86","url","https://niolesk.top/#https://kroki.io/pikchr/svg/eNqlkE0OgjAQRvecYtJEl6YojQFX2hCXLjzBFKo2FkrqKPX2oiEGcWPicjLve_NDOhCwzfWuPUyxalaQ7zIGlwqthcJZ50FZLM5R5W4avDmeCPhMmDrKt3EGygXwWIJoArC9trog42rWJ3mI07lMJBxMZ-MhSZYLKbqKIvTetRBzPnmzAlNViqcXR-J1i778V6pGUulq8ljQD156PenrvPZkSAMSdPae-dh02MceGE8dMuoB4mB8YA=="
"pages/tech_br_espd_profile.adoc","technical","2736","url","http://eur-lex.europa.eu/legal-content/EN/TXT/?qid=1435830281783&uri=CELEX:32014L0024"
"pages/tech_br_espd_profile.adoc","technical","2738","url","http://eur-lex.europa.eu/legal-content/EN/TXT/?qid=1435830281783&uri=CELEX:32014L0025"
"pages/tech_busrules.adoc","technical","8","url","https://www.schematron.com/"
"pages/tech_busrules.adoc","technical","75","url","https://github.com/OP-TED/espd-validation-schematron"
"pages/tech_codelist.adoc","technical","56","url","https://github.com/OP-TED/ESPD-EDM/tree/v5.0.0/codelists"
"pages/tech_codelist.adoc","technical","79","url","https://docs.oasis-open.org/ubl/UBL-conformance-to-CCTS/v1.0/UBL-conformance-to-CCTS-v1.0.html"
"pages/tech_codelist.adoc","technical","87","image-url","https://kroki.io/blockdiag/svg/eNrFUstOwzAQPNdfsTIXkEIfgKBSBVLVEqkXhChwQVXkxtvE1LGj2IGWqv-OnRBSOHDFB2s9M_bujncpdbzmgiWwI70e3LMEoWcxTpWImayiKNYcpTC2m9pMwiz7pYmER0xv4mQRs7YQy9Ki6b7mCRyHIikLhKsueBpa-sSnm6MFkzMFGTp8QwCqY_QuuE3hGi6Go28sRZGk1oGDswrkuGKltNFKK2vEB3rmomJIUugyhw8sdFSHO0JiLXXhNPTodhhOb8_piBDqa3rc5kjh9Aao73E2pUEdjRNU8fb3-Y5l2CCH8TMWRmhVy1VDMJWUzpv2kaeHWRPO4xQz9AC8cOFLU1rhgnxVvxKFsd_ld2jrnNOblOW-YccqjnypNwE0ng2u-oGxW-l5zkyKPIC2-Wk_HE8u6WJEOh1o8aVk8ZrWoMWNbS-EYd8tWhn7tZrsUij8gf_IWj9Wbf_mLOnsyb4ZtNogq53PHE3QDBC8MVkiCOMGa3gwEsF_DsRfH3w26Lvv238C1ZUpOg=="
"pages/tech_codelist.adoc","technical","87","url","https://kroki.io/blockdiag/svg/eNrFUstOwzAQPNdfsTIXkEIfgKBSBVLVEqkXhChwQVXkxtvE1LGj2IGWqv-OnRBSOHDFB2s9M_bujncpdbzmgiWwI70e3LMEoWcxTpWImayiKNYcpTC2m9pMwiz7pYmER0xv4mQRs7YQy9Ki6b7mCRyHIikLhKsueBpa-sSnm6MFkzMFGTp8QwCqY_QuuE3hGi6Go28sRZGk1oGDswrkuGKltNFKK2vEB3rmomJIUugyhw8sdFSHO0JiLXXhNPTodhhOb8_piBDqa3rc5kjh9Aao73E2pUEdjRNU8fb3-Y5l2CCH8TMWRmhVy1VDMJWUzpv2kaeHWRPO4xQz9AC8cOFLU1rhgnxVvxKFsd_ld2jrnNOblOW-YccqjnypNwE0ng2u-oGxW-l5zkyKPIC2-Wk_HE8u6WJEOh1o8aVk8ZrWoMWNbS-EYd8tWhn7tZrsUij8gf_IWj9Wbf_mLOnsyb4ZtNogq53PHE3QDBC8MVkiCOMGa3gwEsF_DsRfH3w26Lvv238C1ZUpOg=="
"pages/tech_codelist.adoc","technical","112","image-url","https://kroki.io/blockdiag/svg/eNq9Ut9r2zAQfo7-ikN92cDNjy50gdBCaWrIyxjrtpdSjGJdbDWyZKzzlrTkf59sx1WyQh-rB3H33Sfd6dO30jbdSCUyeGGjEXwXGcKIMM2NSoVuoyS1ErVyNMyp0LAs_uMkqkHcaCnRkForrBJBVKlVTeiGT2UGn2KV1RXCbAiBBIH0uWl9jwSuFAYK9PiWAbRp8ldJyuEKprP5K5ajynLy4OSiBSWuRa0pWVtDTj1jU5m2FZZVti7hGSubdOELY6nVtvIcfnY3ixd3X_icMR4m-7krkcP5NXCX5ljgcsGjPv4mCgzZTYYm3R3XO-SU9Rsrp6w5pi0EiV8_lgFoEniQqhnLWIOP7DD5WlWOXkcf8KCa57tclM1jfdVIlCu7jaDXa_J1HDna6aYuhctRRhAevhjHN7eX_HHOBgMI-EqLdMM7kHBL4UAcj_3iraiH1XfXyuAJftK1u6zdPlhPNtizfW-tThayXl2JLuotA3-ErhGU81aavTFB9PEWeO9LLyZj_2H7f2UPLEE="
"pages/tech_codelist.adoc","technical","112","url","https://kroki.io/blockdiag/svg/eNq9Ut9r2zAQfo7-ikN92cDNjy50gdBCaWrIyxjrtpdSjGJdbDWyZKzzlrTkf59sx1WyQh-rB3H33Sfd6dO30jbdSCUyeGGjEXwXGcKIMM2NSoVuoyS1ErVyNMyp0LAs_uMkqkHcaCnRkForrBJBVKlVTeiGT2UGn2KV1RXCbAiBBIH0uWl9jwSuFAYK9PiWAbRp8ldJyuEKprP5K5ajynLy4OSiBSWuRa0pWVtDTj1jU5m2FZZVti7hGSubdOELY6nVtvIcfnY3ixd3X_icMR4m-7krkcP5NXCX5ljgcsGjPv4mCgzZTYYm3R3XO-SU9Rsrp6w5pi0EiV8_lgFoEniQqhnLWIOP7DD5WlWOXkcf8KCa57tclM1jfdVIlCu7jaDXa_J1HDna6aYuhctRRhAevhjHN7eX_HHOBgMI-EqLdMM7kHBL4UAcj_3iraiH1XfXyuAJftK1u6zdPlhPNtizfW-tThayXl2JLuotA3-ErhGU81aavTFB9PEWeO9LLyZj_2H7f2UPLEE="
"pages/tech_codelist.adoc","technical","184","url","https://github.com/OP-TED/ESPD-EDM/tree/v5.0.0/codelists"
"pages/tech_codelist.adoc","technical","413","url","http://publications.europa.eu/resource/authority/access-right"
"pages/tech_codelist.adoc","technical","415","url","http://publications.europa.eu/resource/dataset/access-right"
"pages/tech_codelist.adoc","technical","416","url","http://publications.europa.eu/resource/dataset/access-right/20240612-0"
"pages/tech_codelist.adoc","technical","417","url","http://publications.europa.eu/resource/distribution/access-right/20240612-0/xml/gc/AccessRight.gc"
"pages/tech_codelist.adoc","technical","442","url","https://github.com/OP-TED/ESPD-EDM"
"pages/tech_codelist.adoc","technical","465","url","http://publications.europa.eu/resource/authority/country"
"pages/tech_codelist.adoc","technical","467","url","http://publications.europa.eu/resource/dataset/country"
"pages/tech_codelist.adoc","technical","468","url","http://publications.europa.eu/resource/dataset/country/20250618-0"
"pages/tech_codelist.adoc","technical","469","url","http://publications.europa.eu/resource/distribution/country/20250618-0/xml/gc/Country.gc"
"pages/tech_codelist.adoc","technical","493","url","https://github.com/OP-TED/ESPD-EDM"
"pages/tech_codelist.adoc","technical","515","url","http://publications.europa.eu/resource/authority/currency"
"pages/tech_codelist.adoc","technical","517","url","http://publications.europa.eu/resource/dataset/currency"
"pages/tech_codelist.adoc","technical","518","url","http://publications.europa.eu/resource/dataset/currency/20250618-0"
"pages/tech_codelist.adoc","technical","519","url","http://publications.europa.eu/resource/distribution/currency/20250618-0/xml/gc/Currency.gc"
"pages/tech_codelist.adoc","technical","542","url","http://publications.europa.eu/resource/authority/docrefcontent-type"
"pages/tech_codelist.adoc","technical","544","url","http://publications.europa.eu/resource/dataset/docrefcontent-type"
"pages/tech_codelist.adoc","technical","545","url","http://publications.europa.eu/resource/dataset/docrefcontent-type/20250319-0"
"pages/tech_codelist.adoc","technical","546","url","http://publications.europa.eu/resource/distribution/docrefcontent-type/20250319-0/xml/gc/DocrefcontentType.gc"
"pages/tech_codelist.adoc","technical","569","url","http://publications.europa.eu/resource/authority/economic-operator-size"
"pages/tech_codelist.adoc","technical","571","url","http://publications.europa.eu/resource/dataset/economic-operator-size"
"pages/tech_codelist.adoc","technical","572","url","http://publications.europa.eu/resource/dataset/economic-operator-size/20240612-0"
"pages/tech_codelist.adoc","technical","573","url","http://publications.europa.eu/resource/distribution/economic-operator-size/20240612-0/xml/gc/EconomicOperatorSize.gc"
"pages/tech_codelist.adoc","technical","597","url","https://github.com/OP-TED/ESPD-EDM"
"pages/tech_codelist.adoc","technical","619","url","http://publications.europa.eu/resource/authority/eo-role-type"
"pages/tech_codelist.adoc","technical","621","url","http://publications.europa.eu/resource/dataset/eo-role-type"
"pages/tech_codelist.adoc","technical","622","url","http://publications.europa.eu/resource/dataset/eo-role-type/20211208-0"
"pages/tech_codelist.adoc","technical","623","url","http://publications.europa.eu/resource/distribution/eo-role-type/20211208-0/xml/gc/EoRoleType.gc"
"pages/tech_codelist.adoc","technical","644","url","http://publications.europa.eu/resource/authority/exclusion-ground"
"pages/tech_codelist.adoc","technical","646","url","http://publications.europa.eu/resource/dataset/exclusion-ground"
"pages/tech_codelist.adoc","technical","647","url","http://publications.europa.eu/resource/dataset/exclusion-ground/20250618-0"
"pages/tech_codelist.adoc","technical","648","url","http://publications.europa.eu/resource/distribution/exclusion-ground/20250618-0/xml/gc/ExclusionGround.gc"
"pages/tech_codelist.adoc","technical","673","url","https://github.com/OP-TED/ESPD-EDM"
"pages/tech_codelist.adoc","technical","699","url","http://publications.europa.eu/resource/authority/language"
"pages/tech_codelist.adoc","technical","701","url","http://publications.europa.eu/resource/dataset/language"
"pages/tech_codelist.adoc","technical","702","url","http://publications.europa.eu/resource/dataset/language/20250618-0"
"pages/tech_codelist.adoc","technical","703","url","http://publications.europa.eu/resource/distribution/language/20250618-0/xml/gc/Language.gc"
"pages/tech_codelist.adoc","technical","727","url","http://publications.europa.eu/resource/authority/occupation"
"pages/tech_codelist.adoc","technical","729","url","http://publications.europa.eu/resource/dataset/occupation"
"pages/tech_codelist.adoc","technical","730","url","http://publications.europa.eu/resource/dataset/occupation/20221214-0"
"pages/tech_codelist.adoc","technical","731","url","http://publications.europa.eu/resource/distribution/occupation/20221214-0/xml/gc/Occupation.gc"
"pages/tech_codelist.adoc","technical","755","url","https://github.com/OP-TED/ESPD-EDM"
"pages/tech_codelist.adoc","technical","776","url","https://github.com/OP-TED/ESPD-EDM"
"pages/tech_codelist.adoc","technical","797","url","https://github.com/OP-TED/ESPD-EDM"
"pages/tech_codelist.adoc","technical","817","url","http://publications.europa.eu/resource/authority/selection-criterion"
"pages/tech_codelist.adoc","technical","819","url","http://publications.europa.eu/resource/dataset/selection-criterion"
"pages/tech_codelist.adoc","technical","820","url","http://publications.europa.eu/resource/dataset/selection-criterion/20250319-0"
"pages/tech_codelist.adoc","technical","821","url","http://publications.europa.eu/resource/distribution/selection-criterion/20250319-0/xml/gc/SelectionCriterion.gc"
"pages/tech_codelist_examples.adoc","technical","23","url","http://publications.europa.eu/resource/authority/access-right"""
"pages/tech_codelist_examples.adoc","technical","114","url","http://publications.europa.eu/resource/authority/country"""
"pages/tech_codelist_examples.adoc","technical","134","url","http://publications.europa.eu/resource/authority/criterion"""
"pages/tech_codelist_examples.adoc","technical","181","url","http://publications.europa.eu/resource/authority/currency"""
"pages/tech_codelist_examples.adoc","technical","219","url","http://publications.europa.eu/resource/authority/docrefcontent-type"""
"pages/tech_codelist_examples.adoc","technical","224","url","http://ted.europa.eu/udl?uri%3DTED:NOTICE:293520-"
"pages/tech_codelist_examples.adoc","technical","250","url","http://publications.europa.eu/resource/authority/economic-operator-size"""
"pages/tech_codelist_examples.adoc","technical","293","url","http://publications.europa.eu/resource/authority/eo-role-type"""
"pages/tech_codelist_examples.adoc","technical","348","url","http://publications.europa.eu/resource/authority/criterion"""
"pages/tech_codelist_examples.adoc","technical","353","url","http://eur-lex.europa.eu/</cbc:URI>"
"pages/tech_codelist_examples.adoc","technical","356","url","http://publications.europa.eu/resource/authority/language"""
"pages/tech_codelist_examples.adoc","technical","372","url","http://publications.europa.eu/resource/authority/criterion"""
"pages/tech_codelist_examples.adoc","technical","389","url","http://publications.europa.eu/resource/authority/occupation"""
"pages/tech_codelist_examples.adoc","technical","389","url","http://data.europa.eu/esco/occupation/4d5bd738-9202-4fd7-bd8c-7dbe914048de</cbc:ExpectedCode>"
"pages/tech_codelist_examples.adoc","technical","394","url","http://data.europa.eu/esco/occupation/4d5bd738-9202-4fd7-bd8c-7dbe914048de*"
"pages/tech_common_aspects_for_criteria.adoc","technical","17","image-url","https://kroki.io/pikchr/svg/eNqlVsGSmzgQvfMVKm8OsSdDIQHJjKv2YI93t6bKtZVNMrkkOQiQbaUYyYtE7MnXb0vIGAzYrqwvFnT366dW9xOvCvQ7CnzChefNpuhLJnfCQ_BL5B6NbtIknT7Nl59ZobgUj4sv-NsI5d9LpZ3xAZbymf-kut_-vpArnjOwBL4_YPxjz9JyIL71asU14uIHVzXDHdcbJHaIanS33SOB5ArlVGlf7ZCiz-zAUm5fHkXGU6pl0cfk6alvb1Logqb6T5lnrDjj8Ddk6kN9VKpkC6pZew997DE5Q9_ifOL9SY5n01th9oPLUl1wkinLyoI9yKxB9ZvnzaeWJ_CbAdkM2M786v8GRZNXBdowvt6A1a8W3kMVMPqnpDlfmXpD1tl2m7vlB_ZvyZQegVeeOci5g3RY2I8Nsq2Nr0zuuQ_NuZiiTALjkbOIyqKAJHZJU5pO6zPhYv2eFvql9t-5AIZu0evgjWn6sT2NOWnGm2JAKZ6Z0LD8zlJ9BuGtQwibCJ-YgHaB_A8F17CQYhAB-4FDiJoIC6BgCHxgK1YwkbIRyqjasGwYJ3I4cRPnI18LqmE3l-PvqngoZkCPEO1zwu2DIhN449YVroNl0B2vAz82FYrHBjJxkCAliPjhCKlnmucHoMCPJibvEcxkgdjqbfXo-qFKYV6LnWGLa7bJKds61MG2U_TyvQUqhjAeIFxDJx3opA19IIorojPo0ZwLhlaFfEYL6GsjtLDHEOkNEyhnK420tDX2ZmTA-d2JMzHOYa8z9vGJc2icowHn-MQ5Ms7xgPP9iXMMzp4tF25N5wxDzFGz-zxI1wMEatJ2CrtON7Ms40ZQaN71PQsWXZMxbjl5v2WF3JlNo4SvES3MU6lgwm19lLdsFgoK7RoqfBP4QTxGa3kQtQ2jmQm7D6oSgiVoW44G7JOmAYfxkImQ-Bq4loG8a1KI2jFpLkEa4GrOUbAnZI6jBcwawZdVzsxEOOkOCJl0R6RSoaUvmnpxP4b2x9nUVbmgGYrhZqwqSzCUtnCa4San3Jo9NzqyHpPGhMHXDaDSQVRldbBiAIp8DCeHMTpkjSo0-wgluXB1LGVTw516kBMdNS_c0rBMLrEkHZb4AssL1xOQ3TK4Kv8qZLm9giawDIdYhv_nhEI6iDq49zrN0N7pdZu_bt84PXM6N7_GsHX1L9maq9x-K42qG3lAomBIDjpjU-JxRyM_lkk3ZlcVMrSXXTi-rIUwN-Y2s5mwjeqmwj1RSR1FBqL6cqUXo3pyhZYh7OvWUhwqhuIZp3DuL6fhyaEqkc1JrmEKQbXMn2b05nw9l_vqXG2jBNAp9SeYaS7ytvH5jO_Mw1ev8VWyPB6ubaevXipzWVg9vgujxX97pidp"
"pages/tech_common_aspects_for_criteria.adoc","technical","17","url","https://kroki.io/pikchr/svg/eNqlVsGSmzgQvfMVKm8OsSdDIQHJjKv2YI93t6bKtZVNMrkkOQiQbaUYyYtE7MnXb0vIGAzYrqwvFnT366dW9xOvCvQ7CnzChefNpuhLJnfCQ_BL5B6NbtIknT7Nl59ZobgUj4sv-NsI5d9LpZ3xAZbymf-kut_-vpArnjOwBL4_YPxjz9JyIL71asU14uIHVzXDHdcbJHaIanS33SOB5ArlVGlf7ZCiz-zAUm5fHkXGU6pl0cfk6alvb1Logqb6T5lnrDjj8Ddk6kN9VKpkC6pZew997DE5Q9_ifOL9SY5n01th9oPLUl1wkinLyoI9yKxB9ZvnzaeWJ_CbAdkM2M786v8GRZNXBdowvt6A1a8W3kMVMPqnpDlfmXpD1tl2m7vlB_ZvyZQegVeeOci5g3RY2I8Nsq2Nr0zuuQ_NuZiiTALjkbOIyqKAJHZJU5pO6zPhYv2eFvql9t-5AIZu0evgjWn6sT2NOWnGm2JAKZ6Z0LD8zlJ9BuGtQwibCJ-YgHaB_A8F17CQYhAB-4FDiJoIC6BgCHxgK1YwkbIRyqjasGwYJ3I4cRPnI18LqmE3l-PvqngoZkCPEO1zwu2DIhN449YVroNl0B2vAz82FYrHBjJxkCAliPjhCKlnmucHoMCPJibvEcxkgdjqbfXo-qFKYV6LnWGLa7bJKds61MG2U_TyvQUqhjAeIFxDJx3opA19IIorojPo0ZwLhlaFfEYL6GsjtLDHEOkNEyhnK420tDX2ZmTA-d2JMzHOYa8z9vGJc2icowHn-MQ5Ms7xgPP9iXMMzp4tF25N5wxDzFGz-zxI1wMEatJ2CrtON7Ms40ZQaN71PQsWXZMxbjl5v2WF3JlNo4SvES3MU6lgwm19lLdsFgoK7RoqfBP4QTxGa3kQtQ2jmQm7D6oSgiVoW44G7JOmAYfxkImQ-Bq4loG8a1KI2jFpLkEa4GrOUbAnZI6jBcwawZdVzsxEOOkOCJl0R6RSoaUvmnpxP4b2x9nUVbmgGYrhZqwqSzCUtnCa4San3Jo9NzqyHpPGhMHXDaDSQVRldbBiAIp8DCeHMTpkjSo0-wgluXB1LGVTw516kBMdNS_c0rBMLrEkHZb4AssL1xOQ3TK4Kv8qZLm9giawDIdYhv_nhEI6iDq49zrN0N7pdZu_bt84PXM6N7_GsHX1L9maq9x-K42qG3lAomBIDjpjU-JxRyM_lkk3ZlcVMrSXXTi-rIUwN-Y2s5mwjeqmwj1RSR1FBqL6cqUXo3pyhZYh7OvWUhwqhuIZp3DuL6fhyaEqkc1JrmEKQbXMn2b05nw9l_vqXG2jBNAp9SeYaS7ytvH5jO_Mw1ev8VWyPB6ubaevXipzWVg9vgujxX97pidp"
"pages/tech_common_aspects_for_criteria.adoc","technical","19","url","https://niolesk.top/#https://kroki.io/pikchr/svg/eNqlVsGSmzgQvfMVKm8OsSdDIQHJjKv2YI93t6bKtZVNMrkkOQiQbaUYyYtE7MnXb0vIGAzYrqwvFnT366dW9xOvCvQ7CnzChefNpuhLJnfCQ_BL5B6NbtIknT7Nl59ZobgUj4sv-NsI5d9LpZ3xAZbymf-kut_-vpArnjOwBL4_YPxjz9JyIL71asU14uIHVzXDHdcbJHaIanS33SOB5ArlVGlf7ZCiz-zAUm5fHkXGU6pl0cfk6alvb1Logqb6T5lnrDjj8Ddk6kN9VKpkC6pZew997DE5Q9_ifOL9SY5n01th9oPLUl1wkinLyoI9yKxB9ZvnzaeWJ_CbAdkM2M786v8GRZNXBdowvt6A1a8W3kMVMPqnpDlfmXpD1tl2m7vlB_ZvyZQegVeeOci5g3RY2I8Nsq2Nr0zuuQ_NuZiiTALjkbOIyqKAJHZJU5pO6zPhYv2eFvql9t-5AIZu0evgjWn6sT2NOWnGm2JAKZ6Z0LD8zlJ9BuGtQwibCJ-YgHaB_A8F17CQYhAB-4FDiJoIC6BgCHxgK1YwkbIRyqjasGwYJ3I4cRPnI18LqmE3l-PvqngoZkCPEO1zwu2DIhN449YVroNl0B2vAz82FYrHBjJxkCAliPjhCKlnmucHoMCPJibvEcxkgdjqbfXo-qFKYV6LnWGLa7bJKds61MG2U_TyvQUqhjAeIFxDJx3opA19IIorojPo0ZwLhlaFfEYL6GsjtLDHEOkNEyhnK420tDX2ZmTA-d2JMzHOYa8z9vGJc2icowHn-MQ5Ms7xgPP9iXMMzp4tF25N5wxDzFGz-zxI1wMEatJ2CrtON7Ms40ZQaN71PQsWXZMxbjl5v2WF3JlNo4SvES3MU6lgwm19lLdsFgoK7RoqfBP4QTxGa3kQtQ2jmQm7D6oSgiVoW44G7JOmAYfxkImQ-Bq4loG8a1KI2jFpLkEa4GrOUbAnZI6jBcwawZdVzsxEOOkOCJl0R6RSoaUvmnpxP4b2x9nUVbmgGYrhZqwqSzCUtnCa4San3Jo9NzqyHpPGhMHXDaDSQVRldbBiAIp8DCeHMTpkjSo0-wgluXB1LGVTw516kBMdNS_c0rBMLrEkHZb4AssL1xOQ3TK4Kv8qZLm9giawDIdYhv_nhEI6iDq49zrN0N7pdZu_bt84PXM6N7_GsHX1L9maq9x-K42qG3lAomBIDjpjU-JxRyM_lkk3ZlcVMrSXXTi-rIUwN-Y2s5mwjeqmwj1RSR1FBqL6cqUXo3pyhZYh7OvWUhwqhuIZp3DuL6fhyaEqkc1JrmEKQbXMn2b05nw9l_vqXG2jBNAp9SeYaS7ytvH5jO_Mw1ev8VWyPB6ubaevXipzWVg9vgujxX97pidp"
"pages/tech_common_aspects_for_criteria.adoc","technical","37","image-url","https://kroki.io/blockdiag/svg/eNrdVMtu2zAQvOsrFuqlBRi_YiCJg_bgV2HADYI6RQsUgUCRa4kpRQokldgJcu9X9OP6JSXlyolrwAF66KG3FXdmdrQcKZWafeOCZvAQtdtwSTOEtkOWK8GorKuEaY5SWNfKXSFhVvyBSUQ4sW1G2RUqjkaobGSE84VWyZfFOFmwHAvauikzeD0VWWUQjvst8ITBPgOOwHNgwyGQSZ1SCbcC794Ehwt0YEuqoEBnxCoCqB-TO8FdDm-hf3q-PctRZLnzh91efchxSSvpkqVWzop7DJ1-3Ykyo6sS7tHoZFM-RBHTUhuPiV9NTiadaTc-j6J43_DVusQYvtqclkHRsz2Cp3pFoDHVPesQ69Yy9Dm1OXICT-rj4fh4Moyvg3wMR-8gxpUbfBrOJyuHyvoRNiYQs5QNZuOm2hk_8jfkLXARBJVWeN0oBegFLbChjdEyI0rniTsEApKmKIOfTqv18_uPeEfic73Ji6rwI1mjNa3kUsgClZsp7qPgtDnQ2vr8DZncUlnRYOQDulzzl99jYyKs3m9E-Fuo2c_fKEj7UF0azXzIwnhf3iBzc-0-4hINKoYNaqSLQnPh1iNJrRXLYPOZyKJK9--6ac4xE1bu4PfBfnaJxq3fh0C9uO3osYn3JjVOeyhHS5rYQlgYgrA-zqdhL9vI-e-30Io_5a3XIbANf6_jk_V3kSKHA0T-fTjI_xGFQz-L3lm4sMdf013l5w=="
"pages/tech_common_aspects_for_criteria.adoc","technical","37","url","https://kroki.io/blockdiag/svg/eNrdVMtu2zAQvOsrFuqlBRi_YiCJg_bgV2HADYI6RQsUgUCRa4kpRQokldgJcu9X9OP6JSXlyolrwAF66KG3FXdmdrQcKZWafeOCZvAQtdtwSTOEtkOWK8GorKuEaY5SWNfKXSFhVvyBSUQ4sW1G2RUqjkaobGSE84VWyZfFOFmwHAvauikzeD0VWWUQjvst8ITBPgOOwHNgwyGQSZ1SCbcC794Ehwt0YEuqoEBnxCoCqB-TO8FdDm-hf3q-PctRZLnzh91efchxSSvpkqVWzop7DJ1-3Ykyo6sS7tHoZFM-RBHTUhuPiV9NTiadaTc-j6J43_DVusQYvtqclkHRsz2Cp3pFoDHVPesQ69Yy9Dm1OXICT-rj4fh4Moyvg3wMR-8gxpUbfBrOJyuHyvoRNiYQs5QNZuOm2hk_8jfkLXARBJVWeN0oBegFLbChjdEyI0rniTsEApKmKIOfTqv18_uPeEfic73Ji6rwI1mjNa3kUsgClZsp7qPgtDnQ2vr8DZncUlnRYOQDulzzl99jYyKs3m9E-Fuo2c_fKEj7UF0azXzIwnhf3iBzc-0-4hINKoYNaqSLQnPh1iNJrRXLYPOZyKJK9--6ac4xE1bu4PfBfnaJxq3fh0C9uO3osYn3JjVOeyhHS5rYQlgYgrA-zqdhL9vI-e-30Io_5a3XIbANf6_jk_V3kSKHA0T-fTjI_xGFQz-L3lm4sMdf013l5w=="
"pages/tech_common_aspects_for_criteria.adoc","technical","39","url","https://niolesk.top/#https://kroki.io/blockdiag/svg/eNrdVMtu2zAQvOsrFuqlBRi_YiCJg_bgV2HADYI6RQsUgUCRa4kpRQokldgJcu9X9OP6JSXlyolrwAF66KG3FXdmdrQcKZWafeOCZvAQtdtwSTOEtkOWK8GorKuEaY5SWNfKXSFhVvyBSUQ4sW1G2RUqjkaobGSE84VWyZfFOFmwHAvauikzeD0VWWUQjvst8ITBPgOOwHNgwyGQSZ1SCbcC794Ehwt0YEuqoEBnxCoCqB-TO8FdDm-hf3q-PctRZLnzh91efchxSSvpkqVWzop7DJ1-3Ykyo6sS7tHoZFM-RBHTUhuPiV9NTiadaTc-j6J43_DVusQYvtqclkHRsz2Cp3pFoDHVPesQ69Yy9Dm1OXICT-rj4fh4Moyvg3wMR-8gxpUbfBrOJyuHyvoRNiYQs5QNZuOm2hk_8jfkLXARBJVWeN0oBegFLbChjdEyI0rniTsEApKmKIOfTqv18_uPeEfic73Ji6rwI1mjNa3kUsgClZsp7qPgtDnQ2vr8DZncUlnRYOQDulzzl99jYyKs3m9E-Fuo2c_fKEj7UF0azXzIwnhf3iBzc-0-4hINKoYNaqSLQnPh1iNJrRXLYPOZyKJK9--6ac4xE1bu4PfBfnaJxq3fh0C9uO3osYn3JjVOeyhHS5rYQlgYgrA-zqdhL9vI-e-30Io_5a3XIbANf6_jk_V3kSKHA0T-fTjI_xGFQz-L3lm4sMdf013l5w=="
"pages/tech_common_aspects_for_criteria.adoc","technical","65","url","https://github.com/OP-TED/ESPD-EDM/blob/main/criterion/ESPD-criterion.xlsx"
"pages/tech_common_aspects_for_criteria.adoc","technical","72","url","https://github.com/OP-TED/ESPD-EDM/blob/main/criterion/ESPD-criterion.xlsx"
"pages/tech_common_aspects_for_criteria.adoc","technical","80","url","https://github.com/OP-TED/ESPD-EDM/blob/main/criterion/ESPD-criterion.xlsx"
"pages/tech_common_aspects_for_criteria.adoc","technical","87","url","https://github.com/OP-TED/ESPD-EDM/blob/main/criterion/ESPD-criterion.xlsx"
"pages/tech_common_aspects_for_criteria.adoc","technical","117","url","https://docs.ted.europa.eu/espd-demo/"
"pages/tech_common_aspects_for_criteria.adoc","technical","124","image-url","https://kroki.io/blockdiag/svg/eNrNUstu2zAQvPMrFuylBVRZdlIkddACMeQALnwo4gQoUBgCTW6kbSlSEKnUSZB7v6If1y8pKUO220POvS1nZ18z3GgrvysSJTyx0Qg-ixJh5FFWhqTQfVRIq1CT82nlaw2L-h9OQRFxIynkEktyWniypviyyouVrLAW6bemhNdXVHYtwsm7FAJzekRNIXBhx30Tt1ihB9cIAzX6lrYMoH8WP0j5Cj7A6fnFHquQysoHcDzpQYV3otO-uLPGO3rEmDntM6xsbdfAI7a22IVPjEmrbRs4_NX8bJ5djfkFY_xot5uHBjl8dZVoYqtQZhSqjd0mMGwzPssS5x90zCvhKlQJHNrms_xkPuPr2JfD24_Aceunt7PlfOvRuDDC8QS43MjpIg-TFMU6Yw2uh4KYuyGvcSDm6GRLTdxvgD51LTlFMmJLvEc9JC5bT_JQenu96MPogDBlF5wb3sctroMC1lwq1aJzf22VgBYb1PG2LE1___zF14w9D67tNPE2UBW6ZHAD7oXuEMgFl87jWXtBw9errVEHNSdZAntPJ1nQ7UXBkv9Cnpe-x-R9POL5D_gwGPo="
"pages/tech_common_aspects_for_criteria.adoc","technical","124","url","https://kroki.io/blockdiag/svg/eNrNUstu2zAQvPMrFuylBVRZdlIkddACMeQALnwo4gQoUBgCTW6kbSlSEKnUSZB7v6If1y8pKUO220POvS1nZ18z3GgrvysSJTyx0Qg-ixJh5FFWhqTQfVRIq1CT82nlaw2L-h9OQRFxIynkEktyWniypviyyouVrLAW6bemhNdXVHYtwsm7FAJzekRNIXBhx30Tt1ihB9cIAzX6lrYMoH8WP0j5Cj7A6fnFHquQysoHcDzpQYV3otO-uLPGO3rEmDntM6xsbdfAI7a22IVPjEmrbRs4_NX8bJ5djfkFY_xot5uHBjl8dZVoYqtQZhSqjd0mMGwzPssS5x90zCvhKlQJHNrms_xkPuPr2JfD24_Aceunt7PlfOvRuDDC8QS43MjpIg-TFMU6Yw2uh4KYuyGvcSDm6GRLTdxvgD51LTlFMmJLvEc9JC5bT_JQenu96MPogDBlF5wb3sctroMC1lwq1aJzf22VgBYb1PG2LE1___zF14w9D67tNPE2UBW6ZHAD7oXuEMgFl87jWXtBw9errVEHNSdZAntPJ1nQ7UXBkv9Cnpe-x-R9POL5D_gwGPo="
"pages/tech_common_aspects_for_criteria.adoc","technical","126","url","https://niolesk.top/#https://kroki.io/blockdiag/svg/eNrNUstu2zAQvPMrFuylBVRZdlIkddACMeQALnwo4gQoUBgCTW6kbSlSEKnUSZB7v6If1y8pKUO220POvS1nZ18z3GgrvysSJTyx0Qg-ixJh5FFWhqTQfVRIq1CT82nlaw2L-h9OQRFxIynkEktyWniypviyyouVrLAW6bemhNdXVHYtwsm7FAJzekRNIXBhx30Tt1ihB9cIAzX6lrYMoH8WP0j5Cj7A6fnFHquQysoHcDzpQYV3otO-uLPGO3rEmDntM6xsbdfAI7a22IVPjEmrbRs4_NX8bJ5djfkFY_xot5uHBjl8dZVoYqtQZhSqjd0mMGwzPssS5x90zCvhKlQJHNrms_xkPuPr2JfD24_Aceunt7PlfOvRuDDC8QS43MjpIg-TFMU6Yw2uh4KYuyGvcSDm6GRLTdxvgD51LTlFMmJLvEc9JC5bT_JQenu96MPogDBlF5wb3sctroMC1lwq1aJzf22VgBYb1PG2LE1___zF14w9D67tNPE2UBW6ZHAD7oXuEMgFl87jWXtBw9errVEHNSdZAntPJ1nQ7UXBkv9Cnpe-x-R9POL5D_gwGPo="
"pages/tech_common_aspects_for_criteria.adoc","technical","184","url","http://eur-lex.europa.eu/legal-content/ES/TXT/?uri=celex%3A32014L0024"
"pages/tech_common_aspects_for_criteria.adoc","technical","208","url","http://eur-lex.europa.eu/legal-content/ES/TXT/?uri=celex%3A32014L0024</cbc:URI>"
"pages/tech_common_aspects_for_criteria.adoc","technical","220","image-url","https://kroki.io/blockdiag/svg/eNrlVdtu2zAMfY6_gvBeNsB10gu6rsX20FyGAsVQLB02YCgMRWZstbJlSEqbtMj7vmIfty8ZZcdp0kvSddhLlyeGImnqHB5xIBW_iAVL4MZrNuGEJQhNizzNBWeytCKNplC5wTC1mYSj7E5MJJzHNDnjp5jHqEWetLWwZKj8RKsCtZ181GpURN_6najPU8xYeF4k8LonkpFG2N4NgbL316TDBlABqAoEkEg1YBIuBV69cb330YIpWA4ZWi3GHkD5N7oSsU3hPezsHcx9KYokteTc3CqdMQ7ZSNpoqHJrxDW6k50Dz0vK716jVlFl3ngeV1JpCvBfdd92W71Nn-J8HzY-gP_wJXz4HguXkascA5BsgNLlt8Lw14-f_hmlP5boioZhuFThbHU4H_D9r-X13BnxJiiMWTrvoOFaFM70g6pZwpcTAxnmlsxz5PZY2c84RI05xzqqrbJMxcJO2pIZI4ZE-2KR_mjwQDOzw2NMhJFL8WtofjZcd6o4MHBs978cHnfHFgkIAqPsgRA66tTWJ5bh0_B9oL4rsAjrutb_rPKS-3RSYFvFWPfdG8mhkI65ozx2jCi94mie_eybrgx87OKbz7h4NVE0toLpyV_PSiXbodDGziXcmEt4IBm_IAE3LE3KrbB7vRb9_PJpAJOywj0IUuQ489iJdJ6YmRRjym4AeI1SqMFLEKDnNSqoDHKVx7e4Nfw1qW7MiJMaMnJReDxQ4wDqZ3jrXStYBjCAW-Q7h53t7qF_VoF6nydyrqCq-t0nbOa_Q5u7z1MfiOC-1oN_J9K1PC0w_0SheIQcTL3G1JvWy7JixCoST4wmqJcgXDI5QhCGluOe22xzOulDGc3DApetAOardKtFrM221Xznlr5H1tWL0EoA_88MrRb29q4j25v-BtDyhfQ="
"pages/tech_common_aspects_for_criteria.adoc","technical","220","url","https://kroki.io/blockdiag/svg/eNrlVdtu2zAMfY6_gvBeNsB10gu6rsX20FyGAsVQLB02YCgMRWZstbJlSEqbtMj7vmIfty8ZZcdp0kvSddhLlyeGImnqHB5xIBW_iAVL4MZrNuGEJQhNizzNBWeytCKNplC5wTC1mYSj7E5MJJzHNDnjp5jHqEWetLWwZKj8RKsCtZ181GpURN_6najPU8xYeF4k8LonkpFG2N4NgbL316TDBlABqAoEkEg1YBIuBV69cb330YIpWA4ZWi3GHkD5N7oSsU3hPezsHcx9KYokteTc3CqdMQ7ZSNpoqHJrxDW6k50Dz0vK716jVlFl3ngeV1JpCvBfdd92W71Nn-J8HzY-gP_wJXz4HguXkascA5BsgNLlt8Lw14-f_hmlP5boioZhuFThbHU4H_D9r-X13BnxJiiMWTrvoOFaFM70g6pZwpcTAxnmlsxz5PZY2c84RI05xzqqrbJMxcJO2pIZI4ZE-2KR_mjwQDOzw2NMhJFL8WtofjZcd6o4MHBs978cHnfHFgkIAqPsgRA66tTWJ5bh0_B9oL4rsAjrutb_rPKS-3RSYFvFWPfdG8mhkI65ozx2jCi94mie_eybrgx87OKbz7h4NVE0toLpyV_PSiXbodDGziXcmEt4IBm_IAE3LE3KrbB7vRb9_PJpAJOywj0IUuQ489iJdJ6YmRRjym4AeI1SqMFLEKDnNSqoDHKVx7e4Nfw1qW7MiJMaMnJReDxQ4wDqZ3jrXStYBjCAW-Q7h53t7qF_VoF6nydyrqCq-t0nbOa_Q5u7z1MfiOC-1oN_J9K1PC0w_0SheIQcTL3G1JvWy7JixCoST4wmqJcgXDI5QhCGluOe22xzOulDGc3DApetAOardKtFrM221Xznlr5H1tWL0EoA_88MrRb29q4j25v-BtDyhfQ="
"pages/tech_common_aspects_for_criteria.adoc","technical","222","url","https://niolesk.top/#https://kroki.io/blockdiag/svg/eNrlVdtu2zAMfY6_gvBeNsB10gu6rsX20FyGAsVQLB02YCgMRWZstbJlSEqbtMj7vmIfty8ZZcdp0kvSddhLlyeGImnqHB5xIBW_iAVL4MZrNuGEJQhNizzNBWeytCKNplC5wTC1mYSj7E5MJJzHNDnjp5jHqEWetLWwZKj8RKsCtZ181GpURN_6najPU8xYeF4k8LonkpFG2N4NgbL316TDBlABqAoEkEg1YBIuBV69cb330YIpWA4ZWi3GHkD5N7oSsU3hPezsHcx9KYokteTc3CqdMQ7ZSNpoqHJrxDW6k50Dz0vK716jVlFl3ngeV1JpCvBfdd92W71Nn-J8HzY-gP_wJXz4HguXkascA5BsgNLlt8Lw14-f_hmlP5boioZhuFThbHU4H_D9r-X13BnxJiiMWTrvoOFaFM70g6pZwpcTAxnmlsxz5PZY2c84RI05xzqqrbJMxcJO2pIZI4ZE-2KR_mjwQDOzw2NMhJFL8WtofjZcd6o4MHBs978cHnfHFgkIAqPsgRA66tTWJ5bh0_B9oL4rsAjrutb_rPKS-3RSYFvFWPfdG8mhkI65ozx2jCi94mie_eybrgx87OKbz7h4NVE0toLpyV_PSiXbodDGziXcmEt4IBm_IAE3LE3KrbB7vRb9_PJpAJOywj0IUuQ489iJdJ6YmRRjym4AeI1SqMFLEKDnNSqoDHKVx7e4Nfw1qW7MiJMaMnJReDxQ4wDqZ3jrXStYBjCAW-Q7h53t7qF_VoF6nydyrqCq-t0nbOa_Q5u7z1MfiOC-1oN_J9K1PC0w_0SheIQcTL3G1JvWy7JixCoST4wmqJcgXDI5QhCGluOe22xzOulDGc3DApetAOardKtFrM221Xznlr5H1tWL0EoA_88MrRb29q4j25v-BtDyhfQ="
"pages/tech_common_aspects_for_criteria.adoc","technical","229","image-url","https://kroki.io/blockdiag/svg/eNrlVdFq2zAUfY6_4uK9bKAmTlLa0tI9tElGYYxCOhiMYhTrxtYqS0ZStqSl7_uCPQ72AWP_1C-Z5NRu025NXNjT_CRf3XvukXXO9USo5IJxmsJV0OnAKU0ROhaTTPKEinIVazSFkgbbmc0FnOQPcmLuI6aT0GQ8mxju0PTiDCVDzWV6rLl1CyXfaDUr4g_jQTxOMsxp-1ORwssRT2caob_bBle_vxYAtsBBwBLilac8RgumoBJytJrPA4DyNf7Cmc3gELb3DupYhjzNrAt2e2WQ4ZTOhI2nSlrDL9HvbB8EQVq2ukSt4uXyKggSJZR2CeGL4e4wGnVDlxeGsPUaQs_8Md9TrQrUdlHyDuEj475cKokEBJ2g8GBRu33z9Xt47rA2QvHtcG733x-9Hc4tSuNSTEgch0myfzKoVu9ojistzxvge4ABmkTzwrqMtdSbIa-EzxYFHiuGFe_RTEy5yFHaE8mcuqzST2zV1c8-6ZOJfzt49xkHX6Pt52ilAZ6ncPPtB6xJ9N8TVj_mQdCgsGzz89cD_sYuhHcWU9YiO6_tNeXa2NpfrU37OHST0cIjupBLZxM1J1DZvd-NSN2RmgwZgTvrDo4G_eFR6Ei06uBE0OTCubllnbHuUkejyD1hOSeg6ii4xNvISg9X3QJwh9jUm-Sxzci_8wdZK3XSVKMEGkiKLHURBK3r4Loa2ssbs8rJhKEh1TCGz1TMELhxQ3rPT9j6uh2vXEl2d9e9iEA90ntRM7HWsKHTT3hPQDvRnxVzK-26LOE6EXhvp_qLHPaje3A9n7DJoCDw_6hnjYd3_F0G178BL-36-Q=="
"pages/tech_common_aspects_for_criteria.adoc","technical","229","url","https://kroki.io/blockdiag/svg/eNrlVdFq2zAUfY6_4uK9bKAmTlLa0tI9tElGYYxCOhiMYhTrxtYqS0ZStqSl7_uCPQ72AWP_1C-Z5NRu025NXNjT_CRf3XvukXXO9USo5IJxmsJV0OnAKU0ROhaTTPKEinIVazSFkgbbmc0FnOQPcmLuI6aT0GQ8mxju0PTiDCVDzWV6rLl1CyXfaDUr4g_jQTxOMsxp-1ORwssRT2caob_bBle_vxYAtsBBwBLilac8RgumoBJytJrPA4DyNf7Cmc3gELb3DupYhjzNrAt2e2WQ4ZTOhI2nSlrDL9HvbB8EQVq2ukSt4uXyKggSJZR2CeGL4e4wGnVDlxeGsPUaQs_8Md9TrQrUdlHyDuEj475cKokEBJ2g8GBRu33z9Xt47rA2QvHtcG733x-9Hc4tSuNSTEgch0myfzKoVu9ojistzxvge4ABmkTzwrqMtdSbIa-EzxYFHiuGFe_RTEy5yFHaE8mcuqzST2zV1c8-6ZOJfzt49xkHX6Pt52ilAZ6ncPPtB6xJ9N8TVj_mQdCgsGzz89cD_sYuhHcWU9YiO6_tNeXa2NpfrU37OHST0cIjupBLZxM1J1DZvd-NSN2RmgwZgTvrDo4G_eFR6Ei06uBE0OTCubllnbHuUkejyD1hOSeg6ii4xNvISg9X3QJwh9jUm-Sxzci_8wdZK3XSVKMEGkiKLHURBK3r4Loa2ssbs8rJhKEh1TCGz1TMELhxQ3rPT9j6uh2vXEl2d9e9iEA90ntRM7HWsKHTT3hPQDvRnxVzK-26LOE6EXhvp_qLHPaje3A9n7DJoCDw_6hnjYd3_F0G178BL-36-Q=="
"pages/tech_common_aspects_for_criteria.adoc","technical","231","url","https://niolesk.top/#https://kroki.io/blockdiag/svg/eNrlVdFq2zAUfY6_4uK9bKAmTlLa0tI9tElGYYxCOhiMYhTrxtYqS0ZStqSl7_uCPQ72AWP_1C-Z5NRu025NXNjT_CRf3XvukXXO9USo5IJxmsJV0OnAKU0ROhaTTPKEinIVazSFkgbbmc0FnOQPcmLuI6aT0GQ8mxju0PTiDCVDzWV6rLl1CyXfaDUr4g_jQTxOMsxp-1ORwssRT2caob_bBle_vxYAtsBBwBLilac8RgumoBJytJrPA4DyNf7Cmc3gELb3DupYhjzNrAt2e2WQ4ZTOhI2nSlrDL9HvbB8EQVq2ukSt4uXyKggSJZR2CeGL4e4wGnVDlxeGsPUaQs_8Md9TrQrUdlHyDuEj475cKokEBJ2g8GBRu33z9Xt47rA2QvHtcG733x-9Hc4tSuNSTEgch0myfzKoVu9ojistzxvge4ABmkTzwrqMtdSbIa-EzxYFHiuGFe_RTEy5yFHaE8mcuqzST2zV1c8-6ZOJfzt49xkHX6Pt52ilAZ6ncPPtB6xJ9N8TVj_mQdCgsGzz89cD_sYuhHcWU9YiO6_tNeXa2NpfrU37OHST0cIjupBLZxM1J1DZvd-NSN2RmgwZgTvrDo4G_eFR6Ei06uBE0OTCubllnbHuUkejyD1hOSeg6ii4xNvISg9X3QJwh9jUm-Sxzci_8wdZK3XSVKMEGkiKLHURBK3r4Loa2ssbs8rJhKEh1TCGz1TMELhxQ3rPT9j6uh2vXEl2d9e9iEA90ntRM7HWsKHTT3hPQDvRnxVzK-26LOE6EXhvp_qLHPaje3A9n7DJoCDw_6hnjYd3_F0G178BL-36-Q=="
"pages/tech_common_aspects_for_criteria.adoc","technical","258","url","https://github.com/OP-TED/ESPD-EDM/blob/main/criterion/ESPD-criterion.xlsx"
"pages/tech_common_aspects_for_criteria.adoc","technical","299","image-url","https://kroki.io/blockdiag/svg/eNrtVU1PGzEQPXd_xWh7aaUlCQGpFNRKkA8JqSBaoKpUoZVjD7suXnvl9dIExL2_oMdK_Wv8ko43bEKWhNKeemhO3jfz_J7tmclIGX4hJEvgOmi34YglCG2HPNWSM1WtYm4EKlm4VuoyBftZIyeWHinanPET1AKt1EnPSkcLo4-sydG6SfzpuB8f8xQz1vqSJ_BiKJPSImxstYCI26uZsAbEhSn3pTd5jA6KnGnI0Fk5DgCqz_irFC6FN7C5tTPDUpRJ6ghc71agwHNWKhefG-0KeYU-srkTBOHt95-w2sTJJMcQPhcpyz3FmpIyxciMI6hVN9Y7UeEmyscFK1IUEXCjjKXv8Hl_r78x2AvPdoJnM3CkGL8ICXE4dvPU4bBDv7CyC7WikhrvkAUNYgcJ2cnhCq2Jp8vrIJhvN3g16AzXQ3_GENbeQkhi26d77wZjh7qgMxZhBCEf8e39fr06ZJk_rpB-C200ntVkH-1jwa3MHXEXkiJQbITKq3ZardtvP8IFmr_DHpVSLfKRqRL7zLGlgVMt3QOwV1qLmk_uBwbjHLlDsZvRo7gmOj_TDNGCytYZ2wws27RSPSwzKgbejN2_hkbo9MN-DR2wsczKbNHdgdRLwGnmMsm7_KWhKet9ybSTbtJgNOETy3ShmPc8u_WV79yjypfn_rIo_R1eovrLl--ZfEJOlJw20iOqNAl281yR5kjhkW9BUVmvJkSWk3McXEpBNYC_NXBTz4pphzpDmQKLqJ4BcOmvE2RBs2HLO5i1N83DzGgx7-1uJ4LZJOl2qIuf3EXRw56J_vfDv9wP0VOqP1pd2dEf1nHw-P9K97Wvt5tfximNXg=="
"pages/tech_common_aspects_for_criteria.adoc","technical","299","url","https://kroki.io/blockdiag/svg/eNrtVU1PGzEQPXd_xWh7aaUlCQGpFNRKkA8JqSBaoKpUoZVjD7suXnvl9dIExL2_oMdK_Wv8ko43bEKWhNKeemhO3jfz_J7tmclIGX4hJEvgOmi34YglCG2HPNWSM1WtYm4EKlm4VuoyBftZIyeWHinanPET1AKt1EnPSkcLo4-sydG6SfzpuB8f8xQz1vqSJ_BiKJPSImxstYCI26uZsAbEhSn3pTd5jA6KnGnI0Fk5DgCqz_irFC6FN7C5tTPDUpRJ6ghc71agwHNWKhefG-0KeYU-srkTBOHt95-w2sTJJMcQPhcpyz3FmpIyxciMI6hVN9Y7UeEmyscFK1IUEXCjjKXv8Hl_r78x2AvPdoJnM3CkGL8ICXE4dvPU4bBDv7CyC7WikhrvkAUNYgcJ2cnhCq2Jp8vrIJhvN3g16AzXQ3_GENbeQkhi26d77wZjh7qgMxZhBCEf8e39fr06ZJk_rpB-C200ntVkH-1jwa3MHXEXkiJQbITKq3ZardtvP8IFmr_DHpVSLfKRqRL7zLGlgVMt3QOwV1qLmk_uBwbjHLlDsZvRo7gmOj_TDNGCytYZ2wws27RSPSwzKgbejN2_hkbo9MN-DR2wsczKbNHdgdRLwGnmMsm7_KWhKet9ybSTbtJgNOETy3ShmPc8u_WV79yjypfn_rIo_R1eovrLl--ZfEJOlJw20iOqNAl281yR5kjhkW9BUVmvJkSWk3McXEpBNYC_NXBTz4pphzpDmQKLqJ4BcOmvE2RBs2HLO5i1N83DzGgx7-1uJ4LZJOl2qIuf3EXRw56J_vfDv9wP0VOqP1pd2dEf1nHw-P9K97Wvt5tfximNXg=="
"pages/tech_common_aspects_for_criteria.adoc","technical","301","url","https://niolesk.top/#https://kroki.io/blockdiag/svg/eNrtVU1PGzEQPXd_xWh7aaUlCQGpFNRKkA8JqSBaoKpUoZVjD7suXnvl9dIExL2_oMdK_Wv8ko43bEKWhNKeemhO3jfz_J7tmclIGX4hJEvgOmi34YglCG2HPNWSM1WtYm4EKlm4VuoyBftZIyeWHinanPET1AKt1EnPSkcLo4-sydG6SfzpuB8f8xQz1vqSJ_BiKJPSImxstYCI26uZsAbEhSn3pTd5jA6KnGnI0Fk5DgCqz_irFC6FN7C5tTPDUpRJ6ghc71agwHNWKhefG-0KeYU-srkTBOHt95-w2sTJJMcQPhcpyz3FmpIyxciMI6hVN9Y7UeEmyscFK1IUEXCjjKXv8Hl_r78x2AvPdoJnM3CkGL8ICXE4dvPU4bBDv7CyC7WikhrvkAUNYgcJ2cnhCq2Jp8vrIJhvN3g16AzXQ3_GENbeQkhi26d77wZjh7qgMxZhBCEf8e39fr06ZJk_rpB-C200ntVkH-1jwa3MHXEXkiJQbITKq3ZardtvP8IFmr_DHpVSLfKRqRL7zLGlgVMt3QOwV1qLmk_uBwbjHLlDsZvRo7gmOj_TDNGCytYZ2wws27RSPSwzKgbejN2_hkbo9MN-DR2wsczKbNHdgdRLwGnmMsm7_KWhKet9ybSTbtJgNOETy3ShmPc8u_WV79yjypfn_rIo_R1eovrLl--ZfEJOlJw20iOqNAl281yR5kjhkW9BUVmvJkSWk3McXEpBNYC_NXBTz4pphzpDmQKLqJ4BcOmvE2RBs2HLO5i1N83DzGgx7-1uJ4LZJOl2qIuf3EXRw56J_vfDv9wP0VOqP1pd2dEf1nHw-P9K97Wvt5tfximNXg=="
"pages/tech_common_aspects_for_criteria.adoc","technical","306","image-url","https://kroki.io/blockdiag/svg/eNrdVM1q20AQPltPMaiXFhTZsQNJY9JD_AOFFkIdaCEEsd4dS5usdsXuus0PufcJeiz0AUrfKU_SWTlynD-3pZdSnUYz883vtzNVhp8KyXK4jNptOGA5QtsjL7TkTNVSZtFVRjtMC18qeF3e88lk0Lg2Z3wynx6iFmilzgdWehKMzj5MhtmEF1iy9KTK4flY5nOL0HuZAmF2HwVtAKFggXoRKpugB1cxDSV6K88igPo3-ySFL2APtnf6S12BMi88KTe7tVLgjM2Vz2ZGeycvMFi2-lGUWzOv4AKtyRbiZRRxo4wlh_jZaHvUGW_G5BfHsPEK4lDsw0pjOBIyILTRmIBiU1QB30nT689f42OCPwUMQdM0vRPheL07n_Ld8VzNpCpR-9da0Aq8sYfnFQ6MwDhZuIw-MjVnnmBv0RdGLO1_mOp9PclgIwJIcqtjDtFxK6sg1gkpyIE1nJYaiiLxBLl_Y_w7nKFFzbHxGpiyNEL684FizslZKH4lyKNM-M35PoENjVx_-QYPbWEkcHce_Wi9bx3s-497FTl_rgKlhPEexXH_1wu_l7Yh4kxa55dMbC2ZOFWMnxIPWx7P_C0_x-MOfXHNcHAFq0IRSmq80TRlMVegIHQLIGrVfEv-nkfJv8OPBNavOFksLbkZfRS1rqKr5qQszoc3tAmBLmlOBYS-EaSjE7IT3v9RM2C6laXRIoHm8HQ7CSwPTrcTSLR4043DVqODB8r1zGxSxlNzFt8m7G1SxlsaDPeHvdF-XIerubmEcWm5whVLc__2ep2VcN3g8ORta6IRK8kqqJSV1rfrLv4jLq3vlyYfnvfVT5cVbdE="
"pages/tech_common_aspects_for_criteria.adoc","technical","306","url","https://kroki.io/blockdiag/svg/eNrdVM1q20AQPltPMaiXFhTZsQNJY9JD_AOFFkIdaCEEsd4dS5usdsXuus0PufcJeiz0AUrfKU_SWTlynD-3pZdSnUYz883vtzNVhp8KyXK4jNptOGA5QtsjL7TkTNVSZtFVRjtMC18qeF3e88lk0Lg2Z3wynx6iFmilzgdWehKMzj5MhtmEF1iy9KTK4flY5nOL0HuZAmF2HwVtAKFggXoRKpugB1cxDSV6K88igPo3-ySFL2APtnf6S12BMi88KTe7tVLgjM2Vz2ZGeycvMFi2-lGUWzOv4AKtyRbiZRRxo4wlh_jZaHvUGW_G5BfHsPEK4lDsw0pjOBIyILTRmIBiU1QB30nT689f42OCPwUMQdM0vRPheL07n_Ld8VzNpCpR-9da0Aq8sYfnFQ6MwDhZuIw-MjVnnmBv0RdGLO1_mOp9PclgIwJIcqtjDtFxK6sg1gkpyIE1nJYaiiLxBLl_Y_w7nKFFzbHxGpiyNEL684FizslZKH4lyKNM-M35PoENjVx_-QYPbWEkcHce_Wi9bx3s-497FTl_rgKlhPEexXH_1wu_l7Yh4kxa55dMbC2ZOFWMnxIPWx7P_C0_x-MOfXHNcHAFq0IRSmq80TRlMVegIHQLIGrVfEv-nkfJv8OPBNavOFksLbkZfRS1rqKr5qQszoc3tAmBLmlOBYS-EaSjE7IT3v9RM2C6laXRIoHm8HQ7CSwPTrcTSLR4043DVqODB8r1zGxSxlNzFt8m7G1SxlsaDPeHvdF-XIerubmEcWm5whVLc__2ep2VcN3g8ORta6IRK8kqqJSV1rfrLv4jLq3vlyYfnvfVT5cVbdE="
"pages/tech_common_aspects_for_criteria.adoc","technical","308","url","https://niolesk.top/#https://kroki.io/blockdiag/svg/eNrdVM1q20AQPltPMaiXFhTZsQNJY9JD_AOFFkIdaCEEsd4dS5usdsXuus0PufcJeiz0AUrfKU_SWTlynD-3pZdSnUYz883vtzNVhp8KyXK4jNptOGA5QtsjL7TkTNVSZtFVRjtMC18qeF3e88lk0Lg2Z3wynx6iFmilzgdWehKMzj5MhtmEF1iy9KTK4flY5nOL0HuZAmF2HwVtAKFggXoRKpugB1cxDSV6K88igPo3-ySFL2APtnf6S12BMi88KTe7tVLgjM2Vz2ZGeycvMFi2-lGUWzOv4AKtyRbiZRRxo4wlh_jZaHvUGW_G5BfHsPEK4lDsw0pjOBIyILTRmIBiU1QB30nT689f42OCPwUMQdM0vRPheL07n_Ld8VzNpCpR-9da0Aq8sYfnFQ6MwDhZuIw-MjVnnmBv0RdGLO1_mOp9PclgIwJIcqtjDtFxK6sg1gkpyIE1nJYaiiLxBLl_Y_w7nKFFzbHxGpiyNEL684FizslZKH4lyKNM-M35PoENjVx_-QYPbWEkcHce_Wi9bx3s-497FTl_rgKlhPEexXH_1wu_l7Yh4kxa55dMbC2ZOFWMnxIPWx7P_C0_x-MOfXHNcHAFq0IRSmq80TRlMVegIHQLIGrVfEv-nkfJv8OPBNavOFksLbkZfRS1rqKr5qQszoc3tAmBLmlOBYS-EaSjE7IT3v9RM2C6laXRIoHm8HQ7CSwPTrcTSLR4043DVqODB8r1zGxSxlNzFt8m7G1SxlsaDPeHvdF-XIerubmEcWm5whVLc__2ep2VcN3g8ORta6IRK8kqqJSV1rfrLv4jLq3vlyYfnvfVT5cVbdE="
"pages/tech_common_aspects_for_criteria.adoc","technical","629","url","https://github.com/OP-TED/ESPD-EDM/blob/main/criterion/ESPD-criterion.xlsx"
"pages/tech_dist_pack.adoc","technical","7","url","https://github.com/OP-TED/ESPD-EDM/tree/main"
"pages/tech_dist_pack.adoc","technical","42","url","https://github.com/OP-TED/espd-validation-schematron"
"pages/tech_dist_pack.adoc","technical","42","url","https://www.itb.ec.europa.eu/espd/upload"
"pages/tech_dist_pack.adoc","technical","58","url","https://github.com/OP-TED/ESPD-EDM/releases"
"pages/tech_exclusion_criteria.adoc","technical","9","url","http://wiki.ds.unipi.gr/display/ESPDInt/BIS+41+-+ESPD+V2.0.1"
"pages/tech_exclusion_criteria.adoc","technical","14","url","http://wiki.ds.unipi.gr/display/ESPDInt/BIS+41+-+ESPD+V2.1.0#BIS41-ESPDV2.1.0-tbr070-009"
"pages/tech_exclusion_criteria.adoc","technical","21","image-url","https://kroki.io/pikchr/svg/eNq9lV1v2jAUhu_zKyzEpH00VUgICKRdtIxWSAykBiZujWOKRbAz20D67-ckhHjEpB2TuIgUn5ycj-e1fZocfAfOvUuoFRGKOQyzddf_2uSZ5UByi-tb1nAxGM-D0XTSB0uWgNTZjxOAWMQ4cBIf9pahD1ZEWiGT-Wfn09lna-H0QQSFvMfgG_js3DlfLMg5O1TCcLbNHEEaTDKwcKwt22PAyetaAu--p2qWOJGgcaqrcQyyjCDaACjB6YtlTpLHavI828IBco2pSnigoKUI5MvCyRo-t_qA7WEEGoPp5NdoMFORg4YJQJ7NM_SvgsCcXwjFGoeggZNXG3GytWPI5R04LRHjPNYNKw53obaWWGXhmiGCO_qXA4erFUEbU4ngCM_QSYnvuXX0ul2NenL477J5JtlcTbbZy-hxfmw3xXAmT57P7ZmEcw3CxVtpLzm2JUzypgqDEMi4M07U9UIqrbsa94-k0H-9gppvouYV1ILpYPQwrsHluyZcngHXloisdEz3aicc8n4Ko2CoaozgMjXWsCzKq5DwNIj_nViPewXhrolwuyD8qC6pyTCo25Jt413SNjAWRFJ7CenmeOyyNaGCRXtM0ZtmRByHtgoPqWZkqkr9z4j8tmG4JboPFLbYibhGlLKjCr62Jsvta9ULuULHnklHv9Dx5yhQJ_vHfDCrUdI8FfwLp0U9iNFwh2S5PUMiJOOSMFqjgF5LpXX_7Gh8LIse4Ap2LeNM7WiX89NYjSJ7-mSPJrPhyzCow2i8ojsXKKZjiyA1rugqKjuMOY7PbQJSlPZcWtSj_DgWmGp0dpTjyBb4nVve0FGFZedMjBsUq2e_RknjmO0WSk4e0rlWOzLM11nXIB-FMsouZPXyziQo81a67GqML0XU3eEfcvGg7A=="
"pages/tech_exclusion_criteria.adoc","technical","21","url","https://kroki.io/pikchr/svg/eNq9lV1v2jAUhu_zKyzEpH00VUgICKRdtIxWSAykBiZujWOKRbAz20D67-ckhHjEpB2TuIgUn5ycj-e1fZocfAfOvUuoFRGKOQyzddf_2uSZ5UByi-tb1nAxGM-D0XTSB0uWgNTZjxOAWMQ4cBIf9pahD1ZEWiGT-Wfn09lna-H0QQSFvMfgG_js3DlfLMg5O1TCcLbNHEEaTDKwcKwt22PAyetaAu--p2qWOJGgcaqrcQyyjCDaACjB6YtlTpLHavI828IBco2pSnigoKUI5MvCyRo-t_qA7WEEGoPp5NdoMFORg4YJQJ7NM_SvgsCcXwjFGoeggZNXG3GytWPI5R04LRHjPNYNKw53obaWWGXhmiGCO_qXA4erFUEbU4ngCM_QSYnvuXX0ul2NenL477J5JtlcTbbZy-hxfmw3xXAmT57P7ZmEcw3CxVtpLzm2JUzypgqDEMi4M07U9UIqrbsa94-k0H-9gppvouYV1ILpYPQwrsHluyZcngHXloisdEz3aicc8n4Ko2CoaozgMjXWsCzKq5DwNIj_nViPewXhrolwuyD8qC6pyTCo25Jt413SNjAWRFJ7CenmeOyyNaGCRXtM0ZtmRByHtgoPqWZkqkr9z4j8tmG4JboPFLbYibhGlLKjCr62Jsvta9ULuULHnklHv9Dx5yhQJ_vHfDCrUdI8FfwLp0U9iNFwh2S5PUMiJOOSMFqjgF5LpXX_7Gh8LIse4Ap2LeNM7WiX89NYjSJ7-mSPJrPhyzCow2i8ojsXKKZjiyA1rugqKjuMOY7PbQJSlPZcWtSj_DgWmGp0dpTjyBb4nVve0FGFZedMjBsUq2e_RknjmO0WSk4e0rlWOzLM11nXIB-FMsouZPXyziQo81a67GqML0XU3eEfcvGg7A=="
"pages/tech_exclusion_criteria.adoc","technical","23","url","https://niolesk.top/#https://kroki.io/pikchr/svg/eNq9lV1v2jAUhu_zKyzEpH00VUgICKRdtIxWSAykBiZujWOKRbAz20D67-ckhHjEpB2TuIgUn5ycj-e1fZocfAfOvUuoFRGKOQyzddf_2uSZ5UByi-tb1nAxGM-D0XTSB0uWgNTZjxOAWMQ4cBIf9pahD1ZEWiGT-Wfn09lna-H0QQSFvMfgG_js3DlfLMg5O1TCcLbNHEEaTDKwcKwt22PAyetaAu--p2qWOJGgcaqrcQyyjCDaACjB6YtlTpLHavI828IBco2pSnigoKUI5MvCyRo-t_qA7WEEGoPp5NdoMFORg4YJQJ7NM_SvgsCcXwjFGoeggZNXG3GytWPI5R04LRHjPNYNKw53obaWWGXhmiGCO_qXA4erFUEbU4ngCM_QSYnvuXX0ul2NenL477J5JtlcTbbZy-hxfmw3xXAmT57P7ZmEcw3CxVtpLzm2JUzypgqDEMi4M07U9UIqrbsa94-k0H-9gppvouYV1ILpYPQwrsHluyZcngHXloisdEz3aicc8n4Ko2CoaozgMjXWsCzKq5DwNIj_nViPewXhrolwuyD8qC6pyTCo25Jt413SNjAWRFJ7CenmeOyyNaGCRXtM0ZtmRByHtgoPqWZkqkr9z4j8tmG4JboPFLbYibhGlLKjCr62Jsvta9ULuULHnklHv9Dx5yhQJ_vHfDCrUdI8FfwLp0U9iNFwh2S5PUMiJOOSMFqjgF5LpXX_7Gh8LIse4Ap2LeNM7WiX89NYjSJ7-mSPJrPhyzCow2i8ojsXKKZjiyA1rugqKjuMOY7PbQJSlPZcWtSj_DgWmGp0dpTjyBb4nVve0FGFZedMjBsUq2e_RknjmO0WSk4e0rlWOzLM11nXIB-FMsouZPXyziQo81a67GqML0XU3eEfcvGg7A=="
"pages/tech_exclusion_criteria.adoc","technical","30","url","http://wiki.ds.unipi.gr/pages/viewpage.action?pageId=44367916"
"pages/tech_exclusion_criteria.adoc","technical","55","url","https://docs.ted.europa.eu/espd-demo/"
"pages/tech_exclusion_criteria.adoc","technical","101","url","http://wiki.ds.unipi.gr/pages/viewpage.action?pageId=44367916"
"pages/tech_exclusion_criteria.adoc","technical","108","url","http://wiki.ds.unipi.gr/display/ESPDInt/BIS+41+-+ESPD+V2.1.0#tbr070-015"
"pages/tech_exclusion_criteria.adoc","technical","141","url","https://docs.ted.europa.eu/espd-demo/"
"pages/tech_exclusion_criteria.adoc","technical","159","url","http://wiki.ds.unipi.gr/pages/viewpage.action?pageId=44367916"
"pages/tech_exclusion_criteria.adoc","technical","195","url","https://docs.ted.europa.eu/espd-demo/"
"pages/tech_exclusion_criteria.adoc","technical","202","url","http://wiki.ds.unipi.gr/pages/viewpage.action?pageId=44367916"
"pages/tech_exclusion_criteria.adoc","technical","233","url","https://docs.ted.europa.eu/espd-demo/"
"pages/tech_exclusion_criteria.adoc","technical","240","url","http://wiki.ds.unipi.gr/pages/viewpage.action?pageId=44367916"
"pages/tech_exclusion_criteria.adoc","technical","269","url","https://docs.ted.europa.eu/espd-demo/"
"pages/tech_exclusion_criteria.adoc","technical","275","url","http://wiki.ds.unipi.gr/pages/viewpage.action?pageId=44367916"
"pages/tech_exclusion_criteria.adoc","technical","311","url","https://docs.ted.europa.eu/espd-demo/"
"pages/tech_exclusion_criteria.adoc","technical","319","url","http://wiki.ds.unipi.gr/pages/viewpage.action?pageId=44367916"
"pages/tech_exclusion_criteria.adoc","technical","345","url","https://docs.ted.europa.eu/espd-demo/"
"pages/tech_exclusion_criteria.adoc","technical","352","url","http://wiki.ds.unipi.gr/pages/viewpage.action?pageId=44367916"
"pages/tech_exclusion_criteria.adoc","technical","386","url","https://docs.ted.europa.eu/espd-demo/"
"pages/tech_exclusion_criteria.adoc","technical","392","url","http://wiki.ds.unipi.gr/pages/viewpage.action?pageId=44367916"
"pages/tech_exclusion_criteria.adoc","technical","427","url","https://docs.ted.europa.eu/espd-demo/"
"pages/tech_glossary.adoc","technical","9","url","https://docs.oasis-open.org/ubl/os-UBL-2.3/UBL-2.3.html#S-BUSINESS-INFORMATION-ENTITIES"
"pages/tech_glossary.adoc","technical","13","url","https://docs.oasis-open.org/ubl/os-UBL-2.3/UBL-2.3.html#S-BUSINESS-INFORMATION-ENTITIES"
"pages/tech_glossary.adoc","technical","17","url","https://docs.oasis-open.org/ubl/os-UBL-2.3/UBL-2.3.html#S-BUSINESS-INFORMATION-ENTITIES"
"pages/tech_glossary.adoc","technical","26","url","http://docs.oasis-open.org/codelist/approved/genericode/oasis-code-list-representation-genericode.html"
"pages/tech_glossary.adoc","technical","30","url","http://docs.oasis-open.org/codelist/ContextValueAssociation/doc/context-value-association.html"
"pages/tech_glossary.adoc","technical","43","url","https://ec.europa.eu/tools/ecertis/#/about"
"pages/tech_glossary.adoc","technical","51","url","https://ec.europa.eu/growth/single-market/public-procurement/digital/eforms_en"
"pages/tech_glossary.adoc","technical","55","url","https://ec.europa.eu/esco/portal"
"pages/tech_glossary.adoc","technical","59","url","https://op.europa.eu/en/web/eu-vocabularies/dataset/-/resource?uri=http://publications.europa.eu/resource/dataset/eurovoc"
"pages/tech_glossary.adoc","technical","63","url","https://cordis.europa.eu/article/id/191247-the-building-blocks-for-digital-governments-revolution"
"pages/tech_glossary.adoc","technical","67","url","https://github.com/ESPD/ESPD-EDM/tree/master"
"pages/tech_glossary.adoc","technical","71","url","https://github.com/ESPD/ESPD-EDM/tree/master"
"pages/tech_glossary.adoc","technical","75","url","http://docs.oasis-open.org/codelist/approved/genericode/oasis-code-list-representation-genericode.html"
"pages/tech_glossary.adoc","technical","87","url","https://ec.europa.eu/isa2/news/new-level-cooperation-isa-building-interoperable-europe_en/"
"pages/tech_glossary.adoc","technical","95","url","https://www.w3schools.com/XML/xml_namespaces.asp"
"pages/tech_glossary.adoc","technical","99","url","https://www.oasis-open.org/org/"
"pages/tech_glossary.adoc","technical","106","url","https://op.europa.eu/en/home"
"pages/tech_glossary.adoc","technical","108","url","https://ec.europa.eu/isa2/actions/improving-semantic-interoperability-european-egovernment-systems_en/"
"pages/tech_glossary.adoc","technical","112","url","https://www.schematron.com/"
"pages/tech_glossary.adoc","technical","116","url","https://ted.europa.eu/TED/main/HomePage.do"
"pages/tech_glossary.adoc","technical","118","url","https://www.itb.ec.europa.eu/espd/upload"
"pages/tech_glossary.adoc","technical","123","url","http://wiki.ds.unipi.gr/display/CCTF/TOOP+Exchange+Data+Model+Specification+v1.40"
"pages/tech_glossary.adoc","technical","127","url","https://www.oasis-open.org/committees/tc_home.php?wg_abbrev=ubl#overview"
"pages/tech_glossary.adoc","technical","131","url","https://www.ietf.org/rfc/rfc2396.txt"
"pages/tech_glossary.adoc","technical","135","url","https://www.w3.org/XML/"
"pages/tech_glossary.adoc","technical","139","url","https://www.w3.org/TR/xslt-30/"
"pages/tech_glossary.adoc","technical","143","url","https://www.iso.org/standard/61433.html"
"pages/tech_request.adoc","technical","15","url","https://github.com/OP-TED/ESPD-EDM/tree/master/ubl-2.4/xsdrt/maindoc"
"pages/tech_request.adoc","technical","19","image-url","https://kroki.io/blockdiag/svg/eNrtVttuEzEQfd-vGC0vILm5tJWoWoFUcpEilRJ6gYeqihx7suvitRfbW5JWfecr-Di-BHujTRPa9EaEQOrb7JmZ4_HojGeHUrMvXNAELqN6Hfo0Qag7ZKkSjMrSGhj8WqB1tdRlEnrZbyEDERBb_1hQKUYeckKrwW6ey8o-mOavrdc2amd5Ai-7IikMQrO5DQtZc0lzOZBRoQAlZqicrb0KdR6iA5tTBRk6I8YRQPk5-Ca4S-ENbG7tzLAURZI6DzbXS5DjiBbSDUba04kLDJ7N4IkSo4scLtDowdS8jCKmpTY-JH7RaXS7u6_jnSiK76n6aJJjDGtvIcax2z5-t9cZO1TWB9iYQMyGLICf0ASo166wVmGdzsRFSXUN940eCYk3gM4YWbEYOsel80lP8VCXNrNDj-cDlDOUua6WHI3H4YSLcFGlFZ4-4orzZPs0wwUiApIOUYb-NWq1n99_xI-l7llbYJs6nN0xAEciC8AUudHIvsFzoQt7i0Mz5F57Lc1nhMvKCXWUcX_Smc-l-A6ZNkIl79GlmntBJZN97VbdqelR_piVFL7qAum1SnyJfWrcZBl982n0HaaVHx_2IUcTVH_nGU-8QhCQl094ibx5hsw9vcm30u1pV-rSO49Q-cn0zWoZ4byhVeXZ5VwETirbPj9kH-AIDSqGVcihSBR1nvveBkT_0yNFbnlvyD_zUJAHzDxZNqxkbu7IkoEhdymdLJUo-Xtqi66iaj9Pd7HTXnkcLan2LpxTWSAI6_fx1gPn5cSmNA-LeqjHBKolv7HeILCwxU93ntX8rOZVvp2V8PzvoGfki_prNLzgrn4B_a3fDg=="
"pages/tech_request.adoc","technical","19","url","https://kroki.io/blockdiag/svg/eNrtVttuEzEQfd-vGC0vILm5tJWoWoFUcpEilRJ6gYeqihx7suvitRfbW5JWfecr-Di-BHujTRPa9EaEQOrb7JmZ4_HojGeHUrMvXNAELqN6Hfo0Qag7ZKkSjMrSGhj8WqB1tdRlEnrZbyEDERBb_1hQKUYeckKrwW6ey8o-mOavrdc2amd5Ai-7IikMQrO5DQtZc0lzOZBRoQAlZqicrb0KdR6iA5tTBRk6I8YRQPk5-Ca4S-ENbG7tzLAURZI6DzbXS5DjiBbSDUba04kLDJ7N4IkSo4scLtDowdS8jCKmpTY-JH7RaXS7u6_jnSiK76n6aJJjDGtvIcax2z5-t9cZO1TWB9iYQMyGLICf0ASo166wVmGdzsRFSXUN940eCYk3gM4YWbEYOsel80lP8VCXNrNDj-cDlDOUua6WHI3H4YSLcFGlFZ4-4orzZPs0wwUiApIOUYb-NWq1n99_xI-l7llbYJs6nN0xAEciC8AUudHIvsFzoQt7i0Mz5F57Lc1nhMvKCXWUcX_Smc-l-A6ZNkIl79GlmntBJZN97VbdqelR_piVFL7qAum1SnyJfWrcZBl982n0HaaVHx_2IUcTVH_nGU-8QhCQl094ibx5hsw9vcm30u1pV-rSO49Q-cn0zWoZ4byhVeXZ5VwETirbPj9kH-AIDSqGVcihSBR1nvveBkT_0yNFbnlvyD_zUJAHzDxZNqxkbu7IkoEhdymdLJUo-Xtqi66iaj9Pd7HTXnkcLan2LpxTWSAI6_fx1gPn5cSmNA-LeqjHBKolv7HeILCwxU93ntX8rOZVvp2V8PzvoGfki_prNLzgrn4B_a3fDg=="
"pages/tech_request.adoc","technical","21","url","https://niolesk.top/#https://kroki.io/blockdiag/svg/eNrtVttuEzEQfd-vGC0vILm5tJWoWoFUcpEilRJ6gYeqihx7suvitRfbW5JWfecr-Di-BHujTRPa9EaEQOrb7JmZ4_HojGeHUrMvXNAELqN6Hfo0Qag7ZKkSjMrSGhj8WqB1tdRlEnrZbyEDERBb_1hQKUYeckKrwW6ey8o-mOavrdc2amd5Ai-7IikMQrO5DQtZc0lzOZBRoQAlZqicrb0KdR6iA5tTBRk6I8YRQPk5-Ca4S-ENbG7tzLAURZI6DzbXS5DjiBbSDUba04kLDJ7N4IkSo4scLtDowdS8jCKmpTY-JH7RaXS7u6_jnSiK76n6aJJjDGtvIcax2z5-t9cZO1TWB9iYQMyGLICf0ASo166wVmGdzsRFSXUN940eCYk3gM4YWbEYOsel80lP8VCXNrNDj-cDlDOUua6WHI3H4YSLcFGlFZ4-4orzZPs0wwUiApIOUYb-NWq1n99_xI-l7llbYJs6nN0xAEciC8AUudHIvsFzoQt7i0Mz5F57Lc1nhMvKCXWUcX_Smc-l-A6ZNkIl79GlmntBJZN97VbdqelR_piVFL7qAum1SnyJfWrcZBl982n0HaaVHx_2IUcTVH_nGU-8QhCQl094ibx5hsw9vcm30u1pV-rSO49Q-cn0zWoZ4byhVeXZ5VwETirbPj9kH-AIDSqGVcihSBR1nvveBkT_0yNFbnlvyD_zUJAHzDxZNqxkbu7IkoEhdymdLJUo-Xtqi66iaj9Pd7HTXnkcLan2LpxTWSAI6_fx1gPn5cSmNA-LeqjHBKolv7HeILCwxU93ntX8rOZVvp2V8PzvoGfki_prNLzgrn4B_a3fDg=="
"pages/tech_request.adoc","technical","31","image-url","https://kroki.io/pikchr/svg/eNqNlUFP4zAQhe_5FVbEAcpi4jQpbKU9pO2uhIRWLAt7QRzcZEKNUrtrOxT-PePGLaRNgV6a2s_fex5P3ANNfpCIxkIGQTYkd4VayoDgZ6qeSXicT_Ph7ejyH2gjlLyY3LH7kFSPtbF-8kqrUlTw8xny2nZLWkOlsETIJ2E2JkthZ0QuCbfkfPFMJFElqbix1CyJ4XPwlLFavFzIQuTcKn0XUbptc3vb4T1W0mqe21-qKkB_IPiNTl3UC2NqmHAL7T10pWfxB_FXnBvRbfJW3o7JKw1PQtXmE5HKoag1jFXxLup9EIyGq5yYL8OwBabNaPN9TJLegSYzEA8znKXNQzBuFoR_al6J0tUbXbPFovKP1_C_BmNDVFWFR4480rMYTR15VRtqnPeIYn9NhqRQmDj0M7KZMRiSeVOS83y4ORQhH664ti_rvfplS78OyAk5jL659j1aHcoobmFcUbAkc5AWHx8ht6euVhMwuRYLt5dPwQMP7rfANyCxmzDdWAuLD5-CGI08KPkiKDx1gt0dXCp7DSVokDmcNm9XuN818a5py3WCUIfcgNamBTczKPbjvnvcoIX7Kx4ktxjza5iY9hsMnnrEPQlBrYZi9Kw3Yu2uirGrcMz_augeDtjMhxFN3ZGdpUeOPPVkvL2cZUjMnFfVmhXRpOfs32jOKFo54Gjz0_dv4-GG5dKFZpvQ03bod0s9tm3RGfgEo7jAbE_gDXq6g5620eugrAma4TtVCQmk1GpOJvgeursd99hnxM5AkgpKS6wirs5BFu9Rn22rY6fud6oZZdvqvlMne9Tp-ZY6ceq0Ux3TaJudOvVgjzrZVg9QHawqzFoXUMZw0dvfUpci7lBQ2muL-ruiaEeU7IqOs6IQ7jLi1a72Q1j6FcfBe9ErDZh0tg=="
"pages/tech_request.adoc","technical","31","url","https://kroki.io/pikchr/svg/eNqNlUFP4zAQhe_5FVbEAcpi4jQpbKU9pO2uhIRWLAt7QRzcZEKNUrtrOxT-PePGLaRNgV6a2s_fex5P3ANNfpCIxkIGQTYkd4VayoDgZ6qeSXicT_Ph7ejyH2gjlLyY3LH7kFSPtbF-8kqrUlTw8xny2nZLWkOlsETIJ2E2JkthZ0QuCbfkfPFMJFElqbix1CyJ4XPwlLFavFzIQuTcKn0XUbptc3vb4T1W0mqe21-qKkB_IPiNTl3UC2NqmHAL7T10pWfxB_FXnBvRbfJW3o7JKw1PQtXmE5HKoag1jFXxLup9EIyGq5yYL8OwBabNaPN9TJLegSYzEA8znKXNQzBuFoR_al6J0tUbXbPFovKP1_C_BmNDVFWFR4480rMYTR15VRtqnPeIYn9NhqRQmDj0M7KZMRiSeVOS83y4ORQhH664ti_rvfplS78OyAk5jL659j1aHcoobmFcUbAkc5AWHx8ht6euVhMwuRYLt5dPwQMP7rfANyCxmzDdWAuLD5-CGI08KPkiKDx1gt0dXCp7DSVokDmcNm9XuN818a5py3WCUIfcgNamBTczKPbjvnvcoIX7Kx4ktxjza5iY9hsMnnrEPQlBrYZi9Kw3Yu2uirGrcMz_augeDtjMhxFN3ZGdpUeOPPVkvL2cZUjMnFfVmhXRpOfs32jOKFo54Gjz0_dv4-GG5dKFZpvQ03bod0s9tm3RGfgEo7jAbE_gDXq6g5620eugrAma4TtVCQmk1GpOJvgeursd99hnxM5AkgpKS6wirs5BFu9Rn22rY6fud6oZZdvqvlMne9Tp-ZY6ceq0Ux3TaJudOvVgjzrZVg9QHawqzFoXUMZw0dvfUpci7lBQ2muL-ruiaEeU7IqOs6IQ7jLi1a72Q1j6FcfBe9ErDZh0tg=="
"pages/tech_request.adoc","technical","33","url","https://niolesk.top/#https://kroki.io/pikchr/svg/eNqNlUFP4zAQhe_5FVbEAcpi4jQpbKU9pO2uhIRWLAt7QRzcZEKNUrtrOxT-PePGLaRNgV6a2s_fex5P3ANNfpCIxkIGQTYkd4VayoDgZ6qeSXicT_Ph7ejyH2gjlLyY3LH7kFSPtbF-8kqrUlTw8xny2nZLWkOlsETIJ2E2JkthZ0QuCbfkfPFMJFElqbix1CyJ4XPwlLFavFzIQuTcKn0XUbptc3vb4T1W0mqe21-qKkB_IPiNTl3UC2NqmHAL7T10pWfxB_FXnBvRbfJW3o7JKw1PQtXmE5HKoag1jFXxLup9EIyGq5yYL8OwBabNaPN9TJLegSYzEA8znKXNQzBuFoR_al6J0tUbXbPFovKP1_C_BmNDVFWFR4480rMYTR15VRtqnPeIYn9NhqRQmDj0M7KZMRiSeVOS83y4ORQhH664ti_rvfplS78OyAk5jL659j1aHcoobmFcUbAkc5AWHx8ht6euVhMwuRYLt5dPwQMP7rfANyCxmzDdWAuLD5-CGI08KPkiKDx1gt0dXCp7DSVokDmcNm9XuN818a5py3WCUIfcgNamBTczKPbjvnvcoIX7Kx4ktxjza5iY9hsMnnrEPQlBrYZi9Kw3Yu2uirGrcMz_augeDtjMhxFN3ZGdpUeOPPVkvL2cZUjMnFfVmhXRpOfs32jOKFo54Gjz0_dv4-GG5dKFZpvQ03bod0s9tm3RGfgEo7jAbE_gDXq6g5620eugrAma4TtVCQmk1GpOJvgeursd99hnxM5AkgpKS6wirs5BFu9Rn22rY6fud6oZZdvqvlMne9Tp-ZY6ceq0Ux3TaJudOvVgjzrZVg9QHawqzFoXUMZw0dvfUpci7lBQ2muL-ruiaEeU7IqOs6IQ7jLi1a72Q1j6FcfBe9ErDZh0tg=="
"pages/tech_request.adoc","technical","42","url","https://schematron.com/"
"pages/tech_request.adoc","technical","73","url","https://docs.oasis-open.org/ubl/os-UBL-2.4/xsdrt/maindoc/"
"pages/tech_request.adoc","technical","195","image-url","https://kroki.io/pikchr/svg/eNqtVMtu2zAQvOsrFooPsdMopBTGSIBcGqS9pAjQXnwrKImW2TCkS1KxP7-kXpZsWcihJ0Mecmc4uzszDY-AopjLQHDJdjyvv0kQfH1d_cYPoD6oAC4_uOGpYMEKPUCFRAau4PIaRQn5giJM5oFlewshhmtY_XiBn-xvyYwNIVUih0wJpSEVNHsDausKQUC1VrsGQ3tC79OcQK52EvBipmGt1TusENgNk6B5sbEw05WuuNEVPu8zURquJBRalTI3cPnNFaNCgFDW-Ktg6DubhyD-lMYeXgJrbqcUxBGZ1pC0Gn4xwTLrNWSaW6Y5nSSrKlYFnIUVlaMZlD_SU7HdtmwvygIOJ0oL6pj92ba8a9FiSBEvxklIS_LUPAQwUJlDfMxXt_r01Eibyfl3H8saF3XXf_kZJQ00Qn_3v7xZnvEm-ZQ3yai4ZRBc5F6cH9OUF1BLdQMtC_D7aKqt7FvH_NbhyO3cHAoFuJ7SDaO5v3PfDKpD0BA5ALj_N07IOBDH5BOlhkC87NPfDu9kQhlvkNvMztemNQf_6haQriXltgoj993kEToJpCZ1okh2wWO2Sho2kTzozOJ3PmNUxxvy0TbvRdJpDOA2I8OWGLZMw_Nr1Xc_mO73Ruk2E8LvLqi2oNYec3F1SDB_vsuS8cD6B1sEy7c="
"pages/tech_request.adoc","technical","195","url","https://kroki.io/pikchr/svg/eNqtVMtu2zAQvOsrFooPsdMopBTGSIBcGqS9pAjQXnwrKImW2TCkS1KxP7-kXpZsWcihJ0Mecmc4uzszDY-AopjLQHDJdjyvv0kQfH1d_cYPoD6oAC4_uOGpYMEKPUCFRAau4PIaRQn5giJM5oFlewshhmtY_XiBn-xvyYwNIVUih0wJpSEVNHsDausKQUC1VrsGQ3tC79OcQK52EvBipmGt1TusENgNk6B5sbEw05WuuNEVPu8zURquJBRalTI3cPnNFaNCgFDW-Ktg6DubhyD-lMYeXgJrbqcUxBGZ1pC0Gn4xwTLrNWSaW6Y5nSSrKlYFnIUVlaMZlD_SU7HdtmwvygIOJ0oL6pj92ba8a9FiSBEvxklIS_LUPAQwUJlDfMxXt_r01Eibyfl3H8saF3XXf_kZJQ00Qn_3v7xZnvEm-ZQ3yai4ZRBc5F6cH9OUF1BLdQMtC_D7aKqt7FvH_NbhyO3cHAoFuJ7SDaO5v3PfDKpD0BA5ALj_N07IOBDH5BOlhkC87NPfDu9kQhlvkNvMztemNQf_6haQriXltgoj993kEToJpCZ1okh2wWO2Sho2kTzozOJ3PmNUxxvy0TbvRdJpDOA2I8OWGLZMw_Nr1Xc_mO73Ruk2E8LvLqi2oNYec3F1SDB_vsuS8cD6B1sEy7c="
"pages/tech_request.adoc","technical","197","url","https://niolesk.top/#https://kroki.io/pikchr/svg/eNqtVMtu2zAQvOsrFooPsdMopBTGSIBcGqS9pAjQXnwrKImW2TCkS1KxP7-kXpZsWcihJ0Mecmc4uzszDY-AopjLQHDJdjyvv0kQfH1d_cYPoD6oAC4_uOGpYMEKPUCFRAau4PIaRQn5giJM5oFlewshhmtY_XiBn-xvyYwNIVUih0wJpSEVNHsDausKQUC1VrsGQ3tC79OcQK52EvBipmGt1TusENgNk6B5sbEw05WuuNEVPu8zURquJBRalTI3cPnNFaNCgFDW-Ktg6DubhyD-lMYeXgJrbqcUxBGZ1pC0Gn4xwTLrNWSaW6Y5nSSrKlYFnIUVlaMZlD_SU7HdtmwvygIOJ0oL6pj92ba8a9FiSBEvxklIS_LUPAQwUJlDfMxXt_r01Eibyfl3H8saF3XXf_kZJQ00Qn_3v7xZnvEm-ZQ3yai4ZRBc5F6cH9OUF1BLdQMtC_D7aKqt7FvH_NbhyO3cHAoFuJ7SDaO5v3PfDKpD0BA5ALj_N07IOBDH5BOlhkC87NPfDu9kQhlvkNvMztemNQf_6haQriXltgoj993kEToJpCZ1okh2wWO2Sho2kTzozOJ3PmNUxxvy0TbvRdJpDOA2I8OWGLZMw_Nr1Xc_mO73Ruk2E8LvLqi2oNYec3F1SDB_vsuS8cD6B1sEy7c="
"pages/tech_request.adoc","technical","202","url","https://docs.ted.europa.eu/espd-demo/"
"pages/tech_request.adoc","technical","250","url","https://ted.europa.eu/TED/"
"pages/tech_request.adoc","technical","269","image-url","https://kroki.io/blockdiag/svg/eNrtVdtqGzEQffZ-xaBSaGFjr51AUocWkrgLhkDd3AiEYOTVeFeNVtpK2tZOyHu_oh_XL6m09q5zoUkoKXmpH4x8NHPmojPjiVDJBeM0haug04ERTRE6FpNM8oSK6jTW-LVEY9uZzQUM8zsmY-4R00loMlBJmaO0BzhFjTLB8enh4HUv8vya5u0vRQpvYp6WGqHb7cPnkgo-dSyWK7lTFGJ5PFgEXOu11yGnXAIK9Lym_dYneYgWTEEl5Gg1nwUA1c_xd85sBu9hY2u7wTLkaWYd2O1VIMMpLYUdT5Wj45fobzb8TZBqVRZwiVqNF8erIEiUUNqZkFcfozje2STbQUAIrH0A4srt7zDGfb5U3KucwBnj3lUqiSEIOkHhiaJ2-9ePn-Q8eJzAR8GZ7R_v7n-cWZTGGRoSutCTpD8c1Kc9VcyHkvnWKV2Dx8crg6ExJQ6oxVvAEc8boA5-NC9wTzEkT8zurm_NdzqiNnumDni-BmK10VBa1M7JuWs0TVf2qUxLp8ZV8fvKaXRR1BI5Qe07uTKpOQ8ttaWpTG-mfv4XzRigSTQvvP1ztcEbWUuTzF9WqTvkxM2Pc5yPUHPFarR6Xz2i2s5r6ACNU_2nqSu-Gbg7VS4HYMq1sc0EtMi9fKqHhjOT0cJPjzOUDNlEzUKoB7C3GYXGzoW_Z9RkyEJYjdJuN457XXK-HbRasMIngiYXZAFap_uVQxxH7kOq-V1-6uiCS7yF34q6IKu-XmqSwsemJHwhiYd_Vmz4b-QWtK6D66Be4AutWOXUx9CE9WKGb1SUCNy4hb3ld20jNPcnkivJbqgsCqFZ773I6ekJS_lB2b67ybhRMf6XzUvL5uE3W6-e6fo3WpjlRw=="
"pages/tech_request.adoc","technical","269","url","https://kroki.io/blockdiag/svg/eNrtVdtqGzEQffZ-xaBSaGFjr51AUocWkrgLhkDd3AiEYOTVeFeNVtpK2tZOyHu_oh_XL6m09q5zoUkoKXmpH4x8NHPmojPjiVDJBeM0haug04ERTRE6FpNM8oSK6jTW-LVEY9uZzQUM8zsmY-4R00loMlBJmaO0BzhFjTLB8enh4HUv8vya5u0vRQpvYp6WGqHb7cPnkgo-dSyWK7lTFGJ5PFgEXOu11yGnXAIK9Lym_dYneYgWTEEl5Gg1nwUA1c_xd85sBu9hY2u7wTLkaWYd2O1VIMMpLYUdT5Wj45fobzb8TZBqVRZwiVqNF8erIEiUUNqZkFcfozje2STbQUAIrH0A4srt7zDGfb5U3KucwBnj3lUqiSEIOkHhiaJ2-9ePn-Q8eJzAR8GZ7R_v7n-cWZTGGRoSutCTpD8c1Kc9VcyHkvnWKV2Dx8crg6ExJQ6oxVvAEc8boA5-NC9wTzEkT8zurm_NdzqiNnumDni-BmK10VBa1M7JuWs0TVf2qUxLp8ZV8fvKaXRR1BI5Qe07uTKpOQ8ttaWpTG-mfv4XzRigSTQvvP1ztcEbWUuTzF9WqTvkxM2Pc5yPUHPFarR6Xz2i2s5r6ACNU_2nqSu-Gbg7VS4HYMq1sc0EtMi9fKqHhjOT0cJPjzOUDNlEzUKoB7C3GYXGzoW_Z9RkyEJYjdJuN457XXK-HbRasMIngiYXZAFap_uVQxxH7kOq-V1-6uiCS7yF34q6IKu-XmqSwsemJHwhiYd_Vmz4b-QWtK6D66Be4AutWOXUx9CE9WKGb1SUCNy4hb3ld20jNPcnkivJbqgsCqFZ773I6ekJS_lB2b67ybhRMf6XzUvL5uE3W6-e6fo3WpjlRw=="
"pages/tech_request.adoc","technical","271","url","https://niolesk.top/#https://kroki.io/blockdiag/svg/eNrtVdtqGzEQffZ-xaBSaGFjr51AUocWkrgLhkDd3AiEYOTVeFeNVtpK2tZOyHu_oh_XL6m09q5zoUkoKXmpH4x8NHPmojPjiVDJBeM0haug04ERTRE6FpNM8oSK6jTW-LVEY9uZzQUM8zsmY-4R00loMlBJmaO0BzhFjTLB8enh4HUv8vya5u0vRQpvYp6WGqHb7cPnkgo-dSyWK7lTFGJ5PFgEXOu11yGnXAIK9Lym_dYneYgWTEEl5Gg1nwUA1c_xd85sBu9hY2u7wTLkaWYd2O1VIMMpLYUdT5Wj45fobzb8TZBqVRZwiVqNF8erIEiUUNqZkFcfozje2STbQUAIrH0A4srt7zDGfb5U3KucwBnj3lUqiSEIOkHhiaJ2-9ePn-Q8eJzAR8GZ7R_v7n-cWZTGGRoSutCTpD8c1Kc9VcyHkvnWKV2Dx8crg6ExJQ6oxVvAEc8boA5-NC9wTzEkT8zurm_NdzqiNnumDni-BmK10VBa1M7JuWs0TVf2qUxLp8ZV8fvKaXRR1BI5Qe07uTKpOQ8ttaWpTG-mfv4XzRigSTQvvP1ztcEbWUuTzF9WqTvkxM2Pc5yPUHPFarR6Xz2i2s5r6ACNU_2nqSu-Gbg7VS4HYMq1sc0EtMi9fKqHhjOT0cJPjzOUDNlEzUKoB7C3GYXGzoW_Z9RkyEJYjdJuN457XXK-HbRasMIngiYXZAFap_uVQxxH7kOq-V1-6uiCS7yF34q6IKu-XmqSwsemJHwhiYd_Vmz4b-QWtK6D66Be4AutWOXUx9CE9WKGb1SUCNy4hb3ld20jNPcnkivJbqgsCqFZ773I6ekJS_lB2b67ybhRMf6XzUvL5uE3W6-e6fo3WpjlRw=="
"pages/tech_request.adoc","technical","276","image-url","https://kroki.io/blockdiag/svg/eNrlVdtuEzEQfd79CmsREkhLbir0JpBS2hWVKKBeJCRURY492XXrtYPtQNIq73wFH8eXMN50N7dt06dKiDys7OPxXI7PZPpSs2suaEpuw2aTfKEpkKYDlinBqCxWPQPfR2BdI3O5JMf5iklPeMQ2u9ZqJqgD3mOSWvu802KUHY0dGEXlKQzAgGLQ-3p2iEc-pKF542qYkheJSEcGSPtNg8y9kMILQR97a05igl7InY-XPvEzcMQOqSI5OCPGISHFtvdTcJeRt2RrZ7_CMhBp5hBsdwqQw4COpOsNtHJW3IA_2SpOwtTo0ZDcgNG92fI2DJmW2qBN9OyolSTd7Wg_DKOIvHpHIp9sl3PhhMZ0DzUb5aBclXZEvnHhryqtsAZJ-yC9o1aj8efX7-gS_Wz0UIVxjrLMHy55rXwsHPsrMHZ7FwcfPZPKom8bxeinj9zmfeAceBnqQChqJp_7V8DcfTYFXvcutanUWNVmRMpwF6fH5bKM-IHarMT8uitTbYTL8hNwmeZVouOhMJNDlM8yci7yCjnB9XvNq32iTU7dInKkmOZCpYvY-4wayrAQFNrSbSHhE81XK3-o8KIusMyIoX_lzaKYKW8gjHWVCoNKhX1J2TVqMHDI6FybSdLCn8dtRode01Io8Fs3kX7LkUbgCAQBCj1YVU0YhMEsmAWmFZ9HDqK52flk6EsvQ6CJQp309TgmZee1t1vxcsyYzNM8aCdJpx1d3uWxXpVH76vMn61UV0D1FfrvU_VBiOFmhLlMmEXygmjN-jEk7j6axHtYfJDGOh7ribxjspbKf7uB4_XODH2d0xA__jsNp-WkmT2L09izHGxcThDyg8oREGFxsuz4mVC9KY6qHJto_qCdVkyqOdRp4dM93V_0Q0Lr7Ba5bBpD8doQiv8HQWzg7rXnbvoX3IX6fg=="
"pages/tech_request.adoc","technical","276","url","https://kroki.io/blockdiag/svg/eNrlVdtuEzEQfd79CmsREkhLbir0JpBS2hWVKKBeJCRURY492XXrtYPtQNIq73wFH8eXMN50N7dt06dKiDys7OPxXI7PZPpSs2suaEpuw2aTfKEpkKYDlinBqCxWPQPfR2BdI3O5JMf5iklPeMQ2u9ZqJqgD3mOSWvu802KUHY0dGEXlKQzAgGLQ-3p2iEc-pKF542qYkheJSEcGSPtNg8y9kMILQR97a05igl7InY-XPvEzcMQOqSI5OCPGISHFtvdTcJeRt2RrZ7_CMhBp5hBsdwqQw4COpOsNtHJW3IA_2SpOwtTo0ZDcgNG92fI2DJmW2qBN9OyolSTd7Wg_DKOIvHpHIp9sl3PhhMZ0DzUb5aBclXZEvnHhryqtsAZJ-yC9o1aj8efX7-gS_Wz0UIVxjrLMHy55rXwsHPsrMHZ7FwcfPZPKom8bxeinj9zmfeAceBnqQChqJp_7V8DcfTYFXvcutanUWNVmRMpwF6fH5bKM-IHarMT8uitTbYTL8hNwmeZVouOhMJNDlM8yci7yCjnB9XvNq32iTU7dInKkmOZCpYvY-4wayrAQFNrSbSHhE81XK3-o8KIusMyIoX_lzaKYKW8gjHWVCoNKhX1J2TVqMHDI6FybSdLCn8dtRode01Io8Fs3kX7LkUbgCAQBCj1YVU0YhMEsmAWmFZ9HDqK52flk6EsvQ6CJQp309TgmZee1t1vxcsyYzNM8aCdJpx1d3uWxXpVH76vMn61UV0D1FfrvU_VBiOFmhLlMmEXygmjN-jEk7j6axHtYfJDGOh7ribxjspbKf7uB4_XODH2d0xA__jsNp-WkmT2L09izHGxcThDyg8oREGFxsuz4mVC9KY6qHJto_qCdVkyqOdRp4dM93V_0Q0Lr7Ba5bBpD8doQiv8HQWzg7rXnbvoX3IX6fg=="
"pages/tech_request.adoc","technical","278","url","https://niolesk.top/#https://kroki.io/blockdiag/svg/eNrlVdtuEzEQfd79CmsREkhLbir0JpBS2hWVKKBeJCRURY492XXrtYPtQNIq73wFH8eXMN50N7dt06dKiDys7OPxXI7PZPpSs2suaEpuw2aTfKEpkKYDlinBqCxWPQPfR2BdI3O5JMf5iklPeMQ2u9ZqJqgD3mOSWvu802KUHY0dGEXlKQzAgGLQ-3p2iEc-pKF542qYkheJSEcGSPtNg8y9kMILQR97a05igl7InY-XPvEzcMQOqSI5OCPGISHFtvdTcJeRt2RrZ7_CMhBp5hBsdwqQw4COpOsNtHJW3IA_2SpOwtTo0ZDcgNG92fI2DJmW2qBN9OyolSTd7Wg_DKOIvHpHIp9sl3PhhMZ0DzUb5aBclXZEvnHhryqtsAZJ-yC9o1aj8efX7-gS_Wz0UIVxjrLMHy55rXwsHPsrMHZ7FwcfPZPKom8bxeinj9zmfeAceBnqQChqJp_7V8DcfTYFXvcutanUWNVmRMpwF6fH5bKM-IHarMT8uitTbYTL8hNwmeZVouOhMJNDlM8yci7yCjnB9XvNq32iTU7dInKkmOZCpYvY-4wayrAQFNrSbSHhE81XK3-o8KIusMyIoX_lzaKYKW8gjHWVCoNKhX1J2TVqMHDI6FybSdLCn8dtRode01Io8Fs3kX7LkUbgCAQBCj1YVU0YhMEsmAWmFZ9HDqK52flk6EsvQ6CJQp309TgmZee1t1vxcsyYzNM8aCdJpx1d3uWxXpVH76vMn61UV0D1FfrvU_VBiOFmhLlMmEXygmjN-jEk7j6axHtYfJDGOh7ribxjspbKf7uB4_XODH2d0xA__jsNp-WkmT2L09izHGxcThDyg8oREGFxsuz4mVC9KY6qHJto_qCdVkyqOdRp4dM93V_0Q0Lr7Ba5bBpD8doQiv8HQWzg7rXnbvoX3IX6fg=="
"pages/tech_request.adoc","technical","294","url","https://docs.oasis-open.org/ubl/os-UBL-2.4/xsdrt/common/UBL-CommonAggregateComponents-2.4.xsd"
"pages/tech_request.adoc","technical","351","url","https://docs.oasis-open.org/ubl/os-UBL-2.4/xsdrt/common/UBL-CommonAggregateComponents-2.4.xsd"
"pages/tech_request.adoc","technical","381","url","https://docs.ted.europa.eu/espd-demo/"
"pages/tech_request.adoc","technical","412","image-url","https://kroki.io/blockdiag/svg/eNrNU9Fu0zAUfc9XXJkXkEyaVJNWOoG0wiJN4qFamTQJTZFj3yYGxw62U5pNe-cr-Di-ZE5CV1SxCXjixbKP7_E9xz4ulOGfhWQl3EaTCSxZiTDxyCstOVPDLLf4pUXn48rXCs7rg5Jc9oibcMbfGu0t417qcsms7_Kr1bt8xSusWV4qUzCVb6STRsefmhKeZ7JsLUI6iyGQ54dsCGwY2RRGOoz0F73UFXpwDdNQo7dyGwEMy_yrFL6C13A0O3nAKpRl5QOYTgdQ4Jq1yufr0NLJG-x3jk6iqLSmbeAGrcnH6W0UkUNdH7oGCXx0FWt6YqjTAkVhthR2vdNXCXW-U_2-YK5CQYEbZWxYk2eLNMumKbkODffgWZJlp8ckYITAyzdAcOvnl4v3Z1uPujftCAXCCz5ftB3apTVrqfDy4jxIEbI_QxuN1zv27y70p_B9NQXFClR9_ySOf3z7Th7jn4ZxI333j_QLbCw61J754GTQQceiQdiBhejPvdMnnNLHXdC_VhjdRbvQjY_sTVAr0NFdmGDDVIsgXQjZrL-Hh4SE71UbLX6JR0JhH8kkBOE_dPx0wqfHvey7e7eja0Q="
"pages/tech_request.adoc","technical","412","url","https://kroki.io/blockdiag/svg/eNrNU9Fu0zAUfc9XXJkXkEyaVJNWOoG0wiJN4qFamTQJTZFj3yYGxw62U5pNe-cr-Di-ZE5CV1SxCXjixbKP7_E9xz4ulOGfhWQl3EaTCSxZiTDxyCstOVPDLLf4pUXn48rXCs7rg5Jc9oibcMbfGu0t417qcsms7_Kr1bt8xSusWV4qUzCVb6STRsefmhKeZ7JsLUI6iyGQ54dsCGwY2RRGOoz0F73UFXpwDdNQo7dyGwEMy_yrFL6C13A0O3nAKpRl5QOYTgdQ4Jq1yufr0NLJG-x3jk6iqLSmbeAGrcnH6W0UkUNdH7oGCXx0FWt6YqjTAkVhthR2vdNXCXW-U_2-YK5CQYEbZWxYk2eLNMumKbkODffgWZJlp8ckYITAyzdAcOvnl4v3Z1uPujftCAXCCz5ftB3apTVrqfDy4jxIEbI_QxuN1zv27y70p_B9NQXFClR9_ySOf3z7Th7jn4ZxI333j_QLbCw61J754GTQQceiQdiBhejPvdMnnNLHXdC_VhjdRbvQjY_sTVAr0NFdmGDDVIsgXQjZrL-Hh4SE71UbLX6JR0JhH8kkBOE_dPx0wqfHvey7e7eja0Q="
"pages/tech_request.adoc","technical","414","url","https://niolesk.top/#https://kroki.io/blockdiag/svg/eNrNU9Fu0zAUfc9XXJkXkEyaVJNWOoG0wiJN4qFamTQJTZFj3yYGxw62U5pNe-cr-Di-ZE5CV1SxCXjixbKP7_E9xz4ulOGfhWQl3EaTCSxZiTDxyCstOVPDLLf4pUXn48rXCs7rg5Jc9oibcMbfGu0t417qcsms7_Kr1bt8xSusWV4qUzCVb6STRsefmhKeZ7JsLUI6iyGQ54dsCGwY2RRGOoz0F73UFXpwDdNQo7dyGwEMy_yrFL6C13A0O3nAKpRl5QOYTgdQ4Jq1yufr0NLJG-x3jk6iqLSmbeAGrcnH6W0UkUNdH7oGCXx0FWt6YqjTAkVhthR2vdNXCXW-U_2-YK5CQYEbZWxYk2eLNMumKbkODffgWZJlp8ckYITAyzdAcOvnl4v3Z1uPujftCAXCCz5ftB3apTVrqfDy4jxIEbI_QxuN1zv27y70p_B9NQXFClR9_ySOf3z7Th7jn4ZxI333j_QLbCw61J754GTQQceiQdiBhejPvdMnnNLHXdC_VhjdRbvQjY_sTVAr0NFdmGDDVIsgXQjZrL-Hh4SE71UbLX6JR0JhH8kkBOE_dPx0wqfHvey7e7eja0Q="
"pages/tech_request.adoc","technical","419","image-url","https://kroki.io/blockdiag/svg/eNrtld1q2zAUx-_9FMJjsIGWLwrtWjZI0wQCaVealg1GMYp0YmtVpEyS0zil93uKPdyeZEfOnDYtbQjbzaB39vn86_jno5Ey_EpIlpKbqF4npywFUvfAMy05U-VTYuF7Ds7XMj9RpD95EJLIYHF1zvgps75IvgyPkiHPYMKSVJkRU69bjZl00ujat2lK3vRkmlsgzfc1gjn7ZRLBJLJMomSZRZY5b4OsIXjipkyTCXgr5xEh5WtyLYXPyAeys3ewsmUg08yjsdkqjQLGLFc-GRvtnVxA8OwcRFFqTT4lC7AmWT7eRFFcijkvphCTry5j0xCNTi1AjMyckqphs9Wgzhcq-AVzGQhKuFHG4nv86rDZ67Wa8SV2uTN2G71eezdGWxyTdx9JDHO_f3E46M496HBSF1MS8xHfP2b2qsMs9LXACXtj7zvaHsM9hj_yfoaRkx4uzvqVZWBScwZjsKA59I8qc1eLqZHa31mwVu68LTqKOSfHoS526BgR5iBkOIA2Gi4r6avv1hdBTJVQlqtcJ2yynk2JYiNQYRiNWu3Xj5_xWr0B02mOJK2KGOeZagthwbmVMStcoG5g_nR8Xt45m5dQwZqyAaRMdVG3L7YR2EGAGPfPtATrHkjaULKd4vhKTU9XHYKdSQ6n1sykALuMXs3oGuynMTJhrIZi7ZTt3GfGysXjOW0Q1ZOaaS5x9pwj-s8cGD-ODNWZQvaGyF4lYGhC_jHgYkHdY6k2k4B16f_yT9At_gD6N3TTrVim65zSNSrpI-Lov-SLPsEO3Z6UKLqNqqW_3LfeIDYCHK2WOZkxlQORDhfxXiBytayxzsRocW9TNyi5uxIauJNfIHuBbMP13toNoNz-BsH-BnY="
"pages/tech_request.adoc","technical","419","url","https://kroki.io/blockdiag/svg/eNrtld1q2zAUx-_9FMJjsIGWLwrtWjZI0wQCaVealg1GMYp0YmtVpEyS0zil93uKPdyeZEfOnDYtbQjbzaB39vn86_jno5Ey_EpIlpKbqF4npywFUvfAMy05U-VTYuF7Ds7XMj9RpD95EJLIYHF1zvgps75IvgyPkiHPYMKSVJkRU69bjZl00ujat2lK3vRkmlsgzfc1gjn7ZRLBJLJMomSZRZY5b4OsIXjipkyTCXgr5xEh5WtyLYXPyAeys3ewsmUg08yjsdkqjQLGLFc-GRvtnVxA8OwcRFFqTT4lC7AmWT7eRFFcijkvphCTry5j0xCNTi1AjMyckqphs9Wgzhcq-AVzGQhKuFHG4nv86rDZ67Wa8SV2uTN2G71eezdGWxyTdx9JDHO_f3E46M496HBSF1MS8xHfP2b2qsMs9LXACXtj7zvaHsM9hj_yfoaRkx4uzvqVZWBScwZjsKA59I8qc1eLqZHa31mwVu68LTqKOSfHoS526BgR5iBkOIA2Gi4r6avv1hdBTJVQlqtcJ2yynk2JYiNQYRiNWu3Xj5_xWr0B02mOJK2KGOeZagthwbmVMStcoG5g_nR8Xt45m5dQwZqyAaRMdVG3L7YR2EGAGPfPtATrHkjaULKd4vhKTU9XHYKdSQ6n1sykALuMXs3oGuynMTJhrIZi7ZTt3GfGysXjOW0Q1ZOaaS5x9pwj-s8cGD-ODNWZQvaGyF4lYGhC_jHgYkHdY6k2k4B16f_yT9At_gD6N3TTrVim65zSNSrpI-Lov-SLPsEO3Z6UKLqNqqW_3LfeIDYCHK2WOZkxlQORDhfxXiBytayxzsRocW9TNyi5uxIauJNfIHuBbMP13toNoNz-BsH-BnY="
"pages/tech_request.adoc","technical","421","url","https://niolesk.top/#https://kroki.io/blockdiag/svg/eNrtld1q2zAUx-_9FMJjsIGWLwrtWjZI0wQCaVealg1GMYp0YmtVpEyS0zil93uKPdyeZEfOnDYtbQjbzaB39vn86_jno5Ey_EpIlpKbqF4npywFUvfAMy05U-VTYuF7Ds7XMj9RpD95EJLIYHF1zvgps75IvgyPkiHPYMKSVJkRU69bjZl00ujat2lK3vRkmlsgzfc1gjn7ZRLBJLJMomSZRZY5b4OsIXjipkyTCXgr5xEh5WtyLYXPyAeys3ewsmUg08yjsdkqjQLGLFc-GRvtnVxA8OwcRFFqTT4lC7AmWT7eRFFcijkvphCTry5j0xCNTi1AjMyckqphs9Wgzhcq-AVzGQhKuFHG4nv86rDZ67Wa8SV2uTN2G71eezdGWxyTdx9JDHO_f3E46M496HBSF1MS8xHfP2b2qsMs9LXACXtj7zvaHsM9hj_yfoaRkx4uzvqVZWBScwZjsKA59I8qc1eLqZHa31mwVu68LTqKOSfHoS526BgR5iBkOIA2Gi4r6avv1hdBTJVQlqtcJ2yynk2JYiNQYRiNWu3Xj5_xWr0B02mOJK2KGOeZagthwbmVMStcoG5g_nR8Xt45m5dQwZqyAaRMdVG3L7YR2EGAGPfPtATrHkjaULKd4vhKTU9XHYKdSQ6n1sykALuMXs3oGuynMTJhrIZi7ZTt3GfGysXjOW0Q1ZOaaS5x9pwj-s8cGD-ODNWZQvaGyF4lYGhC_jHgYkHdY6k2k4B16f_yT9At_gD6N3TTrVim65zSNSrpI-Lov-SLPsEO3Z6UKLqNqqW_3LfeIDYCHK2WOZkxlQORDhfxXiBytayxzsRocW9TNyi5uxIauJNfIHuBbMP13toNoNz-BsH-BnY="
"pages/tech_request.adoc","technical","426","image-url","https://kroki.io/blockdiag/svg/eNrtVc1u00AQPnufYuVeQDKOE4FatQKpTWupUoGKFAlRVdbGO7GX2t6wuy5Jq9x5Ch6OJ2HWThyndVoBR_DB8vx5xt_3rWecyfiaC5bQO9Lr0XOWAO0ZiNNCxCyrniIFX0vQxk9NntHT_F5KJKxH92IWn0ttWHbIuQKtvejT6DgaxSnkzP8yTeizUCSlAjoIfIrJ-5vZFLNpnf3cTjICQ_WUFTQHo8SMUFqZ0TfBTUpf05d7B40vBZGkBp39QeXkMGFlZqKJLIwWt2AjL6sISZQsp_QWlIzqxztCYplJhTnuzkkQhoe77gEhrktfvKFuNSdTZu7SSy5sUiELuMJ4K9Iktj-ou2Azwxb6vu96WD-O998ydX1oDBRGyKLtHDIFK_s8k-aU25wJwt_OHAozH5VjLm6ERvc7lkM71LbrOT7jZE2GLAujbL19NX7VFv9Q8qbmAySt9sdCI1GxWdkXIodb7PB-MtFg7sGxBY0ax6XnTOB47TKPZmwMmWUq8P2f33-4T7xoOfzv9D6TNahDKRUXBTNPj0A2e1lSYWb2Px6dncyQTMuFpitUNqlro1nxQ5YCnQilTaNQp1HoOGPxNerTMdhirdswDPCyfp2yqdV7huBZ08wza3KmU-DocBw8BE4HBMQhTt1PQywL3jSntsReD4ewkW2D2Ni9YSpX90D2_s8cBe-hzL1NwXpbxUgQq5oZkwq1ZgkRdJfVF_OpFe0KfEwoOPCxnHl09fPs7wbeJhPemt6do34YDvruVcWO0038o8x3Ud_N_ZJ8y_6fnxlbviBWpXhfkMVqfdRfaySeXA64YZZrgd6wrAQqNK6LPfujb6DCPZij9Nc4DQKPNstlECAilUjpZbOFKt96F3hdm-C_ph_XtPcX5D-u88Ery8_iF8100Do="
"pages/tech_request.adoc","technical","426","url","https://kroki.io/blockdiag/svg/eNrtVc1u00AQPnufYuVeQDKOE4FatQKpTWupUoGKFAlRVdbGO7GX2t6wuy5Jq9x5Ch6OJ2HWThyndVoBR_DB8vx5xt_3rWecyfiaC5bQO9Lr0XOWAO0ZiNNCxCyrniIFX0vQxk9NntHT_F5KJKxH92IWn0ttWHbIuQKtvejT6DgaxSnkzP8yTeizUCSlAjoIfIrJ-5vZFLNpnf3cTjICQ_WUFTQHo8SMUFqZ0TfBTUpf05d7B40vBZGkBp39QeXkMGFlZqKJLIwWt2AjL6sISZQsp_QWlIzqxztCYplJhTnuzkkQhoe77gEhrktfvKFuNSdTZu7SSy5sUiELuMJ4K9Iktj-ou2Azwxb6vu96WD-O998ydX1oDBRGyKLtHDIFK_s8k-aU25wJwt_OHAozH5VjLm6ERvc7lkM71LbrOT7jZE2GLAujbL19NX7VFv9Q8qbmAySt9sdCI1GxWdkXIodb7PB-MtFg7sGxBY0ax6XnTOB47TKPZmwMmWUq8P2f33-4T7xoOfzv9D6TNahDKRUXBTNPj0A2e1lSYWb2Px6dncyQTMuFpitUNqlro1nxQ5YCnQilTaNQp1HoOGPxNerTMdhirdswDPCyfp2yqdV7huBZ08wza3KmU-DocBw8BE4HBMQhTt1PQywL3jSntsReD4ewkW2D2Ni9YSpX90D2_s8cBe-hzL1NwXpbxUgQq5oZkwq1ZgkRdJfVF_OpFe0KfEwoOPCxnHl09fPs7wbeJhPemt6do34YDvruVcWO0038o8x3Ud_N_ZJ8y_6fnxlbviBWpXhfkMVqfdRfaySeXA64YZZrgd6wrAQqNK6LPfujb6DCPZij9Nc4DQKPNstlECAilUjpZbOFKt96F3hdm-C_ph_XtPcX5D-u88Ery8_iF8100Do="
"pages/tech_request.adoc","technical","428","url","https://niolesk.top/#https://kroki.io/blockdiag/svg/eNrtVc1u00AQPnufYuVeQDKOE4FatQKpTWupUoGKFAlRVdbGO7GX2t6wuy5Jq9x5Ch6OJ2HWThyndVoBR_DB8vx5xt_3rWecyfiaC5bQO9Lr0XOWAO0ZiNNCxCyrniIFX0vQxk9NntHT_F5KJKxH92IWn0ttWHbIuQKtvejT6DgaxSnkzP8yTeizUCSlAjoIfIrJ-5vZFLNpnf3cTjICQ_WUFTQHo8SMUFqZ0TfBTUpf05d7B40vBZGkBp39QeXkMGFlZqKJLIwWt2AjL6sISZQsp_QWlIzqxztCYplJhTnuzkkQhoe77gEhrktfvKFuNSdTZu7SSy5sUiELuMJ4K9Iktj-ou2Azwxb6vu96WD-O998ydX1oDBRGyKLtHDIFK_s8k-aU25wJwt_OHAozH5VjLm6ERvc7lkM71LbrOT7jZE2GLAujbL19NX7VFv9Q8qbmAySt9sdCI1GxWdkXIodb7PB-MtFg7sGxBY0ax6XnTOB47TKPZmwMmWUq8P2f33-4T7xoOfzv9D6TNahDKRUXBTNPj0A2e1lSYWb2Px6dncyQTMuFpitUNqlro1nxQ5YCnQilTaNQp1HoOGPxNerTMdhirdswDPCyfp2yqdV7huBZ08wza3KmU-DocBw8BE4HBMQhTt1PQywL3jSntsReD4ewkW2D2Ni9YSpX90D2_s8cBe-hzL1NwXpbxUgQq5oZkwq1ZgkRdJfVF_OpFe0KfEwoOPCxnHl09fPs7wbeJhPemt6do34YDvruVcWO0038o8x3Ud_N_ZJ8y_6fnxlbviBWpXhfkMVqfdRfaySeXA64YZZrgd6wrAQqNK6LPfujb6DCPZij9Nc4DQKPNstlECAilUjpZbOFKt96F3hdm-C_ph_XtPcX5D-u88Ery8_iF8100Do="
"pages/tech_request.adoc","technical","433","image-url","https://kroki.io/blockdiag/svg/eNrVVNtq20AQfdZ-xaC-tKDasggkOLTQxBak9BKwC4USxEoaS9ustKp23doJfu9X9OP6JZ2VLPmStPStVE87Zw5zOTOjWKrkNhU8g3s2HMI1zxCGBpO8FAmXzSuq8csStRnkppBwVRxRImERPUx4cqlKwxMTfZxNolmSY8EHn6sMnoYiW9YIwWgAxBpvaR4QD1reM5t8hgZ0xUso0NRixQAaM_omUpPDCzg5O--xHEWWGwJHQQOmuOBLaaIFxdbiDq3npPGwrFbLCu6wVlH7vGcsUVLVxHGfTP0wfHXqnjPmuvD8Jbi2wmtem7ULn1JhSaUq8Yb8e56OuG3lUWrvs2RcmfGHizfTlcFSC1Vq16MIcTK-mnSvd7zA7v1axXNhZG9PsKLEBZamQ-Yoscop3T6w4KvOnEpMTK1oRm-5kEcFPqyvKUCZNho535sc60tVFEs7ZUMVH4TwQPIYpVXQHwx-fv_hUtetugtRa9Mr7fRKx5Int6SzY0iLnf5h6NNncZ3zys5NihKtadbSminXOaYEOA4N0zkonTnMaTNpTFSZ7tJasrulzdcVUvVdfKKUKaaxWnnQrdbo1PcOE3qwq_FiFIbByL2hfbJx7fewLev5XWvWd9ReAz3eYlP7v14Y7692glk5NszZsE13wa2kRtGepKi97jLhK5dLBKHpYs_srfXzoL9PQbPbDSPwPejvO_BJ9r3T8w4Pz_tflPrz_gUnts3NL0kRt4w="
"pages/tech_request.adoc","technical","433","url","https://kroki.io/blockdiag/svg/eNrVVNtq20AQfdZ-xaC-tKDasggkOLTQxBak9BKwC4USxEoaS9ustKp23doJfu9X9OP6JZ2VLPmStPStVE87Zw5zOTOjWKrkNhU8g3s2HMI1zxCGBpO8FAmXzSuq8csStRnkppBwVRxRImERPUx4cqlKwxMTfZxNolmSY8EHn6sMnoYiW9YIwWgAxBpvaR4QD1reM5t8hgZ0xUso0NRixQAaM_omUpPDCzg5O--xHEWWGwJHQQOmuOBLaaIFxdbiDq3npPGwrFbLCu6wVlH7vGcsUVLVxHGfTP0wfHXqnjPmuvD8Jbi2wmtem7ULn1JhSaUq8Yb8e56OuG3lUWrvs2RcmfGHizfTlcFSC1Vq16MIcTK-mnSvd7zA7v1axXNhZG9PsKLEBZamQ-Yoscop3T6w4KvOnEpMTK1oRm-5kEcFPqyvKUCZNho535sc60tVFEs7ZUMVH4TwQPIYpVXQHwx-fv_hUtetugtRa9Mr7fRKx5Int6SzY0iLnf5h6NNncZ3zys5NihKtadbSminXOaYEOA4N0zkonTnMaTNpTFSZ7tJasrulzdcVUvVdfKKUKaaxWnnQrdbo1PcOE3qwq_FiFIbByL2hfbJx7fewLev5XWvWd9ReAz3eYlP7v14Y7692glk5NszZsE13wa2kRtGepKi97jLhK5dLBKHpYs_srfXzoL9PQbPbDSPwPejvO_BJ9r3T8w4Pz_tflPrz_gUnts3NL0kRt4w="
"pages/tech_request.adoc","technical","435","url","https://niolesk.top/#https://kroki.io/blockdiag/svg/eNrVVNtq20AQfdZ-xaC-tKDasggkOLTQxBak9BKwC4USxEoaS9ustKp23doJfu9X9OP6JZ2VLPmStPStVE87Zw5zOTOjWKrkNhU8g3s2HMI1zxCGBpO8FAmXzSuq8csStRnkppBwVRxRImERPUx4cqlKwxMTfZxNolmSY8EHn6sMnoYiW9YIwWgAxBpvaR4QD1reM5t8hgZ0xUso0NRixQAaM_omUpPDCzg5O--xHEWWGwJHQQOmuOBLaaIFxdbiDq3npPGwrFbLCu6wVlH7vGcsUVLVxHGfTP0wfHXqnjPmuvD8Jbi2wmtem7ULn1JhSaUq8Yb8e56OuG3lUWrvs2RcmfGHizfTlcFSC1Vq16MIcTK-mnSvd7zA7v1axXNhZG9PsKLEBZamQ-Yoscop3T6w4KvOnEpMTK1oRm-5kEcFPqyvKUCZNho535sc60tVFEs7ZUMVH4TwQPIYpVXQHwx-fv_hUtetugtRa9Mr7fRKx5Int6SzY0iLnf5h6NNncZ3zys5NihKtadbSminXOaYEOA4N0zkonTnMaTNpTFSZ7tJasrulzdcVUvVdfKKUKaaxWnnQrdbo1PcOE3qwq_FiFIbByL2hfbJx7fewLev5XWvWd9ReAz3eYlP7v14Y7692glk5NszZsE13wa2kRtGepKi97jLhK5dLBKHpYs_srfXzoL9PQbPbDSPwPejvO_BJ9r3T8w4Pz_tflPrz_gUnts3NL0kRt4w="
"pages/tech_request.adoc","technical","449","url","https://docs.oasis-open.org/ubl/os-UBL-2.4/xsdrt/common/UBL-CommonAggregateComponents-2.4.xsd"
"pages/tech_request.adoc","technical","459","url","https://eur-lex.europa.eu/legal-content/EN/TXT/PDF/?uri=CELEX:32014L0024&from=ES"
"pages/tech_request.adoc","technical","471","url","https://docs.oasis-open.org/ubl/os-UBL-2.4/xsdrt/common/UBL-CommonAggregateComponents-2.4.xsd"
"pages/tech_request.adoc","technical","481","url","https://ec.europa.eu/taxation_customs/vies/"
"pages/tech_request.adoc","technical","513","url","https://docs.oasis-open.org/ubl/os-UBL-2.4/xsdrt/common/UBL-CommonAggregateComponents-2.4.xsd"
"pages/tech_request.adoc","technical","559","url","https://docs.oasis-open.org/ubl/os-UBL-2.4/xsdrt/common/UBL-CommonAggregateComponents-2.4.xsd"
"pages/tech_request.adoc","technical","606","image-url","https://kroki.io/blockdiag/svg/eNrVWd1u4kYUvsZPceTetNLUARppo0StRDZBitSLSKRSpc0KGfuAp2vGrmfIz65y36fow_VJesYeG_wDZAUCwwXYZ87MfGfm_DMJI--Lz90ZfLPOzuDenSGcKfQCwT03TJ_GCf69QKmcQM1DuJtXWMZcU-SZ53ojTJ64h_dJ9MR9TMZ_jm7GIy_Auev8Fc_gxyGfLRKEft8B4r6ssAOxQ8b-k8YyQgUydgXMUSX8xQJIX8fP3FcB_ArnF1cFLUA-CxQRe_2U6OPUXYRqPI2Ekvwr6pHzdMSaJdEihq-YROPs8ZtleVEYJcRj_3DbHQ4HH-wry7Jt-Pk3sDXQezdRrzZ88rlmEpHAz7XhRzEYXd_dwkfaMXE9xcUM0gEHzPhDgOCtjMaaDFxJDKfOo-jVp9a_CYRUryEWMKxVgDkgvRCtU0W8njMHbwAXVA05TuiCk9cUOhFhSielAi4z_AS86zg9g9FMrP5WUV81w77HREaihJpB6E4w1FdD2_z3z7_25w1TK2IURIjTJ3CljDzuKvThmZMOVcUQ-VFn7KWfd8owmKFQjfqykbmCfDmQK8_AqMtzEAGdqCRZgEzD1YwbryRdarsirRGnYqJ1wd57QU0LVYQ2LFD4g4rocUrXxuGCNLwq2pfgLQKozwxf1OUf17_fvigUkkdCNqlT2zHrbVK3wQXtrLUUizH9Sk5bZLsh-JG3mNPiNQ_XRkm9iXd5d3MCV5IBfRTXev_mjR2482kFPuWYEAgBvHhdOpYcR2ymphB6a1ZcWdBxnJO5ULPfw2uMHyMfTxX3lsvO6ZodNL8D2Swd65UmRtPqdfuMDDdOUEqKnDrwkFXTRAPTrHiiV_2OaFae8B3n68ADObzvOlpFE_JkpLrFiZxvHvzhFPxjATYHse5eV5L4KgwdvgyQNI9f4xW3J_NtPaERhiEmG6qKtmPedrkZ89hwVwqgcuGDzbGwIRg2OcTV3Jgdvnq0TPU75YlURfnbKcrfSeh6X6j47Wg3tCyKh8MufTRdBm6spQkpo9OvRjjflQH6ROh0qMLulIpQdtBKk5VKSXaw6pDVyj92_BqPbSjiWNvqMqtjdTKNlEga4C_VUyuV3QQ0C8eDTZZ9g1R9hFklEtINa2Q-Si_hEyS8mQSrdkXjxrBzYSQDufACug1j0cYGCJ6gAD6JXhgUPalul8GyGaXfyjbCYGlW173hsN-zqQQFLaL-1C1Rj6yzRj1WsciU1GyV6THW60q2r8KNFXURa0fhwZrzeta6tLmOqIF0zLyTldI6duy8iTWlJaxNcd_S9vxmdd6st7yVnbkIMhpBSkA-xbSo4ckNFwik6r3-he4qF_7F5-6c_ODSufRXfUu_S36jnk1sjIP16LQuNDS6ibJ1bzerZrWpJpOb3Gn_vCzl4ZrsBpQtIqXlyAH9Uvfvtf8OcsSH662vA3v-frCHaaDvAeiRe-Z7kKBVrfAd5dlby3cNjnI-dbH2WNvR5txdiHb18vYqz5H7ZjvKcuw-0e7wW9MQ2UmUt_8B6bsZIA=="
"pages/tech_request.adoc","technical","606","url","https://kroki.io/blockdiag/svg/eNrVWd1u4kYUvsZPceTetNLUARppo0StRDZBitSLSKRSpc0KGfuAp2vGrmfIz65y36fow_VJesYeG_wDZAUCwwXYZ87MfGfm_DMJI--Lz90ZfLPOzuDenSGcKfQCwT03TJ_GCf69QKmcQM1DuJtXWMZcU-SZ53ojTJ64h_dJ9MR9TMZ_jm7GIy_Auev8Fc_gxyGfLRKEft8B4r6ssAOxQ8b-k8YyQgUydgXMUSX8xQJIX8fP3FcB_ArnF1cFLUA-CxQRe_2U6OPUXYRqPI2Ekvwr6pHzdMSaJdEihq-YROPs8ZtleVEYJcRj_3DbHQ4HH-wry7Jt-Pk3sDXQezdRrzZ88rlmEpHAz7XhRzEYXd_dwkfaMXE9xcUM0gEHzPhDgOCtjMaaDFxJDKfOo-jVp9a_CYRUryEWMKxVgDkgvRCtU0W8njMHbwAXVA05TuiCk9cUOhFhSielAi4z_AS86zg9g9FMrP5WUV81w77HREaihJpB6E4w1FdD2_z3z7_25w1TK2IURIjTJ3CljDzuKvThmZMOVcUQ-VFn7KWfd8owmKFQjfqykbmCfDmQK8_AqMtzEAGdqCRZgEzD1YwbryRdarsirRGnYqJ1wd57QU0LVYQ2LFD4g4rocUrXxuGCNLwq2pfgLQKozwxf1OUf17_fvigUkkdCNqlT2zHrbVK3wQXtrLUUizH9Sk5bZLsh-JG3mNPiNQ_XRkm9iXd5d3MCV5IBfRTXev_mjR2482kFPuWYEAgBvHhdOpYcR2ymphB6a1ZcWdBxnJO5ULPfw2uMHyMfTxX3lsvO6ZodNL8D2Swd65UmRtPqdfuMDDdOUEqKnDrwkFXTRAPTrHiiV_2OaFae8B3n68ADObzvOlpFE_JkpLrFiZxvHvzhFPxjATYHse5eV5L4KgwdvgyQNI9f4xW3J_NtPaERhiEmG6qKtmPedrkZ89hwVwqgcuGDzbGwIRg2OcTV3Jgdvnq0TPU75YlURfnbKcrfSeh6X6j47Wg3tCyKh8MufTRdBm6spQkpo9OvRjjflQH6ROh0qMLulIpQdtBKk5VKSXaw6pDVyj92_BqPbSjiWNvqMqtjdTKNlEga4C_VUyuV3QQ0C8eDTZZ9g1R9hFklEtINa2Q-Si_hEyS8mQSrdkXjxrBzYSQDufACug1j0cYGCJ6gAD6JXhgUPalul8GyGaXfyjbCYGlW173hsN-zqQQFLaL-1C1Rj6yzRj1WsciU1GyV6THW60q2r8KNFXURa0fhwZrzeta6tLmOqIF0zLyTldI6duy8iTWlJaxNcd_S9vxmdd6st7yVnbkIMhpBSkA-xbSo4ckNFwik6r3-he4qF_7F5-6c_ODSufRXfUu_S36jnk1sjIP16LQuNDS6ibJ1bzerZrWpJpOb3Gn_vCzl4ZrsBpQtIqXlyAH9Uvfvtf8OcsSH662vA3v-frCHaaDvAeiRe-Z7kKBVrfAd5dlby3cNjnI-dbH2WNvR5txdiHb18vYqz5H7ZjvKcuw-0e7wW9MQ2UmUt_8B6bsZIA=="
"pages/tech_request.adoc","technical","608","url","https://niolesk.top/#https://kroki.io/blockdiag/svg/eNrVWd1u4kYUvsZPceTetNLUARppo0StRDZBitSLSKRSpc0KGfuAp2vGrmfIz65y36fow_VJesYeG_wDZAUCwwXYZ87MfGfm_DMJI--Lz90ZfLPOzuDenSGcKfQCwT03TJ_GCf69QKmcQM1DuJtXWMZcU-SZ53ojTJ64h_dJ9MR9TMZ_jm7GIy_Auev8Fc_gxyGfLRKEft8B4r6ssAOxQ8b-k8YyQgUydgXMUSX8xQJIX8fP3FcB_ArnF1cFLUA-CxQRe_2U6OPUXYRqPI2Ekvwr6pHzdMSaJdEihq-YROPs8ZtleVEYJcRj_3DbHQ4HH-wry7Jt-Pk3sDXQezdRrzZ88rlmEpHAz7XhRzEYXd_dwkfaMXE9xcUM0gEHzPhDgOCtjMaaDFxJDKfOo-jVp9a_CYRUryEWMKxVgDkgvRCtU0W8njMHbwAXVA05TuiCk9cUOhFhSielAi4z_AS86zg9g9FMrP5WUV81w77HREaihJpB6E4w1FdD2_z3z7_25w1TK2IURIjTJ3CljDzuKvThmZMOVcUQ-VFn7KWfd8owmKFQjfqykbmCfDmQK8_AqMtzEAGdqCRZgEzD1YwbryRdarsirRGnYqJ1wd57QU0LVYQ2LFD4g4rocUrXxuGCNLwq2pfgLQKozwxf1OUf17_fvigUkkdCNqlT2zHrbVK3wQXtrLUUizH9Sk5bZLsh-JG3mNPiNQ_XRkm9iXd5d3MCV5IBfRTXev_mjR2482kFPuWYEAgBvHhdOpYcR2ymphB6a1ZcWdBxnJO5ULPfw2uMHyMfTxX3lsvO6ZodNL8D2Swd65UmRtPqdfuMDDdOUEqKnDrwkFXTRAPTrHiiV_2OaFae8B3n68ADObzvOlpFE_JkpLrFiZxvHvzhFPxjATYHse5eV5L4KgwdvgyQNI9f4xW3J_NtPaERhiEmG6qKtmPedrkZ89hwVwqgcuGDzbGwIRg2OcTV3Jgdvnq0TPU75YlURfnbKcrfSeh6X6j47Wg3tCyKh8MufTRdBm6spQkpo9OvRjjflQH6ROh0qMLulIpQdtBKk5VKSXaw6pDVyj92_BqPbSjiWNvqMqtjdTKNlEga4C_VUyuV3QQ0C8eDTZZ9g1R9hFklEtINa2Q-Si_hEyS8mQSrdkXjxrBzYSQDufACug1j0cYGCJ6gAD6JXhgUPalul8GyGaXfyjbCYGlW173hsN-zqQQFLaL-1C1Rj6yzRj1WsciU1GyV6THW60q2r8KNFXURa0fhwZrzeta6tLmOqIF0zLyTldI6duy8iTWlJaxNcd_S9vxmdd6st7yVnbkIMhpBSkA-xbSo4ckNFwik6r3-he4qF_7F5-6c_ODSufRXfUu_S36jnk1sjIP16LQuNDS6ibJ1bzerZrWpJpOb3Gn_vCzl4ZrsBpQtIqXlyAH9Uvfvtf8OcsSH662vA3v-frCHaaDvAeiRe-Z7kKBVrfAd5dlby3cNjnI-dbH2WNvR5txdiHb18vYqz5H7ZjvKcuw-0e7wW9MQ2UmUt_8B6bsZIA=="
"pages/tech_request.adoc","technical","617","image-url","https://kroki.io/blockdiag/svg/eNq9U8GO0zAQPddfMTIXkEKahkq7tAKJXTbSShwqLZzQqnLiaWLWjYPtlHZXvfMVfBxfgp007basggQSPlj2m5k3ozczqVTZHRcshwcyHMKM5QhDi1lRiozJ5jXX-LVGY8PCLiVcL09c5sIjZpix7Ab1SmQ402olOOrwS5XD80TktUaI4xCcy-TE54XPeoMWTMVKWKLVYk0Amu_8m-C2gDcwPp_usQJFXlgHjuIG5LhgtbTzhSqtEffoLePGQnKt6gruUat5-3wgJFNSaedDn11FSfLujE4JoRRevgX6RHUzpu2GwmcufEypSgxAshSlZ4jC8Of3H_SW9ER6XlzbyaeLD1dri6URqjQ0cMnSbHL9vnvtgj9uKrxUHI8y_pH_hOBfy_XW9ht0mkiJ-tLpyzJ7UtpO44XQxu5FHtCn2He1mYJVvknOt-TIU7UOoOtzfBYFxm6kt3NmCuQBHBp2MUqSeERvp2QwgAOeSpbd0Ra0TutDQJJE7tBmGHanyy5FiUf4UdaWrLn-pnu_w52UPbqSwZZsSbcNrSJWOZk5mqCbclgxWSMI46b_3M_tXk63wktV8kdaRgHsdyWOnGp9A97bldePqcYN1f9Spb-yV00x21-IroX6"
"pages/tech_request.adoc","technical","617","url","https://kroki.io/blockdiag/svg/eNq9U8GO0zAQPddfMTIXkEKahkq7tAKJXTbSShwqLZzQqnLiaWLWjYPtlHZXvfMVfBxfgp007basggQSPlj2m5k3ozczqVTZHRcshwcyHMKM5QhDi1lRiozJ5jXX-LVGY8PCLiVcL09c5sIjZpix7Ab1SmQ402olOOrwS5XD80TktUaI4xCcy-TE54XPeoMWTMVKWKLVYk0Amu_8m-C2gDcwPp_usQJFXlgHjuIG5LhgtbTzhSqtEffoLePGQnKt6gruUat5-3wgJFNSaedDn11FSfLujE4JoRRevgX6RHUzpu2GwmcufEypSgxAshSlZ4jC8Of3H_SW9ER6XlzbyaeLD1dri6URqjQ0cMnSbHL9vnvtgj9uKrxUHI8y_pH_hOBfy_XW9ht0mkiJ-tLpyzJ7UtpO44XQxu5FHtCn2He1mYJVvknOt-TIU7UOoOtzfBYFxm6kt3NmCuQBHBp2MUqSeERvp2QwgAOeSpbd0Ra0TutDQJJE7tBmGHanyy5FiUf4UdaWrLn-pnu_w52UPbqSwZZsSbcNrSJWOZk5mqCbclgxWSMI46b_3M_tXk63wktV8kdaRgHsdyWOnGp9A97bldePqcYN1f9Spb-yV00x21-IroX6"
"pages/tech_request.adoc","technical","619","url","https://niolesk.top/#https://kroki.io/blockdiag/svg/eNq9U8GO0zAQPddfMTIXkEKahkq7tAKJXTbSShwqLZzQqnLiaWLWjYPtlHZXvfMVfBxfgp007basggQSPlj2m5k3ozczqVTZHRcshwcyHMKM5QhDi1lRiozJ5jXX-LVGY8PCLiVcL09c5sIjZpix7Ab1SmQ402olOOrwS5XD80TktUaI4xCcy-TE54XPeoMWTMVKWKLVYk0Amu_8m-C2gDcwPp_usQJFXlgHjuIG5LhgtbTzhSqtEffoLePGQnKt6gruUat5-3wgJFNSaedDn11FSfLujE4JoRRevgX6RHUzpu2GwmcufEypSgxAshSlZ4jC8Of3H_SW9ER6XlzbyaeLD1dri6URqjQ0cMnSbHL9vnvtgj9uKrxUHI8y_pH_hOBfy_XW9ht0mkiJ-tLpyzJ7UtpO44XQxu5FHtCn2He1mYJVvknOt-TIU7UOoOtzfBYFxm6kt3NmCuQBHBp2MUqSeERvp2QwgAOeSpbd0Ra0TutDQJJE7tBmGHanyy5FiUf4UdaWrLn-pnu_w52UPbqSwZZsSbcNrSJWOZk5mqCbclgxWSMI46b_3M_tXk63wktV8kdaRgHsdyWOnGp9A97bldePqcYN1f9Spb-yV00x21-IroX6"
"pages/tech_request.adoc","technical","622","image-url","https://kroki.io/blockdiag/svg/eNrVVNtO3DAQfV5_xSh9ASlkL4UWQalEgZVWoi0Cqj5QFHnj2cTFa6e2Q3dBvPcr-nH9ktrJJnsBqpa-tHlYrc94LmdmfIZCJVeM0xRuSbsNJzRFaFtMMskTKsp_scYvBRobZXYsYDBeuRJzj5h2QpMz1Nc8wTjX6poz1PEJ1XYao8AxSmuiz3kKa32eFhqh9zwC57Iz8zmZufgwO6Ub1G6AkxwTiwxGSoPNEEzlA3WedV_6GVowOZUwRqv5hACUx_grZzaDPdjc3m2wDHmaWQd2eyXIcEQLYeORcvn4DXrLZmkhqVZFDjeoVVz9vSUkUcJVsgfBs6NOv7__MtglJAhg4zUETfnVMYqiIHToMNl5S_XVAdU4kMz1zSq9aNi31lHlSt6zfsSh4RY_nA5q5Fil6hRHqFEmODis4SPJcsWlnSMuVmGsnh4Iagwf-bguw4FiGMAF456BVBIvyWrVzXHAfFW1Zxm3Nr2j4-UwIQg6ROHb0omiH9--Bw8HPqYyLdzGNNGUsVTsM6bRmAbMpsZv17Gapf7Ngs_p5CzJ8AmluUlBQMgDJcGrDQjW3ksxLZcvUYV0TQW-1JtPMnF9BT7f1nVXgrFT4ZeJUZMhu9wl5NHeVjz81A5XyJLVptc3743A3a12dMS1sc2-toIHEp5Pc-9sMpr7Ct1VyZAN1SSE-sX0up1wmUEI89V_0-33e93AkWq1YI4PBU2uggq0OLFzh36_476gfFazr84uuMQlfClrFaz8qTtEWnekNSNrMFGSrbL1zfmPOZaz9Szvam2rKrbKTZqhCWvNgmsqinLxur1tr0INXafqY9eYBa6dEBrl63Ucq1qfyuWHi0YqS9sTV36WXSqLC6m3FnO_cIeafvU-7ymqL2D-Qv9FCQ3_QCfDv5G-8BF9--Vab_kR3v0EwtZ-KQ=="
"pages/tech_request.adoc","technical","622","url","https://kroki.io/blockdiag/svg/eNrVVNtO3DAQfV5_xSh9ASlkL4UWQalEgZVWoi0Cqj5QFHnj2cTFa6e2Q3dBvPcr-nH9ktrJJnsBqpa-tHlYrc94LmdmfIZCJVeM0xRuSbsNJzRFaFtMMskTKsp_scYvBRobZXYsYDBeuRJzj5h2QpMz1Nc8wTjX6poz1PEJ1XYao8AxSmuiz3kKa32eFhqh9zwC57Iz8zmZufgwO6Ub1G6AkxwTiwxGSoPNEEzlA3WedV_6GVowOZUwRqv5hACUx_grZzaDPdjc3m2wDHmaWQd2eyXIcEQLYeORcvn4DXrLZmkhqVZFDjeoVVz9vSUkUcJVsgfBs6NOv7__MtglJAhg4zUETfnVMYqiIHToMNl5S_XVAdU4kMz1zSq9aNi31lHlSt6zfsSh4RY_nA5q5Fil6hRHqFEmODis4SPJcsWlnSMuVmGsnh4Iagwf-bguw4FiGMAF456BVBIvyWrVzXHAfFW1Zxm3Nr2j4-UwIQg6ROHb0omiH9--Bw8HPqYyLdzGNNGUsVTsM6bRmAbMpsZv17Gapf7Ngs_p5CzJ8AmluUlBQMgDJcGrDQjW3ksxLZcvUYV0TQW-1JtPMnF9BT7f1nVXgrFT4ZeJUZMhu9wl5NHeVjz81A5XyJLVptc3743A3a12dMS1sc2-toIHEp5Pc-9sMpr7Ct1VyZAN1SSE-sX0up1wmUEI89V_0-33e93AkWq1YI4PBU2uggq0OLFzh36_476gfFazr84uuMQlfClrFaz8qTtEWnekNSNrMFGSrbL1zfmPOZaz9Szvam2rKrbKTZqhCWvNgmsqinLxur1tr0INXafqY9eYBa6dEBrl63Ucq1qfyuWHi0YqS9sTV36WXSqLC6m3FnO_cIeafvU-7ymqL2D-Qv9FCQ3_QCfDv5G-8BF9--Vab_kR3v0EwtZ-KQ=="
"pages/tech_request.adoc","technical","624","url","https://niolesk.top/#https://kroki.io/blockdiag/svg/eNrVVNtO3DAQfV5_xSh9ASlkL4UWQalEgZVWoi0Cqj5QFHnj2cTFa6e2Q3dBvPcr-nH9ktrJJnsBqpa-tHlYrc94LmdmfIZCJVeM0xRuSbsNJzRFaFtMMskTKsp_scYvBRobZXYsYDBeuRJzj5h2QpMz1Nc8wTjX6poz1PEJ1XYao8AxSmuiz3kKa32eFhqh9zwC57Iz8zmZufgwO6Ub1G6AkxwTiwxGSoPNEEzlA3WedV_6GVowOZUwRqv5hACUx_grZzaDPdjc3m2wDHmaWQd2eyXIcEQLYeORcvn4DXrLZmkhqVZFDjeoVVz9vSUkUcJVsgfBs6NOv7__MtglJAhg4zUETfnVMYqiIHToMNl5S_XVAdU4kMz1zSq9aNi31lHlSt6zfsSh4RY_nA5q5Fil6hRHqFEmODis4SPJcsWlnSMuVmGsnh4Iagwf-bguw4FiGMAF456BVBIvyWrVzXHAfFW1Zxm3Nr2j4-UwIQg6ROHb0omiH9--Bw8HPqYyLdzGNNGUsVTsM6bRmAbMpsZv17Gapf7Ngs_p5CzJ8AmluUlBQMgDJcGrDQjW3ksxLZcvUYV0TQW-1JtPMnF9BT7f1nVXgrFT4ZeJUZMhu9wl5NHeVjz81A5XyJLVptc3743A3a12dMS1sc2-toIHEp5Pc-9sMpr7Ct1VyZAN1SSE-sX0up1wmUEI89V_0-33e93AkWq1YI4PBU2uggq0OLFzh36_476gfFazr84uuMQlfClrFaz8qTtEWnekNSNrMFGSrbL1zfmPOZaz9Szvam2rKrbKTZqhCWvNgmsqinLxur1tr0INXafqY9eYBa6dEBrl63Ucq1qfyuWHi0YqS9sTV36WXSqLC6m3FnO_cIeafvU-7ymqL2D-Qv9FCQ3_QCfDv5G-8BF9--Vab_kR3v0EwtZ-KQ=="
"pages/tech_request.adoc","technical","638","url","https://docs.oasis-open.org/ubl/os-UBL-2.4/xsdrt/common/UBL-CommonAggregateComponents-2.4.xsd"
"pages/tech_request.adoc","technical","700","url","http://publications.europa.eu/resource/authority/country"""
"pages/tech_request.adoc","technical","705","url","http://www.minhafp.gob.es/es-ES/Areas%20Tematicas/Patrimonio%20del%20Estado/Contratacion%20del%20Sector%20Publico/Paginas/ROLECE.aspx</cbc:WebsiteURI>"
"pages/tech_request.adoc","technical","706","url","http://www.minhafp.gob.es/ESPD/endpoint</cbc:EndpointID>"
"pages/tech_request.adoc","technical","717","url","http://publications.europa.eu/resource/authority/country"""
"pages/tech_response.adoc","technical","25","url","https://docs.oasis-open.org/ubl/os-UBL-2.4/xsdrt/maindoc"
"pages/tech_response.adoc","technical","36","image-url","https://kroki.io/blockdiag/svg/eNrtVt1O2zAYvW6ewspuNskrLSABQ5sEtJ0qMdZR2CYxVLnO18Tg2JntlBbG_Z5iD7cnmZ22abvSFSGgQyIXkXP82T75_o7bXNLzgJEQXXkrK6hBQkArBmgkGCU8G7UU6EQKDcXIxBzV479sWswheuX4sN46hA4oEBRa1WajYj-_p6BN8SwJ0csaC1MFqLxVLqJPKeGsY5cbJsVOkvDh8HB4FPrarKAmjSAmGIVctglHXQYXrxzJJhikEyJQDEaxnodQ9tm6YIGJ0Fu0vrmdYxGwMDIWLK9mYAAdknLT6khhNLsEN7OezXihkmmCLkHJ1mB45XlUcqmsjf-iulEt1cr-tuf5i8h_E0f9BNCPhX_pzHz0-h3yoWfeHO_uV3sGhLYW2sfIp23qwM-gHFSvjLC9VBsZs8tsrzHcULLDOMwA1R7QdNp0Yi-Z9OsicMSkyg89njQQRhFqapIHoCyOTgLmXCKkgNMHccbksQckhqkjMeKkDdzFpFQs_v75y384EnWtU6gQA7nfHHDEYgcMkCqVwsaCfkxAORe-d5mTkR4umYleQ0GXyVTfMCEpBLZE9mSQL59H2BHN7B4nHF-yMmpSqZgIP4CJZGArI-wfSLO88AxIWUKP7Izl_TQZF4b97QZRpp8lCplNxMHkHJblh2bpctlmcgzC2OEZUPMYsbnx4H1pRj46AmF7mPXcnmLGDqRYWhhnqYzslhaznSBgbpbwivWh82Cu5nmSdVkw-d1koSDG-nuhH4fq2mFKm1xeC_7tGJ7oiCROqu0667agLXsYjdR-rVTC2vS5mw-IjiDAaCzbld3KWnXX8p0S_NNtr1BAY7M2J_TcH4DGavF4fa1Wso-f3RCGz4gMZwKm8CkSg82y11NSd3yD_OKno4b4FnKFUWGOfOCJ_o7v0m7x3O6H79ae8MJuge-heL3CtXc9ulkP6spIW8oBaDy6MaMu4Skgpu1NevPee9A_K3x1q4RRfpHfKE0X86ot5ucKe66w_7rCFkqYTeLrP_ZrZ6I="
"pages/tech_response.adoc","technical","36","url","https://kroki.io/blockdiag/svg/eNrtVt1O2zAYvW6ewspuNskrLSABQ5sEtJ0qMdZR2CYxVLnO18Tg2JntlBbG_Z5iD7cnmZ22abvSFSGgQyIXkXP82T75_o7bXNLzgJEQXXkrK6hBQkArBmgkGCU8G7UU6EQKDcXIxBzV479sWswheuX4sN46hA4oEBRa1WajYj-_p6BN8SwJ0csaC1MFqLxVLqJPKeGsY5cbJsVOkvDh8HB4FPrarKAmjSAmGIVctglHXQYXrxzJJhikEyJQDEaxnodQ9tm6YIGJ0Fu0vrmdYxGwMDIWLK9mYAAdknLT6khhNLsEN7OezXihkmmCLkHJ1mB45XlUcqmsjf-iulEt1cr-tuf5i8h_E0f9BNCPhX_pzHz0-h3yoWfeHO_uV3sGhLYW2sfIp23qwM-gHFSvjLC9VBsZs8tsrzHcULLDOMwA1R7QdNp0Yi-Z9OsicMSkyg89njQQRhFqapIHoCyOTgLmXCKkgNMHccbksQckhqkjMeKkDdzFpFQs_v75y384EnWtU6gQA7nfHHDEYgcMkCqVwsaCfkxAORe-d5mTkR4umYleQ0GXyVTfMCEpBLZE9mSQL59H2BHN7B4nHF-yMmpSqZgIP4CJZGArI-wfSLO88AxIWUKP7Izl_TQZF4b97QZRpp8lCplNxMHkHJblh2bpctlmcgzC2OEZUPMYsbnx4H1pRj46AmF7mPXcnmLGDqRYWhhnqYzslhaznSBgbpbwivWh82Cu5nmSdVkw-d1koSDG-nuhH4fq2mFKm1xeC_7tGJ7oiCROqu0667agLXsYjdR-rVTC2vS5mw-IjiDAaCzbld3KWnXX8p0S_NNtr1BAY7M2J_TcH4DGavF4fa1Wso-f3RCGz4gMZwKm8CkSg82y11NSd3yD_OKno4b4FnKFUWGOfOCJ_o7v0m7x3O6H79ae8MJuge-heL3CtXc9ulkP6spIW8oBaDy6MaMu4Skgpu1NevPee9A_K3x1q4RRfpHfKE0X86ot5ucKe66w_7rCFkqYTeLrP_ZrZ6I="
"pages/tech_response.adoc","technical","38","url","https://niolesk.top/#https://kroki.io/blockdiag/svg/eNrtVt1O2zAYvW6ewspuNskrLSABQ5sEtJ0qMdZR2CYxVLnO18Tg2JntlBbG_Z5iD7cnmZ22abvSFSGgQyIXkXP82T75_o7bXNLzgJEQXXkrK6hBQkArBmgkGCU8G7UU6EQKDcXIxBzV479sWswheuX4sN46hA4oEBRa1WajYj-_p6BN8SwJ0csaC1MFqLxVLqJPKeGsY5cbJsVOkvDh8HB4FPrarKAmjSAmGIVctglHXQYXrxzJJhikEyJQDEaxnodQ9tm6YIGJ0Fu0vrmdYxGwMDIWLK9mYAAdknLT6khhNLsEN7OezXihkmmCLkHJ1mB45XlUcqmsjf-iulEt1cr-tuf5i8h_E0f9BNCPhX_pzHz0-h3yoWfeHO_uV3sGhLYW2sfIp23qwM-gHFSvjLC9VBsZs8tsrzHcULLDOMwA1R7QdNp0Yi-Z9OsicMSkyg89njQQRhFqapIHoCyOTgLmXCKkgNMHccbksQckhqkjMeKkDdzFpFQs_v75y384EnWtU6gQA7nfHHDEYgcMkCqVwsaCfkxAORe-d5mTkR4umYleQ0GXyVTfMCEpBLZE9mSQL59H2BHN7B4nHF-yMmpSqZgIP4CJZGArI-wfSLO88AxIWUKP7Izl_TQZF4b97QZRpp8lCplNxMHkHJblh2bpctlmcgzC2OEZUPMYsbnx4H1pRj46AmF7mPXcnmLGDqRYWhhnqYzslhaznSBgbpbwivWh82Cu5nmSdVkw-d1koSDG-nuhH4fq2mFKm1xeC_7tGJ7oiCROqu0667agLXsYjdR-rVTC2vS5mw-IjiDAaCzbld3KWnXX8p0S_NNtr1BAY7M2J_TcH4DGavF4fa1Wso-f3RCGz4gMZwKm8CkSg82y11NSd3yD_OKno4b4FnKFUWGOfOCJ_o7v0m7x3O6H79ae8MJuge-heL3CtXc9ulkP6spIW8oBaDy6MaMu4Skgpu1NevPee9A_K3x1q4RRfpHfKE0X86ot5ucKe66w_7rCFkqYTeLrP_ZrZ6I="
"pages/tech_response.adoc","technical","49","image-url","https://kroki.io/pikchr/svg/eNqNlU1v4jAQhu_5FRbqoYXWGyeEANIeAnRXlardbrfdS9WDSUxxFewoNqXtr99xMB8JSYELjv34ndczGecsR9-Riz0uHCcaoqdEroSD4DeV76jViafx8HF0-4_liktxM3kizy2Uvi6VtotjGMoF_6S6fv0ulzOeMlhxMW5YvH5n8bJhf2lqxjXi4o2rrcMV13MkVohq1M_ekUByhlKqNFYrpOiCbVzK7ONGJDymWuZ1Th4f684mhc5prH_INGF5nTmllmxCNSt7rHPnf-GukHngC1bn7DqWAhIc_85Ybtz_zOUy-0Xr4V2darPN3rhcqiOQjFmyzNlYJnvHenac0bA4E5wlgoMlcLIIr_87KGif5WjO-MscVrEddOC9Cs2KM15vbf1Z0pTPTBUgfpRlqR3eM5VJoVgLsDSx6iOrbtUILoIUKcXK2BhheGcnQ5RIMN-yK2K9osAvsVFRTOPhtphcvNzRXH9sjm23rew-hq7QuXtpWuKiqOXIK8lUy3GaVs9q-SUtk2vI9IIJDcNXFutvpgQTpuKcZyYxR4QJdq1w94jwrdRHtbpWKyhpPTABLz9kbZxzDYMTTPWtUO-I0K7sXwp621KE5VK88YSJeLs9oWrOkmaVTRH6JZUJpMok6p7NWH66nL9N_aAk95e_CKoh-afK2KzD6-pSqwRCpU4gOGyPSLkdPGgHmLNPa3UrzqDzzl0cXBb9d2GUp1YZrnLY2W0htaBputFycbdtwu_UTCC3iACz60fbeOsYZlqsjGmyNT0tm97bamXLIWoNX4EVY5g0GN5KTw-kp2XpjVGyNhrBZZBywdAslws0gQvEfOjgjD5Bes4EStlMIy2RybMTeQ10WKU9Q_u1NMGkSvuG7jbQQZXuGjpooAdVOjB0r5b2sO9W6J6hwwY6rNKhofu1tI9Jle4betBAB1V6ALRT1JqU7vCIwKbdB7-O8I4S_lGiW0Ng3C5DwSlQ7xByD6DwEOpEScLNZU_T1v7nLerDv2mMS-gKAlfgl8L9U6IP9qH_PtMTjQ=="
"pages/tech_response.adoc","technical","49","url","https://kroki.io/pikchr/svg/eNqNlU1v4jAQhu_5FRbqoYXWGyeEANIeAnRXlardbrfdS9WDSUxxFewoNqXtr99xMB8JSYELjv34ndczGecsR9-Riz0uHCcaoqdEroSD4DeV76jViafx8HF0-4_liktxM3kizy2Uvi6VtotjGMoF_6S6fv0ulzOeMlhxMW5YvH5n8bJhf2lqxjXi4o2rrcMV13MkVohq1M_ekUByhlKqNFYrpOiCbVzK7ONGJDymWuZ1Th4f684mhc5prH_INGF5nTmllmxCNSt7rHPnf-GukHngC1bn7DqWAhIc_85Ybtz_zOUy-0Xr4V2darPN3rhcqiOQjFmyzNlYJnvHenac0bA4E5wlgoMlcLIIr_87KGif5WjO-MscVrEddOC9Cs2KM15vbf1Z0pTPTBUgfpRlqR3eM5VJoVgLsDSx6iOrbtUILoIUKcXK2BhheGcnQ5RIMN-yK2K9osAvsVFRTOPhtphcvNzRXH9sjm23rew-hq7QuXtpWuKiqOXIK8lUy3GaVs9q-SUtk2vI9IIJDcNXFutvpgQTpuKcZyYxR4QJdq1w94jwrdRHtbpWKyhpPTABLz9kbZxzDYMTTPWtUO-I0K7sXwp621KE5VK88YSJeLs9oWrOkmaVTRH6JZUJpMok6p7NWH66nL9N_aAk95e_CKoh-afK2KzD6-pSqwRCpU4gOGyPSLkdPGgHmLNPa3UrzqDzzl0cXBb9d2GUp1YZrnLY2W0htaBputFycbdtwu_UTCC3iACz60fbeOsYZlqsjGmyNT0tm97bamXLIWoNX4EVY5g0GN5KTw-kp2XpjVGyNhrBZZBywdAslws0gQvEfOjgjD5Bes4EStlMIy2RybMTeQ10WKU9Q_u1NMGkSvuG7jbQQZXuGjpooAdVOjB0r5b2sO9W6J6hwwY6rNKhofu1tI9Jle4betBAB1V6ALRT1JqU7vCIwKbdB7-O8I4S_lGiW0Ng3C5DwSlQ7xByD6DwEOpEScLNZU_T1v7nLerDv2mMS-gKAlfgl8L9U6IP9qH_PtMTjQ=="
"pages/tech_response.adoc","technical","51","url","https://niolesk.top/#https://kroki.io/pikchr/svg/eNqNlU1v4jAQhu_5FRbqoYXWGyeEANIeAnRXlardbrfdS9WDSUxxFewoNqXtr99xMB8JSYELjv34ndczGecsR9-Riz0uHCcaoqdEroSD4DeV76jViafx8HF0-4_liktxM3kizy2Uvi6VtotjGMoF_6S6fv0ulzOeMlhxMW5YvH5n8bJhf2lqxjXi4o2rrcMV13MkVohq1M_ekUByhlKqNFYrpOiCbVzK7ONGJDymWuZ1Th4f684mhc5prH_INGF5nTmllmxCNSt7rHPnf-GukHngC1bn7DqWAhIc_85Ybtz_zOUy-0Xr4V2darPN3rhcqiOQjFmyzNlYJnvHenac0bA4E5wlgoMlcLIIr_87KGif5WjO-MscVrEddOC9Cs2KM15vbf1Z0pTPTBUgfpRlqR3eM5VJoVgLsDSx6iOrbtUILoIUKcXK2BhheGcnQ5RIMN-yK2K9osAvsVFRTOPhtphcvNzRXH9sjm23rew-hq7QuXtpWuKiqOXIK8lUy3GaVs9q-SUtk2vI9IIJDcNXFutvpgQTpuKcZyYxR4QJdq1w94jwrdRHtbpWKyhpPTABLz9kbZxzDYMTTPWtUO-I0K7sXwp621KE5VK88YSJeLs9oWrOkmaVTRH6JZUJpMok6p7NWH66nL9N_aAk95e_CKoh-afK2KzD6-pSqwRCpU4gOGyPSLkdPGgHmLNPa3UrzqDzzl0cXBb9d2GUp1YZrnLY2W0htaBputFycbdtwu_UTCC3iACz60fbeOsYZlqsjGmyNT0tm97bamXLIWoNX4EVY5g0GN5KTw-kp2XpjVGyNhrBZZBywdAslws0gQvEfOjgjD5Bes4EStlMIy2RybMTeQ10WKU9Q_u1NMGkSvuG7jbQQZXuGjpooAdVOjB0r5b2sO9W6J6hwwY6rNKhofu1tI9Jle4betBAB1V6ALRT1JqU7vCIwKbdB7-O8I4S_lGiW0Ng3C5DwSlQ7xByD6DwEOpEScLNZU_T1v7nLerDv2mMS-gKAlfgl8L9U6IP9qH_PtMTjQ=="
"pages/tech_response.adoc","technical","60","url","https://schematron.com/"
"pages/tech_response.adoc","technical","62","url","https://ec.europa.eu/isa2/awards_en"
"pages/tech_response.adoc","technical","62","url","https://joinup.ec.europa.eu/asset/itb/description"
"pages/tech_response.adoc","technical","81","url","https://docs.oasis-open.org/ubl/os-UBL-2.4/xsdrt/maindoc/UBL-QualificationApplicationResponse-2.4.xsd"
"pages/tech_response.adoc","technical","200","url","https://github.com/OP-TED/espd-validation-schematron/blob/v5.0.0/common/xml/ESPD-Response-BASE.xml#L2-L20"
"pages/tech_response.adoc","technical","202","url","https://github.com/OP-TED/espd-validation-schematron/blob/v5.0.0/common/xml/ESPD-Response-BASE.xml"
"pages/tech_response.adoc","technical","210","url","https://ted.europa.eu/TED/"
"pages/tech_response.adoc","technical","222","image-url","https://kroki.io/blockdiag/svg/eNrtVdtu1DAQfV5_xSi8gBR2t6WoN4FEya60UiVWvQkJVZE3niSmjh1sB3Zb9Z2v4OP4Euxks5cCBaqFJ_IQOWdmjmfsM5OJUMkV4zSDG9LrwZhmCD2LSS55QkW9ijWaUkmD3dwWAkbFHZ-Ye8T0TjBFjTLBeHA6juIT_FChsd33ZQaPhzyrNMLW_vMuDAQWKK0BnJaYWGRgFeg2GGyO4AlgTgCpVsUq2iTzxKd7ihZMSSUUaDWfEoD6M_7Emc3hBezsHS6wHHmWWwdubdcgw5RWwsapcrnwa_SWndpCMq2qEq5Rq7hZ3hCSKKG08wkeDXYH_eFWcEhIEMDTlxAkNDl4xRi3XEkqIpVUvr7FcQTwjnEfKpXEEASdoPBE_W736-cvwSX5NUG9yyQ5GEVrZH8S-lqVs5Fk7sas0kHYgOfnjnG-HhlTYUQtrgFnvFgALfvZrMTXiv0Qf3B-b8fU5hs8qmMqs8rpclngsXJqXUv8ArVxPEuXlu_UUluZ2vWh9bSmCE2ieen9N1Wdd7KWJrk31qk75IIK7gJnY9RcsRat71CPqbazFnIN5GT_JnXF89TL4W5ml2TeACnXxi46oBN8l8_8wk1OS98-zlEyZBM1DaHtwO3dfmjsTHg7oyZHFsKylaKj6NngKLg8JJ0OLPGJoMlV0IAWp3YZMBz23RPUbTp_2t0Fl7iGr-3akNWvtpPCf9sY4arOw82KNPy55sK_IxjSuSW3pJ3BzW27MS5dNiZsZyt8pKJC4MbN3D0_LRdScX-cQkm2opN-CIsJvd13iviNsXqv8PZXGXcaxv8Xv4FJce-p1wd9-w0N3LqA"
"pages/tech_response.adoc","technical","222","url","https://kroki.io/blockdiag/svg/eNrtVdtu1DAQfV5_xSi8gBR2t6WoN4FEya60UiVWvQkJVZE3niSmjh1sB3Zb9Z2v4OP4Euxks5cCBaqFJ_IQOWdmjmfsM5OJUMkV4zSDG9LrwZhmCD2LSS55QkW9ijWaUkmD3dwWAkbFHZ-Ye8T0TjBFjTLBeHA6juIT_FChsd33ZQaPhzyrNMLW_vMuDAQWKK0BnJaYWGRgFeg2GGyO4AlgTgCpVsUq2iTzxKd7ihZMSSUUaDWfEoD6M_7Emc3hBezsHS6wHHmWWwdubdcgw5RWwsapcrnwa_SWndpCMq2qEq5Rq7hZ3hCSKKG08wkeDXYH_eFWcEhIEMDTlxAkNDl4xRi3XEkqIpVUvr7FcQTwjnEfKpXEEASdoPBE_W736-cvwSX5NUG9yyQ5GEVrZH8S-lqVs5Fk7sas0kHYgOfnjnG-HhlTYUQtrgFnvFgALfvZrMTXiv0Qf3B-b8fU5hs8qmMqs8rpclngsXJqXUv8ArVxPEuXlu_UUluZ2vWh9bSmCE2ieen9N1Wdd7KWJrk31qk75IIK7gJnY9RcsRat71CPqbazFnIN5GT_JnXF89TL4W5ml2TeACnXxi46oBN8l8_8wk1OS98-zlEyZBM1DaHtwO3dfmjsTHg7oyZHFsKylaKj6NngKLg8JJ0OLPGJoMlV0IAWp3YZMBz23RPUbTp_2t0Fl7iGr-3akNWvtpPCf9sY4arOw82KNPy55sK_IxjSuSW3pJ3BzW27MS5dNiZsZyt8pKJC4MbN3D0_LRdScX-cQkm2opN-CIsJvd13iviNsXqv8PZXGXcaxv8Xv4FJce-p1wd9-w0N3LqA"
"pages/tech_response.adoc","technical","224","url","https://niolesk.top/#https://kroki.io/blockdiag/svg/eNrtVdtu1DAQfV5_xSi8gBR2t6WoN4FEya60UiVWvQkJVZE3niSmjh1sB3Zb9Z2v4OP4Euxks5cCBaqFJ_IQOWdmjmfsM5OJUMkV4zSDG9LrwZhmCD2LSS55QkW9ijWaUkmD3dwWAkbFHZ-Ye8T0TjBFjTLBeHA6juIT_FChsd33ZQaPhzyrNMLW_vMuDAQWKK0BnJaYWGRgFeg2GGyO4AlgTgCpVsUq2iTzxKd7ihZMSSUUaDWfEoD6M_7Emc3hBezsHS6wHHmWWwdubdcgw5RWwsapcrnwa_SWndpCMq2qEq5Rq7hZ3hCSKKG08wkeDXYH_eFWcEhIEMDTlxAkNDl4xRi3XEkqIpVUvr7FcQTwjnEfKpXEEASdoPBE_W736-cvwSX5NUG9yyQ5GEVrZH8S-lqVs5Fk7sas0kHYgOfnjnG-HhlTYUQtrgFnvFgALfvZrMTXiv0Qf3B-b8fU5hs8qmMqs8rpclngsXJqXUv8ArVxPEuXlu_UUluZ2vWh9bSmCE2ieen9N1Wdd7KWJrk31qk75IIK7gJnY9RcsRat71CPqbazFnIN5GT_JnXF89TL4W5ml2TeACnXxi46oBN8l8_8wk1OS98-zlEyZBM1DaHtwO3dfmjsTHg7oyZHFsKylaKj6NngKLg8JJ0OLPGJoMlV0IAWp3YZMBz23RPUbTp_2t0Fl7iGr-3akNWvtpPCf9sY4arOw82KNPy55sK_IxjSuSW3pJ3BzW27MS5dNiZsZyt8pKJC4MbN3D0_LRdScX-cQkm2opN-CIsJvd13iviNsXqv8PZXGXcaxv8Xv4FJce-p1wd9-w0N3LqA"
"pages/tech_response.adoc","technical","231","image-url","https://kroki.io/blockdiag/svg/eNrdVV9v0zAQf04-xSm8gBTSP1RsbAJpW1Oxh6FpG09oilz7mpg5dnBcaDf1nU_Bh-OTYLdN0q4dHYiXEamp_bvzne_ud7mhUPSGcZLCnd9qwTlJEVoGaSY5JWK-SjSWhZIlRpnJBZzm93QS7pCy9fHiNLnAEWqUFJP48rxvt1_GWJroc5HC8wFPxxqh8-Z1BFYX1AhMhuAUYan4wt3hEg2UBZGQo9F84gPMt8k3zkwGb6G3f1hjGfI0MxbsdOcgwxEZC5OMlDQlv0Un6c0lfqrVuIBb1CpZLO98nyqhtNUJnsV7cXvQCQ59Pwjg5TsIKKEHR4xxw5Ukoq_oOEdp6vgC-MS4OyqVxBAEGaJwhtpR9PP7j-Da322g9mIMoZkTrhmtTKxI5yeG9CDOh8gYssroMZdET6Mo-lsDjzpnsXhiUNtotqdheXCLUuXXlj0IF8vK9XtSZhXm1kciVZqbLD9DkylWieJJwfW0TwyuI1c8r5Ezuz5RrN4PlM6JWUViSRXjMl3FTjKiCbVXtrxbO80FfiD5n4bYx5JqXriq7-TIkpMjrktTk9KrSTkUhN5YSnoGJ6ah6mDQto_Dy4wUjuKCS3RbMxVuy2wakVnA8yzvvfvV9D3fWzgrkSrJGs9e0KhdTQsXeuXCqkhLmKGahFA1YmevHa77DKG5Zv-4_yo-Dq6X99iMyqEPReZk96KbQ9sjdO8djRE-QPzwIWL71uwiMSbjejVJXrCh_SSStZKnJ9mH4WaD-S4imNk_-5v5s2p8LJJulO08hmVYjQX4SsQYgZd2XOy7D31dMTsBc9sKTbm67RDq4dJt28I8YiL8rv7dvcZI04vhP-dt-H9VeEdSey6ps18Ggck0"
"pages/tech_response.adoc","technical","231","url","https://kroki.io/blockdiag/svg/eNrdVV9v0zAQf04-xSm8gBTSP1RsbAJpW1Oxh6FpG09oilz7mpg5dnBcaDf1nU_Bh-OTYLdN0q4dHYiXEamp_bvzne_ud7mhUPSGcZLCnd9qwTlJEVoGaSY5JWK-SjSWhZIlRpnJBZzm93QS7pCy9fHiNLnAEWqUFJP48rxvt1_GWJroc5HC8wFPxxqh8-Z1BFYX1AhMhuAUYan4wt3hEg2UBZGQo9F84gPMt8k3zkwGb6G3f1hjGfI0MxbsdOcgwxEZC5OMlDQlv0Un6c0lfqrVuIBb1CpZLO98nyqhtNUJnsV7cXvQCQ59Pwjg5TsIKKEHR4xxw5Ukoq_oOEdp6vgC-MS4OyqVxBAEGaJwhtpR9PP7j-Da322g9mIMoZkTrhmtTKxI5yeG9CDOh8gYssroMZdET6Mo-lsDjzpnsXhiUNtotqdheXCLUuXXlj0IF8vK9XtSZhXm1kciVZqbLD9DkylWieJJwfW0TwyuI1c8r5Ezuz5RrN4PlM6JWUViSRXjMl3FTjKiCbVXtrxbO80FfiD5n4bYx5JqXriq7-TIkpMjrktTk9KrSTkUhN5YSnoGJ6ah6mDQto_Dy4wUjuKCS3RbMxVuy2wakVnA8yzvvfvV9D3fWzgrkSrJGs9e0KhdTQsXeuXCqkhLmKGahFA1YmevHa77DKG5Zv-4_yo-Dq6X99iMyqEPReZk96KbQ9sjdO8djRE-QPzwIWL71uwiMSbjejVJXrCh_SSStZKnJ9mH4WaD-S4imNk_-5v5s2p8LJJulO08hmVYjQX4SsQYgZd2XOy7D31dMTsBc9sKTbm67RDq4dJt28I8YiL8rv7dvcZI04vhP-dt-H9VeEdSey6ps18Ggck0"
"pages/tech_response.adoc","technical","233","url","https://niolesk.top/#https://kroki.io/blockdiag/svg/eNrdVV9v0zAQf04-xSm8gBTSP1RsbAJpW1Oxh6FpG09oilz7mpg5dnBcaDf1nU_Bh-OTYLdN0q4dHYiXEamp_bvzne_ud7mhUPSGcZLCnd9qwTlJEVoGaSY5JWK-SjSWhZIlRpnJBZzm93QS7pCy9fHiNLnAEWqUFJP48rxvt1_GWJroc5HC8wFPxxqh8-Z1BFYX1AhMhuAUYan4wt3hEg2UBZGQo9F84gPMt8k3zkwGb6G3f1hjGfI0MxbsdOcgwxEZC5OMlDQlv0Un6c0lfqrVuIBb1CpZLO98nyqhtNUJnsV7cXvQCQ59Pwjg5TsIKKEHR4xxw5Ukoq_oOEdp6vgC-MS4OyqVxBAEGaJwhtpR9PP7j-Da322g9mIMoZkTrhmtTKxI5yeG9CDOh8gYssroMZdET6Mo-lsDjzpnsXhiUNtotqdheXCLUuXXlj0IF8vK9XtSZhXm1kciVZqbLD9DkylWieJJwfW0TwyuI1c8r5Ezuz5RrN4PlM6JWUViSRXjMl3FTjKiCbVXtrxbO80FfiD5n4bYx5JqXriq7-TIkpMjrktTk9KrSTkUhN5YSnoGJ6ah6mDQto_Dy4wUjuKCS3RbMxVuy2wakVnA8yzvvfvV9D3fWzgrkSrJGs9e0KhdTQsXeuXCqkhLmKGahFA1YmevHa77DKG5Zv-4_yo-Dq6X99iMyqEPReZk96KbQ9sjdO8djRE-QPzwIWL71uwiMSbjejVJXrCh_SSStZKnJ9mH4WaD-S4imNk_-5v5s2p8LJJulO08hmVYjQX4SsQYgZd2XOy7D31dMTsBc9sKTbm67RDq4dJt28I8YiL8rv7dvcZI04vhP-dt-H9VeEdSey6ps18Ggck0"
"pages/tech_response.adoc","technical","252","url","https://docs.oasis-open.org/ubl/os-UBL-2.4/xsdrt/common/UBL-CommonAggregateComponents-2.4.xsd"
"pages/tech_response.adoc","technical","298","url","https://docs.oasis-open.org/ubl/os-UBL-2.4/xsdrt/common/UBL-CommonAggregateComponents-2.4.xsd"
"pages/tech_response.adoc","technical","389","image-url","https://kroki.io/blockdiag/svg/eNq1Ut1q2zAYvY6e4kO72UB1nC6QrmG7CHFgMFi7bjAYwcj2F1urIhlJTpOW3O8p9nB7ksl23PQnXXszXRjpnO_P53yJ1OllJngON6TfhzOeI_QdpoUSKZfNLTZoS60sBoVbSvi4fBATixqx_SjVSi9FGn8u0XCnTaxXaFYCr4KfZQ6vZyKvDMLg3SiAlKenXXwXfsaN28D3iymDXOqES6hz39RjXaADW3IFS3RGrAlA84yvROYKeA_Dk_EtVqDIC-fBwXEDZrjglXTxQitnxTXWzLBhSG50VcI1Gh231xtCUi218TH0VTSKwtmAjgmhT45L4egDUFy702-TT9HaobLCS0XhRybqKkornD-bX9PnFZdisREq3xF3KjCQPEFZTxUGwZ9fv-nLaj6kv2iJlLXc4y5zshNkIYx1t4r06MEuXzcl-nRb8LKW1AerDLNErxl0rhyPQmbdRtZ8xm2BGYO9vNPJ9G00ofMx6fVgjyeSp5e0BZ0Xdp8wm4X-0Ma63em6S6HwHn6va1us-Rywih3Wn71UQtLbkm23pO2vO-0FzdCybvlgxWWFIKxfypN_Wcf-x4TPuDQMvQfbv9qbUVE="
"pages/tech_response.adoc","technical","389","url","https://kroki.io/blockdiag/svg/eNq1Ut1q2zAYvY6e4kO72UB1nC6QrmG7CHFgMFi7bjAYwcj2F1urIhlJTpOW3O8p9nB7ksl23PQnXXszXRjpnO_P53yJ1OllJngON6TfhzOeI_QdpoUSKZfNLTZoS60sBoVbSvi4fBATixqx_SjVSi9FGn8u0XCnTaxXaFYCr4KfZQ6vZyKvDMLg3SiAlKenXXwXfsaN28D3iymDXOqES6hz39RjXaADW3IFS3RGrAlA84yvROYKeA_Dk_EtVqDIC-fBwXEDZrjglXTxQitnxTXWzLBhSG50VcI1Gh231xtCUi218TH0VTSKwtmAjgmhT45L4egDUFy702-TT9HaobLCS0XhRybqKkornD-bX9PnFZdisREq3xF3KjCQPEFZTxUGwZ9fv-nLaj6kv2iJlLXc4y5zshNkIYx1t4r06MEuXzcl-nRb8LKW1AerDLNErxl0rhyPQmbdRtZ8xm2BGYO9vNPJ9G00ofMx6fVgjyeSp5e0BZ0Xdp8wm4X-0Ma63em6S6HwHn6va1us-Rywih3Wn71UQtLbkm23pO2vO-0FzdCybvlgxWWFIKxfypN_Wcf-x4TPuDQMvQfbv9qbUVE="
"pages/tech_response.adoc","technical","391","url","https://niolesk.top/#https://kroki.io/blockdiag/svg/eNq1Ut1q2zAYvY6e4kO72UB1nC6QrmG7CHFgMFi7bjAYwcj2F1urIhlJTpOW3O8p9nB7ksl23PQnXXszXRjpnO_P53yJ1OllJngON6TfhzOeI_QdpoUSKZfNLTZoS60sBoVbSvi4fBATixqx_SjVSi9FGn8u0XCnTaxXaFYCr4KfZQ6vZyKvDMLg3SiAlKenXXwXfsaN28D3iymDXOqES6hz39RjXaADW3IFS3RGrAlA84yvROYKeA_Dk_EtVqDIC-fBwXEDZrjglXTxQitnxTXWzLBhSG50VcI1Gh231xtCUi218TH0VTSKwtmAjgmhT45L4egDUFy702-TT9HaobLCS0XhRybqKkornD-bX9PnFZdisREq3xF3KjCQPEFZTxUGwZ9fv-nLaj6kv2iJlLXc4y5zshNkIYx1t4r06MEuXzcl-nRb8LKW1AerDLNErxl0rhyPQmbdRtZ8xm2BGYO9vNPJ9G00ofMx6fVgjyeSp5e0BZ0Xdp8wm4X-0Ma63em6S6HwHn6va1us-Rywih3Wn71UQtLbkm23pO2vO-0FzdCybvlgxWWFIKxfypN_Wcf-x4TPuDQMvQfbv9qbUVE="
"pages/tech_response.adoc","technical","417","image-url","https://kroki.io/blockdiag/svg/eNrtVl1r2zAUfY5_xUV72UDLR1to17I95AsKg2VLBxujBEW-sbXKkpHkLmnJ-37Fftx-yWS7TtbMSQOj0MH8EJJ7r46ujs_RzVRqfhUKFsFt0GrBiEUILYc8VoIzWXybGLSpVhabsUsknCcbNRORR2zrfcakmC2EiiYjZtyi-TWN4PlQRJlB6Lw6aQJn_HRdVRQBSkxQOQqfxv0XeQtjdGBTpiBBZ8Q8ACh-Tr6J0MXwGo5OzlaxGEUUOx_sHBTBEGcsk24y08pZcYN55ugsCCKjsxRu0OhJ-fU2CLiW2vgC8mxwPGgPO8TXEQIv3wDJ-xxwrXQi-LsUDXPaFN0S-BKKfJHSCilINkWZQ7SbzZ_ff5BLj7BjbQ6Nc3f6sft2MHeorPCswj3MywcB6jh8sK19QDfTH7REILRM1uxTHfbPZmrPWSBNSyTBRcqcj47QcP_yyS6kYhEaqxWTY-GyYuF-J94OWB7SJz4jM9bXKSc8GXc9DpJU6gXiZrybWaHQ2p5k1oqZV3_ey-BahKg4yv5m3bmP5-urivNVxQWqEA0WJPd0iBXP9TuMeexNspslloPeWbLHUjYVsurcp4ZCMcVFXaqn_WnRYXjB7FUV7COXzPw91ZV0Ktw6kZHKnzNhrFsZtEFqBXuxSNG3ZGOW5vb2xZ7JcKrnFKob4uCwTa1byDwfMhtjSGHt9n63fzjoksuzoNGAdXwqGb8iZdB59a4XDIdt_5Digrl7qt2lf1n34vd2LcGKjzrf0y1mpvv7MQgaJV0WfXW45q5BNmD3oK1z_FRo20LZziuEbrsp6D_sePqoxqZ7G9S_DlgGjWWwrCZ0KRqn_a0QoqXV5IVrJjMEYf1EPsnH6Upx_j9G4iX6m0vbFFbz-6DthbVjStHHchDdprNtXGyS9l-lT0WlDwyF41xiwfIXI6ylRg=="
"pages/tech_response.adoc","technical","417","url","https://kroki.io/blockdiag/svg/eNrtVl1r2zAUfY5_xUV72UDLR1to17I95AsKg2VLBxujBEW-sbXKkpHkLmnJ-37Fftx-yWS7TtbMSQOj0MH8EJJ7r46ujs_RzVRqfhUKFsFt0GrBiEUILYc8VoIzWXybGLSpVhabsUsknCcbNRORR2zrfcakmC2EiiYjZtyi-TWN4PlQRJlB6Lw6aQJn_HRdVRQBSkxQOQqfxv0XeQtjdGBTpiBBZ8Q8ACh-Tr6J0MXwGo5OzlaxGEUUOx_sHBTBEGcsk24y08pZcYN55ugsCCKjsxRu0OhJ-fU2CLiW2vgC8mxwPGgPO8TXEQIv3wDJ-xxwrXQi-LsUDXPaFN0S-BKKfJHSCilINkWZQ7SbzZ_ff5BLj7BjbQ6Nc3f6sft2MHeorPCswj3MywcB6jh8sK19QDfTH7REILRM1uxTHfbPZmrPWSBNSyTBRcqcj47QcP_yyS6kYhEaqxWTY-GyYuF-J94OWB7SJz4jM9bXKSc8GXc9DpJU6gXiZrybWaHQ2p5k1oqZV3_ey-BahKg4yv5m3bmP5-urivNVxQWqEA0WJPd0iBXP9TuMeexNspslloPeWbLHUjYVsurcp4ZCMcVFXaqn_WnRYXjB7FUV7COXzPw91ZV0Ktw6kZHKnzNhrFsZtEFqBXuxSNG3ZGOW5vb2xZ7JcKrnFKob4uCwTa1byDwfMhtjSGHt9n63fzjoksuzoNGAdXwqGb8iZdB59a4XDIdt_5Digrl7qt2lf1n34vd2LcGKjzrf0y1mpvv7MQgaJV0WfXW45q5BNmD3oK1z_FRo20LZziuEbrsp6D_sePqoxqZ7G9S_DlgGjWWwrCZ0KRqn_a0QoqXV5IVrJjMEYf1EPsnH6Upx_j9G4iX6m0vbFFbz-6DthbVjStHHchDdprNtXGyS9l-lT0WlDwyF41xiwfIXI6ylRg=="
"pages/tech_response.adoc","technical","419","url","https://niolesk.top/#https://kroki.io/blockdiag/svg/eNrtVl1r2zAUfY5_xUV72UDLR1to17I95AsKg2VLBxujBEW-sbXKkpHkLmnJ-37Fftx-yWS7TtbMSQOj0MH8EJJ7r46ujs_RzVRqfhUKFsFt0GrBiEUILYc8VoIzWXybGLSpVhabsUsknCcbNRORR2zrfcakmC2EiiYjZtyi-TWN4PlQRJlB6Lw6aQJn_HRdVRQBSkxQOQqfxv0XeQtjdGBTpiBBZ8Q8ACh-Tr6J0MXwGo5OzlaxGEUUOx_sHBTBEGcsk24y08pZcYN55ugsCCKjsxRu0OhJ-fU2CLiW2vgC8mxwPGgPO8TXEQIv3wDJ-xxwrXQi-LsUDXPaFN0S-BKKfJHSCilINkWZQ7SbzZ_ff5BLj7BjbQ6Nc3f6sft2MHeorPCswj3MywcB6jh8sK19QDfTH7REILRM1uxTHfbPZmrPWSBNSyTBRcqcj47QcP_yyS6kYhEaqxWTY-GyYuF-J94OWB7SJz4jM9bXKSc8GXc9DpJU6gXiZrybWaHQ2p5k1oqZV3_ey-BahKg4yv5m3bmP5-urivNVxQWqEA0WJPd0iBXP9TuMeexNspslloPeWbLHUjYVsurcp4ZCMcVFXaqn_WnRYXjB7FUV7COXzPw91ZV0Ktw6kZHKnzNhrFsZtEFqBXuxSNG3ZGOW5vb2xZ7JcKrnFKob4uCwTa1byDwfMhtjSGHt9n63fzjoksuzoNGAdXwqGb8iZdB59a4XDIdt_5Digrl7qt2lf1n34vd2LcGKjzrf0y1mpvv7MQgaJV0WfXW45q5BNmD3oK1z_FRo20LZziuEbrsp6D_sePqoxqZ7G9S_DlgGjWWwrCZ0KRqn_a0QoqXV5IVrJjMEYf1EPsnH6Upx_j9G4iX6m0vbFFbz-6DthbVjStHHchDdprNtXGyS9l-lT0WlDwyF41xiwfIXI6ylRg=="
"pages/tech_response.adoc","technical","428","image-url","https://kroki.io/blockdiag/svg/eNqlksFqGzEQhs_WUwzqpYX1ep0akti0B9drKBQamvZUzKKVxrtqZGmR5NZJ8L1PkYfLk0Rae2NcQhKoDov2n9E_o09TKsOvhGQV3JLBAC5YhTDwyGstOVPtrrDoGqMdprVfKfi8-ienkFFxAzR9axT2_XWD6a-mgrdzWa0twvD8PIVvIQRmCb5GQG60WUkOpkHLvLHvYu1L9OAapmGF3soNAWh_iz9S-Bo-wOhs8qjVKKvaB3F40ooCl2ytfLE02jt5gzEyaiOksmbdwA1aU-y2t4Rwo4wNOfRNfppn8yGdEEI54-N839nXfWOxawr9j0Bx48c_pl_yjUftZMBBE6C85OOY8smIkPZTyGiqjcbFS3bdyRk6bmXjg-ORQQKKlahij1ma3v-9owuyv8pSWucf79KjTxX5Ht4g-LmaNZFFyNUCRWk2CXQ4T06zxPlrFeOCuRpFAgcus-nsfT6liwnp9eCgl4rxK7oTfUByODCfZ2HRlvl-ddWV1HikH1XdmbWfV0BOnkZHeluy7YZod0NvAkiBLumGA34ztUaQLgzN2TPvk_xHHy8gH2UB6PYBv3UalA=="
"pages/tech_response.adoc","technical","428","url","https://kroki.io/blockdiag/svg/eNqlksFqGzEQhs_WUwzqpYX1ep0akti0B9drKBQamvZUzKKVxrtqZGmR5NZJ8L1PkYfLk0Rae2NcQhKoDov2n9E_o09TKsOvhGQV3JLBAC5YhTDwyGstOVPtrrDoGqMdprVfKfi8-ienkFFxAzR9axT2_XWD6a-mgrdzWa0twvD8PIVvIQRmCb5GQG60WUkOpkHLvLHvYu1L9OAapmGF3soNAWh_iz9S-Bo-wOhs8qjVKKvaB3F40ooCl2ytfLE02jt5gzEyaiOksmbdwA1aU-y2t4Rwo4wNOfRNfppn8yGdEEI54-N839nXfWOxawr9j0Bx48c_pl_yjUftZMBBE6C85OOY8smIkPZTyGiqjcbFS3bdyRk6bmXjg-ORQQKKlahij1ma3v-9owuyv8pSWucf79KjTxX5Ht4g-LmaNZFFyNUCRWk2CXQ4T06zxPlrFeOCuRpFAgcus-nsfT6liwnp9eCgl4rxK7oTfUByODCfZ2HRlvl-ddWV1HikH1XdmbWfV0BOnkZHeluy7YZod0NvAkiBLumGA34ztUaQLgzN2TPvk_xHHy8gH2UB6PYBv3UalA=="
"pages/tech_response.adoc","technical","430","url","https://niolesk.top/#https://kroki.io/blockdiag/svg/eNqlksFqGzEQhs_WUwzqpYX1ep0akti0B9drKBQamvZUzKKVxrtqZGmR5NZJ8L1PkYfLk0Rae2NcQhKoDov2n9E_o09TKsOvhGQV3JLBAC5YhTDwyGstOVPtrrDoGqMdprVfKfi8-ienkFFxAzR9axT2_XWD6a-mgrdzWa0twvD8PIVvIQRmCb5GQG60WUkOpkHLvLHvYu1L9OAapmGF3soNAWh_iz9S-Bo-wOhs8qjVKKvaB3F40ooCl2ytfLE02jt5gzEyaiOksmbdwA1aU-y2t4Rwo4wNOfRNfppn8yGdEEI54-N839nXfWOxawr9j0Bx48c_pl_yjUftZMBBE6C85OOY8smIkPZTyGiqjcbFS3bdyRk6bmXjg-ORQQKKlahij1ma3v-9owuyv8pSWucf79KjTxX5Ht4g-LmaNZFFyNUCRWk2CXQ4T06zxPlrFeOCuRpFAgcus-nsfT6liwnp9eCgl4rxK7oTfUByODCfZ2HRlvl-ddWV1HikH1XdmbWfV0BOnkZHeluy7YZod0NvAkiBLumGA34ztUaQLgzN2TPvk_xHHy8gH2UB6PYBv3UalA=="
"pages/tech_response.adoc","technical","438","image-url","https://kroki.io/blockdiag/svg/eNrlVlFP2zAQfm5-hZVp0pBCaTskUNGmAW2lTt2GoGgPG6qc-JJ4OHYUX0YL4n2_Yj9uv2R22oSmdCpo2jQ0HlDus32-u---q32hgkvGaURunJ0dckIjIDsIQSx5QEXxNclAp0pqaMaYCDJMVvZMuEX0zgnNcDaZQKCkSnjwvNNKLdL8kkbkxYBHeQak02o1yTgGUmwmKiRojPIIKQ5s2UDOAIlOqSQJYManDiGFObniDGPyiuzuH1RYDDyK0YDtTgEyCGkucBIqiZpfg13ZLVacKFN5Sq4hU5P5543jBEqozOxxn_X3-q1B2z1wHDegQbeI0SXbr4kb-EH3I_iaI5yfDl1vjoxUpE4hhAxkAMNeCfclSxWXeIcMJcs1ZrNjQbXmoSkbciWPFQOXfGLc3i6VhIv795bmkIHE6mTht1x6T5O6G48I6oOwKbWazR_fvrtrHZMRlVFuqKu8KY1UHDJmCNcVGM-0pXmkFlc_MOAxnZ4FMSRQi3UEERV9k4nd__iQu8eGUhrgShDOKj_F_qlmXamyhArTA-zMtJGMbDBvyCEaw88R9H1H9apaPzDF7vnRqD9FkNpUQJOSVruHrHVRxbnWQdUWvWVP5fdb5Y85isrugZVFYvgvkTEISGNz3TIQ0mnVgAICzJSR5zvKxTrGavEVASismPpgNJkdqyTJJV9D-jquFsIKeaaxUlajUUnLFzS4NMJqNNBU405xg0HL_BULOqaplargEgobZ8LajOoYmEWMfhuNPyhF7xF6835HQt6jdOLVW98xRZhXWNu5yZbKbYoToN42_7pl_JCNZyl8li-g7D7iUw1bhtGy4Oa4ZMB8NfVIOV47uy2vToBH7ljrHfVe9o_cC0uKYWUNywb9JdFmbZVrC5W3KURL9xx9mIjN3tu7smDMs3pVKtpsLTZk3t77RzLfNHbqSYcqzzCuZb1omCed81-elN6DhqEN9rYov2Vg8ViZ1xKVGZEMtFc-QshXKnIgXJvHyf7yT5pH_vtJ5m1ucu-p9MTGcWrk89AXSamjGQihrpa8tK2X25-uLLKc"
"pages/tech_response.adoc","technical","438","url","https://kroki.io/blockdiag/svg/eNrlVlFP2zAQfm5-hZVp0pBCaTskUNGmAW2lTt2GoGgPG6qc-JJ4OHYUX0YL4n2_Yj9uv2R22oSmdCpo2jQ0HlDus32-u---q32hgkvGaURunJ0dckIjIDsIQSx5QEXxNclAp0pqaMaYCDJMVvZMuEX0zgnNcDaZQKCkSnjwvNNKLdL8kkbkxYBHeQak02o1yTgGUmwmKiRojPIIKQ5s2UDOAIlOqSQJYManDiGFObniDGPyiuzuH1RYDDyK0YDtTgEyCGkucBIqiZpfg13ZLVacKFN5Sq4hU5P5543jBEqozOxxn_X3-q1B2z1wHDegQbeI0SXbr4kb-EH3I_iaI5yfDl1vjoxUpE4hhAxkAMNeCfclSxWXeIcMJcs1ZrNjQbXmoSkbciWPFQOXfGLc3i6VhIv795bmkIHE6mTht1x6T5O6G48I6oOwKbWazR_fvrtrHZMRlVFuqKu8KY1UHDJmCNcVGM-0pXmkFlc_MOAxnZ4FMSRQi3UEERV9k4nd__iQu8eGUhrgShDOKj_F_qlmXamyhArTA-zMtJGMbDBvyCEaw88R9H1H9apaPzDF7vnRqD9FkNpUQJOSVruHrHVRxbnWQdUWvWVP5fdb5Y85isrugZVFYvgvkTEISGNz3TIQ0mnVgAICzJSR5zvKxTrGavEVASismPpgNJkdqyTJJV9D-jquFsIKeaaxUlajUUnLFzS4NMJqNNBU405xg0HL_BULOqaplargEgobZ8LajOoYmEWMfhuNPyhF7xF6835HQt6jdOLVW98xRZhXWNu5yZbKbYoToN42_7pl_JCNZyl8li-g7D7iUw1bhtGy4Oa4ZMB8NfVIOV47uy2vToBH7ljrHfVe9o_cC0uKYWUNywb9JdFmbZVrC5W3KURL9xx9mIjN3tu7smDMs3pVKtpsLTZk3t77RzLfNHbqSYcqzzCuZb1omCed81-elN6DhqEN9rYov2Vg8ViZ1xKVGZEMtFc-QshXKnIgXJvHyf7yT5pH_vtJ5m1ucu-p9MTGcWrk89AXSamjGQihrpa8tK2X25-uLLKc"
"pages/tech_response.adoc","technical","440","url","https://niolesk.top/#https://kroki.io/blockdiag/svg/eNrlVlFP2zAQfm5-hZVp0pBCaTskUNGmAW2lTt2GoGgPG6qc-JJ4OHYUX0YL4n2_Yj9uv2R22oSmdCpo2jQ0HlDus32-u---q32hgkvGaURunJ0dckIjIDsIQSx5QEXxNclAp0pqaMaYCDJMVvZMuEX0zgnNcDaZQKCkSnjwvNNKLdL8kkbkxYBHeQak02o1yTgGUmwmKiRojPIIKQ5s2UDOAIlOqSQJYManDiGFObniDGPyiuzuH1RYDDyK0YDtTgEyCGkucBIqiZpfg13ZLVacKFN5Sq4hU5P5543jBEqozOxxn_X3-q1B2z1wHDegQbeI0SXbr4kb-EH3I_iaI5yfDl1vjoxUpE4hhAxkAMNeCfclSxWXeIcMJcs1ZrNjQbXmoSkbciWPFQOXfGLc3i6VhIv795bmkIHE6mTht1x6T5O6G48I6oOwKbWazR_fvrtrHZMRlVFuqKu8KY1UHDJmCNcVGM-0pXmkFlc_MOAxnZ4FMSRQi3UEERV9k4nd__iQu8eGUhrgShDOKj_F_qlmXamyhArTA-zMtJGMbDBvyCEaw88R9H1H9apaPzDF7vnRqD9FkNpUQJOSVruHrHVRxbnWQdUWvWVP5fdb5Y85isrugZVFYvgvkTEISGNz3TIQ0mnVgAICzJSR5zvKxTrGavEVASismPpgNJkdqyTJJV9D-jquFsIKeaaxUlajUUnLFzS4NMJqNNBU405xg0HL_BULOqaplargEgobZ8LajOoYmEWMfhuNPyhF7xF6835HQt6jdOLVW98xRZhXWNu5yZbKbYoToN42_7pl_JCNZyl8li-g7D7iUw1bhtGy4Oa4ZMB8NfVIOV47uy2vToBH7ljrHfVe9o_cC0uKYWUNywb9JdFmbZVrC5W3KURL9xx9mIjN3tu7smDMs3pVKtpsLTZk3t77RzLfNHbqSYcqzzCuZb1omCed81-elN6DhqEN9rYov2Vg8ViZ1xKVGZEMtFc-QshXKnIgXJvHyf7yT5pH_vtJ5m1ucu-p9MTGcWrk89AXSamjGQihrpa8tK2X25-uLLKc"
"pages/tech_response.adoc","technical","445","image-url","https://kroki.io/blockdiag/svg/eNrtVc1O20AQPsdPMTIHWmlJnEBVBKJSQxIJCVUUSC8Vsjbrsb3F2bV215CAcu9T9OH6JN2NYycBCvSHnupDtJ6fL9_OzDceZZJdRpwmcOu1WnBCE4SWQZYKzmg2P4UKdS6FxmZqxhkcje_EhNxZdGvYPd7qNLfDw4xqzWPrM1yK8IylOMbmlzyBVwOeFAqhE7SbcJ4iKM5S0EYVzDi7jIHCAgY213GgxNmEWCowLhdzSwyFKd0219CJFHLMUb92dzlDAzqnAsZoFJ94APPX8JpHJoUD2Nndr20p8iQ11tjuzI0RxrTITBhLYTS_QefZ2fe8RMkihxtUMiyPt57HZGYpHYC_0X_bDwZt38b5Pmy9A59RtvexoBmPp1wkJ1SZqQ-fI-7ChRRIIKMjzFxy0Gx-__rNv7C5D2ZVcN1Cc4Far1enLM4adoX0eIKDxYnZs1XvTwwKbX3aJ_a_RmzvqFedhsPl-Zhqc4pX3IX2qMGH7Of8HptnknFIH6TBJ-v0K3j0T9j0UDPFc-f6m6TeJyjYdFnW8n1OdWH5hMrVcqULp0fVsURbMRxTkRRWhzb6925qo9a9h7a3iVQ_ndh2PbGlFGKutKll0WgA1MoYZZRdWl04o7HjtpTMYBDYx5-LbvHolOZOcJllvGY308zZI6pTjEqw-c_TN_S8RslLI5MiWiHpPxR_Ps3dvFREbLCIMBrJCYFqeXTaAVknRJbX3eh1e9v9rn-x_w_KUJbgpTRMVhRJVtRE7muDvPRck0en1LNlgJnXmHmzavuXzTLSTm6EmlRbHa5oViBwbbf9rlvVdafth3Bs52OlzQGB-tvQCWxDn7OEHx2cNzXK3R1P_rdx-lT1dlz1Zt4PY2PL8Q=="
"pages/tech_response.adoc","technical","445","url","https://kroki.io/blockdiag/svg/eNrtVc1O20AQPsdPMTIHWmlJnEBVBKJSQxIJCVUUSC8Vsjbrsb3F2bV215CAcu9T9OH6JN2NYycBCvSHnupDtJ6fL9_OzDceZZJdRpwmcOu1WnBCE4SWQZYKzmg2P4UKdS6FxmZqxhkcje_EhNxZdGvYPd7qNLfDw4xqzWPrM1yK8IylOMbmlzyBVwOeFAqhE7SbcJ4iKM5S0EYVzDi7jIHCAgY213GgxNmEWCowLhdzSwyFKd0219CJFHLMUb92dzlDAzqnAsZoFJ94APPX8JpHJoUD2Nndr20p8iQ11tjuzI0RxrTITBhLYTS_QefZ2fe8RMkihxtUMiyPt57HZGYpHYC_0X_bDwZt38b5Pmy9A59RtvexoBmPp1wkJ1SZqQ-fI-7ChRRIIKMjzFxy0Gx-__rNv7C5D2ZVcN1Cc4Far1enLM4adoX0eIKDxYnZs1XvTwwKbX3aJ_a_RmzvqFedhsPl-Zhqc4pX3IX2qMGH7Of8HptnknFIH6TBJ-v0K3j0T9j0UDPFc-f6m6TeJyjYdFnW8n1OdWH5hMrVcqULp0fVsURbMRxTkRRWhzb6925qo9a9h7a3iVQ_ndh2PbGlFGKutKll0WgA1MoYZZRdWl04o7HjtpTMYBDYx5-LbvHolOZOcJllvGY308zZI6pTjEqw-c_TN_S8RslLI5MiWiHpPxR_Ps3dvFREbLCIMBrJCYFqeXTaAVknRJbX3eh1e9v9rn-x_w_KUJbgpTRMVhRJVtRE7muDvPRck0en1LNlgJnXmHmzavuXzTLSTm6EmlRbHa5oViBwbbf9rlvVdafth3Bs52OlzQGB-tvQCWxDn7OEHx2cNzXK3R1P_rdx-lT1dlz1Zt4PY2PL8Q=="
"pages/tech_response.adoc","technical","447","url","https://niolesk.top/#https://kroki.io/blockdiag/svg/eNrtVc1O20AQPsdPMTIHWmlJnEBVBKJSQxIJCVUUSC8Vsjbrsb3F2bV215CAcu9T9OH6JN2NYycBCvSHnupDtJ6fL9_OzDceZZJdRpwmcOu1WnBCE4SWQZYKzmg2P4UKdS6FxmZqxhkcje_EhNxZdGvYPd7qNLfDw4xqzWPrM1yK8IylOMbmlzyBVwOeFAqhE7SbcJ4iKM5S0EYVzDi7jIHCAgY213GgxNmEWCowLhdzSwyFKd0219CJFHLMUb92dzlDAzqnAsZoFJ94APPX8JpHJoUD2Nndr20p8iQ11tjuzI0RxrTITBhLYTS_QefZ2fe8RMkihxtUMiyPt57HZGYpHYC_0X_bDwZt38b5Pmy9A59RtvexoBmPp1wkJ1SZqQ-fI-7ChRRIIKMjzFxy0Gx-__rNv7C5D2ZVcN1Cc4Far1enLM4adoX0eIKDxYnZs1XvTwwKbX3aJ_a_RmzvqFedhsPl-Zhqc4pX3IX2qMGH7Of8HptnknFIH6TBJ-v0K3j0T9j0UDPFc-f6m6TeJyjYdFnW8n1OdWH5hMrVcqULp0fVsURbMRxTkRRWhzb6925qo9a9h7a3iVQ_ndh2PbGlFGKutKll0WgA1MoYZZRdWl04o7HjtpTMYBDYx5-LbvHolOZOcJllvGY308zZI6pTjEqw-c_TN_S8RslLI5MiWiHpPxR_Ps3dvFREbLCIMBrJCYFqeXTaAVknRJbX3eh1e9v9rn-x_w_KUJbgpTRMVhRJVtRE7muDvPRck0en1LNlgJnXmHmzavuXzTLSTm6EmlRbHa5oViBwbbf9rlvVdafth3Bs52OlzQGB-tvQCWxDn7OEHx2cNzXK3R1P_rdx-lT1dlz1Zt4PY2PL8Q=="
"pages/tech_response.adoc","technical","450","image-url","https://kroki.io/blockdiag/svg/eNrVVM1O20AQPsdPMTIHWmlxjEECgVqpQCJV6iEI2h4qFK13J_aUza7lXdMElHufog_XJ-muQ5KGQkNVqVL3YNnfznzz93lyZcS1JF7AXdTtwoAXCF2HotQkuGrfhjXaymiLSenGCt6OH9gMKSC2-_7k3U6W7A1PecVzUuSmyeeqgBd9KpoaIUuzBC5LBOvqRrgAmRHcO8H2ymv7ZcjkAh3YimsYo6tpEgG0n8MvJF0Jr2D_8HiJlUhF6Ty4m7WgxBFvlBuOjHaWbjHc7B9HUVGbpoJbrM1w_noXRcIoU3uDeKt30Ev7u7G3i5MYdl5DLLg4Om-4otGUdDHgtZvG8ElSsNdGIwPFc1TBO02S71-_xVfe-VGvBV2fNNeCuFrV-0zKRz0DLU7ckW9jb-JQW_KDipmPlYujleHltMJTI3Et1NUG3kBxhlbUVDlPuzHNzWwfuGrwzdg02i1ybCHfLe0edmIjob_s3ZBELfCiqSpFKP82R94mRNIjA6zJyDZNj37E_ILcw_7dC2pEtXVLRXU6AEtR5YqLay-pADo_qJXa-v3Un7jV6_2xJa-CVhVpXMPdVAVccluinJO1jyeriaLOPB2Lwmj5U27xuih8QYuo3kRLlLmZMFj8ZLsHKVuPzla1bZ2dnO31TuKr439Q87zeP5E6-1XB7JkyZE-oiz1HIpFPFGZRZxbNFnts3k5nvGwkWrbYT3ATogJZv7cO26WzHIbfyGM_uNUkspTBcs1lqe_5o3uGPa0J9n-07_eCzPZD6bMfjyckkg=="
"pages/tech_response.adoc","technical","450","url","https://kroki.io/blockdiag/svg/eNrVVM1O20AQPsdPMTIHWmlxjEECgVqpQCJV6iEI2h4qFK13J_aUza7lXdMElHufog_XJ-muQ5KGQkNVqVL3YNnfznzz93lyZcS1JF7AXdTtwoAXCF2HotQkuGrfhjXaymiLSenGCt6OH9gMKSC2-_7k3U6W7A1PecVzUuSmyeeqgBd9KpoaIUuzBC5LBOvqRrgAmRHcO8H2ymv7ZcjkAh3YimsYo6tpEgG0n8MvJF0Jr2D_8HiJlUhF6Ty4m7WgxBFvlBuOjHaWbjHc7B9HUVGbpoJbrM1w_noXRcIoU3uDeKt30Ev7u7G3i5MYdl5DLLg4Om-4otGUdDHgtZvG8ElSsNdGIwPFc1TBO02S71-_xVfe-VGvBV2fNNeCuFrV-0zKRz0DLU7ckW9jb-JQW_KDipmPlYujleHltMJTI3Et1NUG3kBxhlbUVDlPuzHNzWwfuGrwzdg02i1ybCHfLe0edmIjob_s3ZBELfCiqSpFKP82R94mRNIjA6zJyDZNj37E_ILcw_7dC2pEtXVLRXU6AEtR5YqLay-pADo_qJXa-v3Un7jV6_2xJa-CVhVpXMPdVAVccluinJO1jyeriaLOPB2Lwmj5U27xuih8QYuo3kRLlLmZMFj8ZLsHKVuPzla1bZ2dnO31TuKr439Q87zeP5E6-1XB7JkyZE-oiz1HIpFPFGZRZxbNFnts3k5nvGwkWrbYT3ATogJZv7cO26WzHIbfyGM_uNUkspTBcs1lqe_5o3uGPa0J9n-07_eCzPZD6bMfjyckkg=="
"pages/tech_response.adoc","technical","452","url","https://niolesk.top/#https://kroki.io/blockdiag/svg/eNrVVM1O20AQPsdPMTIHWmlxjEECgVqpQCJV6iEI2h4qFK13J_aUza7lXdMElHufog_XJ-muQ5KGQkNVqVL3YNnfznzz93lyZcS1JF7AXdTtwoAXCF2HotQkuGrfhjXaymiLSenGCt6OH9gMKSC2-_7k3U6W7A1PecVzUuSmyeeqgBd9KpoaIUuzBC5LBOvqRrgAmRHcO8H2ymv7ZcjkAh3YimsYo6tpEgG0n8MvJF0Jr2D_8HiJlUhF6Ty4m7WgxBFvlBuOjHaWbjHc7B9HUVGbpoJbrM1w_noXRcIoU3uDeKt30Ev7u7G3i5MYdl5DLLg4Om-4otGUdDHgtZvG8ElSsNdGIwPFc1TBO02S71-_xVfe-VGvBV2fNNeCuFrV-0zKRz0DLU7ckW9jb-JQW_KDipmPlYujleHltMJTI3Et1NUG3kBxhlbUVDlPuzHNzWwfuGrwzdg02i1ybCHfLe0edmIjob_s3ZBELfCiqSpFKP82R94mRNIjA6zJyDZNj37E_ILcw_7dC2pEtXVLRXU6AEtR5YqLay-pADo_qJXa-v3Un7jV6_2xJa-CVhVpXMPdVAVccluinJO1jyeriaLOPB2Lwmj5U27xuih8QYuo3kRLlLmZMFj8ZLsHKVuPzla1bZ2dnO31TuKr439Q87zeP5E6-1XB7JkyZE-oiz1HIpFPFGZRZxbNFnts3k5nvGwkWrbYT3ATogJZv7cO26WzHIbfyGM_uNUkspTBcs1lqe_5o3uGPa0J9n-07_eCzPZD6bMfjyckkg=="
"pages/tech_response.adoc","technical","455","image-url","https://kroki.io/blockdiag/svg/eNrVVE1rGzEQPXt_xbClkMDG3jiBhJgUHH9AoQfTuKcSFlkae9VopUWade0E3_sr-uP6Syqtv-KQkPbQQ3VYtG80T2_nzexEGX4vJJvBY9RqwYjNEFqEPNeSM1XvMouuNNphM6dCwcfi2ZlMBsS1vtx8Omk3z7KeKUqFhCIbM3efTY19304tTtGi5uia38oZHA3lrLII7fSsCeMcwZGtOAXITIE8sGGDHRsENjiqnN96TtgzHh8H6bdI4EqmoUCychEB1K_Zdykoh2s4v-zssBzlLCcPnrZrUOCUVYq8Vk1OPmCInNeRaGZNVcIDWpOtt49RxI3yAq4hfje4GKTD07gTRXEMJx8g5oxf7SQHxTF8FTIc1kZjAopNUIXUtNn89eNnfOczX8gJVLigK1-FwYJQO-kNiBPPP-FXXa0rprpztL7u3cJUmrahsSGmAsUhPGKWlj1WMi5puQk91XX3qoiQ3UfHrSzJa6gJ_cnBXIpQ-9uqLJVE8eZXvsrv4RFaacSW-jNyWUrU1KscmQJtLf6Z3I0tU2kd7XxpxAcXjJcl-jSXszIY6g9pgWJiFglse6J9kSaOlirEBXM5igT25vZv-meDm_iuEzUasMcnivH7eA2SN2mfMBymfsV142zW9nYlNR7gB7euyerHv7Y9-XNPk7-wJ2qsotV2DNflJePNEuiS7XjBnKkKQTo_dpdhYHbe-B9QYbR4YkyawG5I26m34IUGSv7XYr3RlOfhe1e_AUGK05I="
"pages/tech_response.adoc","technical","455","url","https://kroki.io/blockdiag/svg/eNrVVE1rGzEQPXt_xbClkMDG3jiBhJgUHH9AoQfTuKcSFlkae9VopUWade0E3_sr-uP6Syqtv-KQkPbQQ3VYtG80T2_nzexEGX4vJJvBY9RqwYjNEFqEPNeSM1XvMouuNNphM6dCwcfi2ZlMBsS1vtx8Omk3z7KeKUqFhCIbM3efTY19304tTtGi5uia38oZHA3lrLII7fSsCeMcwZGtOAXITIE8sGGDHRsENjiqnN96TtgzHh8H6bdI4EqmoUCychEB1K_Zdykoh2s4v-zssBzlLCcPnrZrUOCUVYq8Vk1OPmCInNeRaGZNVcIDWpOtt49RxI3yAq4hfje4GKTD07gTRXEMJx8g5oxf7SQHxTF8FTIc1kZjAopNUIXUtNn89eNnfOczX8gJVLigK1-FwYJQO-kNiBPPP-FXXa0rprpztL7u3cJUmrahsSGmAsUhPGKWlj1WMi5puQk91XX3qoiQ3UfHrSzJa6gJ_cnBXIpQ-9uqLJVE8eZXvsrv4RFaacSW-jNyWUrU1KscmQJtLf6Z3I0tU2kd7XxpxAcXjJcl-jSXszIY6g9pgWJiFglse6J9kSaOlirEBXM5igT25vZv-meDm_iuEzUasMcnivH7eA2SN2mfMBymfsV142zW9nYlNR7gB7euyerHv7Y9-XNPk7-wJ2qsotV2DNflJePNEuiS7XjBnKkKQTo_dpdhYHbe-B9QYbR4YkyawG5I26m34IUGSv7XYr3RlOfhe1e_AUGK05I="
"pages/tech_response.adoc","technical","457","url","https://niolesk.top/#https://kroki.io/blockdiag/svg/eNrVVE1rGzEQPXt_xbClkMDG3jiBhJgUHH9AoQfTuKcSFlkae9VopUWade0E3_sr-uP6Syqtv-KQkPbQQ3VYtG80T2_nzexEGX4vJJvBY9RqwYjNEFqEPNeSM1XvMouuNNphM6dCwcfi2ZlMBsS1vtx8Omk3z7KeKUqFhCIbM3efTY19304tTtGi5uia38oZHA3lrLII7fSsCeMcwZGtOAXITIE8sGGDHRsENjiqnN96TtgzHh8H6bdI4EqmoUCychEB1K_Zdykoh2s4v-zssBzlLCcPnrZrUOCUVYq8Vk1OPmCInNeRaGZNVcIDWpOtt49RxI3yAq4hfje4GKTD07gTRXEMJx8g5oxf7SQHxTF8FTIc1kZjAopNUIXUtNn89eNnfOczX8gJVLigK1-FwYJQO-kNiBPPP-FXXa0rprpztL7u3cJUmrahsSGmAsUhPGKWlj1WMi5puQk91XX3qoiQ3UfHrSzJa6gJ_cnBXIpQ-9uqLJVE8eZXvsrv4RFaacSW-jNyWUrU1KscmQJtLf6Z3I0tU2kd7XxpxAcXjJcl-jSXszIY6g9pgWJiFglse6J9kSaOlirEBXM5igT25vZv-meDm_iuEzUasMcnivH7eA2SN2mfMBymfsV142zW9nYlNR7gB7euyerHv7Y9-XNPk7-wJ2qsotV2DNflJePNEuiS7XjBnKkKQTo_dpdhYHbe-B9QYbR4YkyawG5I26m34IUGSv7XYr3RlOfhe1e_AUGK05I="
"pages/tech_response.adoc","technical","462","image-url","https://kroki.io/blockdiag/svg/eNrtVNFu0zAUfW6-4sq8gJS1XVdpUyeQtrUVlSao6HhCU-TGt4mZEwf7BtpNfecr-Di-BMdtWrp1TLxNCD9E8bnH18fXx3eqdHwjJE_gLmi1YMwThBZhnOYy5sr_RQZtoXOLzZQyBaPsHieSFWJbH88vDzrNo-gSE66iQU6SFtGYG1o0PxcJvBzKpDQInXa3CVcpwpoPng8rPnj-q0rKBAlswXPIkIycBwB-Gn2TglJ4Dd2T0w2WokxScuBhx4MCZ7xUFM10TlbeYhXp-kiQGF0WcItGR6vfuyCItdLGcdiLwfGgPTxkp0HAYh73vBqvbyWPwcEbYDinnhM_mBPmVrrKsBBYPI17HzCRlgwnB77jGdb4hc6cysWov4_Y54T78MG8kA8Z61Re01Cb7EILZPBJyEp_rnO8_pPyfRl2Voeg-BRVVYt2s_nz-w_2ZL6JVjg2ujASSRubymKUC2cMN7kvWn4ppfBHmhCn0nrxG44ptDsvTsg58izTZU51bFgqtRhzKSYpd2bczc93y3YmhKPYOrRJ-ztnEqe4vh1HeYtcvJ_NZIz-kH9RTRfxilKtBJqHq_dVc23AmTSWNg5ssPs7XC2K6l5tyovKvY6XCxRTPQ-hfgCdbju0tFBVXHCboghh6-T-ef9ocM6uT4NGA7b4VPH4hq1AckbeLhgO224w_0rWo95dyRx38J1dV8n85_k9jUdiNf7PmTd8xJZBYxks67a6chBpZ1KBNqzbJXzlqkSQ1rXRk0eMH_6_42d7x0-0i-O2awbLX5CRsiU="
"pages/tech_response.adoc","technical","462","url","https://kroki.io/blockdiag/svg/eNrtVNFu0zAUfW6-4sq8gJS1XVdpUyeQtrUVlSao6HhCU-TGt4mZEwf7BtpNfecr-Di-BMdtWrp1TLxNCD9E8bnH18fXx3eqdHwjJE_gLmi1YMwThBZhnOYy5sr_RQZtoXOLzZQyBaPsHieSFWJbH88vDzrNo-gSE66iQU6SFtGYG1o0PxcJvBzKpDQInXa3CVcpwpoPng8rPnj-q0rKBAlswXPIkIycBwB-Gn2TglJ4Dd2T0w2WokxScuBhx4MCZ7xUFM10TlbeYhXp-kiQGF0WcItGR6vfuyCItdLGcdiLwfGgPTxkp0HAYh73vBqvbyWPwcEbYDinnhM_mBPmVrrKsBBYPI17HzCRlgwnB77jGdb4hc6cysWov4_Y54T78MG8kA8Z61Re01Cb7EILZPBJyEp_rnO8_pPyfRl2Voeg-BRVVYt2s_nz-w_2ZL6JVjg2ujASSRubymKUC2cMN7kvWn4ppfBHmhCn0nrxG44ptDsvTsg58izTZU51bFgqtRhzKSYpd2bczc93y3YmhKPYOrRJ-ztnEqe4vh1HeYtcvJ_NZIz-kH9RTRfxilKtBJqHq_dVc23AmTSWNg5ssPs7XC2K6l5tyovKvY6XCxRTPQ-hfgCdbju0tFBVXHCboghh6-T-ef9ocM6uT4NGA7b4VPH4hq1AckbeLhgO224w_0rWo95dyRx38J1dV8n85_k9jUdiNf7PmTd8xJZBYxks67a6chBpZ1KBNqzbJXzlqkSQ1rXRk0eMH_6_42d7x0-0i-O2awbLX5CRsiU="
"pages/tech_response.adoc","technical","464","url","https://niolesk.top/#https://kroki.io/blockdiag/svg/eNrtVNFu0zAUfW6-4sq8gJS1XVdpUyeQtrUVlSao6HhCU-TGt4mZEwf7BtpNfecr-Di-BMdtWrp1TLxNCD9E8bnH18fXx3eqdHwjJE_gLmi1YMwThBZhnOYy5sr_RQZtoXOLzZQyBaPsHieSFWJbH88vDzrNo-gSE66iQU6SFtGYG1o0PxcJvBzKpDQInXa3CVcpwpoPng8rPnj-q0rKBAlswXPIkIycBwB-Gn2TglJ4Dd2T0w2WokxScuBhx4MCZ7xUFM10TlbeYhXp-kiQGF0WcItGR6vfuyCItdLGcdiLwfGgPTxkp0HAYh73vBqvbyWPwcEbYDinnhM_mBPmVrrKsBBYPI17HzCRlgwnB77jGdb4hc6cysWov4_Y54T78MG8kA8Z61Re01Cb7EILZPBJyEp_rnO8_pPyfRl2Voeg-BRVVYt2s_nz-w_2ZL6JVjg2ujASSRubymKUC2cMN7kvWn4ppfBHmhCn0nrxG44ptDsvTsg58izTZU51bFgqtRhzKSYpd2bczc93y3YmhKPYOrRJ-ztnEqe4vh1HeYtcvJ_NZIz-kH9RTRfxilKtBJqHq_dVc23AmTSWNg5ssPs7XC2K6l5tyovKvY6XCxRTPQ-hfgCdbju0tFBVXHCboghh6-T-ef9ocM6uT4NGA7b4VPH4hq1AckbeLhgO224w_0rWo95dyRx38J1dV8n85_k9jUdiNf7PmTd8xJZBYxks67a6chBpZ1KBNqzbJXzlqkSQ1rXRk0eMH_6_42d7x0-0i-O2awbLX5CRsiU="
"pages/tech_response.adoc","technical","482","url","https://docs.oasis-open.org/ubl/os-UBL-2.4/xsdrt/common/UBL-CommonAggregateComponents-2.4.xsd"
"pages/tech_response.adoc","technical","512","url","https://docs.oasis-open.org/ubl/os-UBL-2.4/xsdrt/common/UBL-CommonAggregateComponents-2.4.xsd"
"pages/tech_response.adoc","technical","524","url","https://docs.oasis-open.org/ubl/os-UBL-2.4/"
"pages/tech_response.adoc","technical","544","url","https://docs.oasis-open.org/ubl/os-UBL-2.4/xsdrt/common/UBL-CommonAggregateComponents-2.4.xsd"
"pages/tech_response.adoc","technical","567","url","https://docs.oasis-open.org/ubl/os-UBL-2.4/xsdrt/common/UBL-CommonAggregateComponents-2.4.xsd"
"pages/tech_response.adoc","technical","575","url","https://ec.europa.eu/taxation_customs/vies/"
"pages/tech_response.adoc","technical","600","url","https://docs.oasis-open.org/ubl/os-UBL-2.4/xsdrt/common/UBL-CommonAggregateComponents-2.4.xsd"
"pages/tech_response.adoc","technical","632","url","https://docs.oasis-open.org/ubl/os-UBL-2.4/xsdrt/common/UBL-CommonAggregateComponents-2.4.xsd"
"pages/tech_response.adoc","technical","659","url","https://docs.oasis-open.org/ubl/os-UBL-2.4/xsdrt/common/UBL-CommonAggregateComponents-2.4.xsd"
"pages/tech_response.adoc","technical","731","url","http://eur-lex.europa.eu/legal-content/EN/TXT/?uri=CELEX:32003H0361"
"pages/tech_response.adoc","technical","739","url","https://github.com/OP-TED/ESPD-EDM/tree/v5.0.0/criterion/espd-edm.json"
"pages/tech_response.adoc","technical","759","url","https://github.com/OP-TED/ESPD-EDM/tree/v5.0.0/criterion/espd-edm.json"
"pages/tech_response.adoc","technical","776","url","https://github.com/OP-TED/ESPD-EDM/tree/v5.0.0/criterion/espd-edm.json"
"pages/tech_response.adoc","technical","788","url","https://github.com/OP-TED/ESPD-EDM/tree/v5.0.0/criterion/espd-edm.json"
"pages/tech_response.adoc","technical","806","url","https://github.com/OP-TED/ESPD-EDM/tree/v5.0.0/criterion/espd-edm.json"
"pages/tech_response.adoc","technical","825","url","https://github.com/OP-TED/ESPD-EDM/tree/v5.0.0/criterion/espd-edm.json"
"pages/tech_response.adoc","technical","839","url","https://docs.ted.europa.eu/espd-demo/"
"pages/tech_response.adoc","technical","841","url","https://github.com/OP-TED/espd-validation-schematron/blob/v5.0.0/common/xml/ESPD-Response-BASE.xml"
"pages/tech_response.adoc","technical","891","image-url","https://kroki.io/blockdiag/svg/eNrVVN1u0zAUvm6e4sjcgBTarCtiagXSqqTSJKAVHQIJTZHrnCRmiR3ZztZu6j1PwcPxJNjp0tIysYld4YvI-c5vzvedLArJLhNOM7j1ej2Y0QyhZ5DlgjNaNLdYoa6k0NjNTVnAWXngE3OH6F40tZ6VdUZhqOFXqOOZvEYVnxojlcBV_GUexnOWY0m736oMnk94ViuE_vGgC9EUDqKhiQaZQpvghWtxjgZ0RQWUaBRfegDNa3zNE5PDGxicjLZYjjzLjQWP-g2YYErrwsSpFEbzG3SWQWPxMiXrCm5QyXhzvfU8JguprA95Fr2OgskRGXkeIfDyLRBG2bDpb5q23RH4mnDnLqRAHwq6wMIFB93uz-8_yIV3f5DLhksz_DR-Fy0NCs3trIlvSyzY8Czc3rSuMaQG94BzXuJe3b9VcVEhaqZ4ZWyRJ_TrDB-koWo1o8qsmpYsdJpZ8jbIo3uyhs_cCNR6L9V7KhL7saFkdWmTfsQUFQqGDzZ9R2TKlTZbJjvkoPj5qnKpdE4rJwLrJhJMFnLpQ6uj_nHga7MqnD2hOsfEh50gwnF4HI3JxcjrdGCHLwrKLskGNJbVXcBkEthDGrHdnbZ6wQXu4XtVN8maxxN14v8pAf8xXPr_QJPXWXvrdl03IzXSkpag9ts1hCta1Ahc2_U8cYu15cP-kEopkt_ICHzYLnM_sGO_V1L-_zSiB-T3yn3l-hd1XtJ6"
"pages/tech_response.adoc","technical","891","url","https://kroki.io/blockdiag/svg/eNrVVN1u0zAUvm6e4sjcgBTarCtiagXSqqTSJKAVHQIJTZHrnCRmiR3ZztZu6j1PwcPxJNjp0tIysYld4YvI-c5vzvedLArJLhNOM7j1ej2Y0QyhZ5DlgjNaNLdYoa6k0NjNTVnAWXngE3OH6F40tZ6VdUZhqOFXqOOZvEYVnxojlcBV_GUexnOWY0m736oMnk94ViuE_vGgC9EUDqKhiQaZQpvghWtxjgZ0RQWUaBRfegDNa3zNE5PDGxicjLZYjjzLjQWP-g2YYErrwsSpFEbzG3SWQWPxMiXrCm5QyXhzvfU8JguprA95Fr2OgskRGXkeIfDyLRBG2bDpb5q23RH4mnDnLqRAHwq6wMIFB93uz-8_yIV3f5DLhksz_DR-Fy0NCs3trIlvSyzY8Czc3rSuMaQG94BzXuJe3b9VcVEhaqZ4ZWyRJ_TrDB-koWo1o8qsmpYsdJpZ8jbIo3uyhs_cCNR6L9V7KhL7saFkdWmTfsQUFQqGDzZ9R2TKlTZbJjvkoPj5qnKpdE4rJwLrJhJMFnLpQ6uj_nHga7MqnD2hOsfEh50gwnF4HI3JxcjrdGCHLwrKLskGNJbVXcBkEthDGrHdnbZ6wQXu4XtVN8maxxN14v8pAf8xXPr_QJPXWXvrdl03IzXSkpag9ts1hCta1Ahc2_U8cYu15cP-kEopkt_ICHzYLnM_sGO_V1L-_zSiB-T3yn3l-hd1XtJ6"
"pages/tech_response.adoc","technical","893","url","https://niolesk.top/#https://kroki.io/blockdiag/svg/eNrVVN1u0zAUvm6e4sjcgBTarCtiagXSqqTSJKAVHQIJTZHrnCRmiR3ZztZu6j1PwcPxJNjp0tIysYld4YvI-c5vzvedLArJLhNOM7j1ej2Y0QyhZ5DlgjNaNLdYoa6k0NjNTVnAWXngE3OH6F40tZ6VdUZhqOFXqOOZvEYVnxojlcBV_GUexnOWY0m736oMnk94ViuE_vGgC9EUDqKhiQaZQpvghWtxjgZ0RQWUaBRfegDNa3zNE5PDGxicjLZYjjzLjQWP-g2YYErrwsSpFEbzG3SWQWPxMiXrCm5QyXhzvfU8JguprA95Fr2OgskRGXkeIfDyLRBG2bDpb5q23RH4mnDnLqRAHwq6wMIFB93uz-8_yIV3f5DLhksz_DR-Fy0NCs3trIlvSyzY8Czc3rSuMaQG94BzXuJe3b9VcVEhaqZ4ZWyRJ_TrDB-koWo1o8qsmpYsdJpZ8jbIo3uyhs_cCNR6L9V7KhL7saFkdWmTfsQUFQqGDzZ9R2TKlTZbJjvkoPj5qnKpdE4rJwLrJhJMFnLpQ6uj_nHga7MqnD2hOsfEh50gwnF4HI3JxcjrdGCHLwrKLskGNJbVXcBkEthDGrHdnbZ6wQXu4XtVN8maxxN14v8pAf8xXPr_QJPXWXvrdl03IzXSkpag9ts1hCta1Ahc2_U8cYu15cP-kEopkt_ICHzYLnM_sGO_V1L-_zSiB-T3yn3l-hd1XtJ6"
"pages/tech_response.adoc","technical","898","image-url","https://kroki.io/blockdiag/svg/eNrtVd1q2zAUvo6f4uDdbOAmadbR0rJBUyejo2tL08FgFKNIJ7ZWWTKS3CUtvd9T7OH2JJPs2nHKRmEXg0F9YXS-86NjfZ-O50LRa8ZJCnfBYADnJEUYWKSZ5JSIapVoNIWSBvuZzQUc549iEu4RM5icucjCBaO0xPIbNAkKzJ2VnKM2Sva_Fim8nPK01Aij12_6MDmDRymwBQ9JUCdF8HkWw4xmmJNXvsUZWjAFkZCj1XwZAFRm8o0zm8Fb2Nk7aLEMeZpZB26PKpDhgpTCJgslreG36D07B0GQalUWcItaJfXyLgjCELbeQUgJ3a87CeEL49qlSCUxAkHmKJwVDvv9n99_hFcupRvsk3Fp9z-NTyZLi9Jwd4Zh5CrO6f5x3KymXBt7SnJsAZJzseoil9yK1vjIGRPYdZ_ZDHUX8OtZuVjwZYN8UHPYqHLqTltJIrhdrVt5j5KhPlKsDRtzbbOY2E2gEIRudqBTIvltVTPGgmjrCWy8F0pgW5R0a5woWuU0niNuHSnSZLw4UqW0etV6HGGE2sacckkk5UTAIaU-coOb3zHh7WPmunJfHCta-gYvcIEaJcW_YNbbF2g48_mHjDkNm8dNUCWUN8MXk93JcLodtkpbeNJbqfXCuvLlqvCtmIwUXpnO6_hgc7WMoBH3aDiMjF0J72fEZMgiWG8Tj-PXk3F4dRD0erDG5-6sr8MatE6S64TpdOiesLobD0-zu-ASN_CNXeti1etZ5P9M5NFTOo7-IMygdx_cN8Oz1pJVTqYMTdQMRbghokTgxg3LPT_9WiG630OuJOuqMIJ2tI6GTm_d-xE9S-I_kMQTc2bXs3r_CzReokI="
"pages/tech_response.adoc","technical","898","url","https://kroki.io/blockdiag/svg/eNrtVd1q2zAUvo6f4uDdbOAmadbR0rJBUyejo2tL08FgFKNIJ7ZWWTKS3CUtvd9T7OH2JJPs2nHKRmEXg0F9YXS-86NjfZ-O50LRa8ZJCnfBYADnJEUYWKSZ5JSIapVoNIWSBvuZzQUc549iEu4RM5icucjCBaO0xPIbNAkKzJ2VnKM2Sva_Fim8nPK01Aij12_6MDmDRymwBQ9JUCdF8HkWw4xmmJNXvsUZWjAFkZCj1XwZAFRm8o0zm8Fb2Nk7aLEMeZpZB26PKpDhgpTCJgslreG36D07B0GQalUWcItaJfXyLgjCELbeQUgJ3a87CeEL49qlSCUxAkHmKJwVDvv9n99_hFcupRvsk3Fp9z-NTyZLi9Jwd4Zh5CrO6f5x3KymXBt7SnJsAZJzseoil9yK1vjIGRPYdZ_ZDHUX8OtZuVjwZYN8UHPYqHLqTltJIrhdrVt5j5KhPlKsDRtzbbOY2E2gEIRudqBTIvltVTPGgmjrCWy8F0pgW5R0a5woWuU0niNuHSnSZLw4UqW0etV6HGGE2sacckkk5UTAIaU-coOb3zHh7WPmunJfHCta-gYvcIEaJcW_YNbbF2g48_mHjDkNm8dNUCWUN8MXk93JcLodtkpbeNJbqfXCuvLlqvCtmIwUXpnO6_hgc7WMoBH3aDiMjF0J72fEZMgiWG8Tj-PXk3F4dRD0erDG5-6sr8MatE6S64TpdOiesLobD0-zu-ASN_CNXeti1etZ5P9M5NFTOo7-IMygdx_cN8Oz1pJVTqYMTdQMRbghokTgxg3LPT_9WiG630OuJOuqMIJ2tI6GTm_d-xE9S-I_kMQTc2bXs3r_CzReokI="
"pages/tech_response.adoc","technical","900","url","https://niolesk.top/#https://kroki.io/blockdiag/svg/eNrtVd1q2zAUvo6f4uDdbOAmadbR0rJBUyejo2tL08FgFKNIJ7ZWWTKS3CUtvd9T7OH2JJPs2nHKRmEXg0F9YXS-86NjfZ-O50LRa8ZJCnfBYADnJEUYWKSZ5JSIapVoNIWSBvuZzQUc549iEu4RM5icucjCBaO0xPIbNAkKzJ2VnKM2Sva_Fim8nPK01Aij12_6MDmDRymwBQ9JUCdF8HkWw4xmmJNXvsUZWjAFkZCj1XwZAFRm8o0zm8Fb2Nk7aLEMeZpZB26PKpDhgpTCJgslreG36D07B0GQalUWcItaJfXyLgjCELbeQUgJ3a87CeEL49qlSCUxAkHmKJwVDvv9n99_hFcupRvsk3Fp9z-NTyZLi9Jwd4Zh5CrO6f5x3KymXBt7SnJsAZJzseoil9yK1vjIGRPYdZ_ZDHUX8OtZuVjwZYN8UHPYqHLqTltJIrhdrVt5j5KhPlKsDRtzbbOY2E2gEIRudqBTIvltVTPGgmjrCWy8F0pgW5R0a5woWuU0niNuHSnSZLw4UqW0etV6HGGE2sacckkk5UTAIaU-coOb3zHh7WPmunJfHCta-gYvcIEaJcW_YNbbF2g48_mHjDkNm8dNUCWUN8MXk93JcLodtkpbeNJbqfXCuvLlqvCtmIwUXpnO6_hgc7WMoBH3aDiMjF0J72fEZMgiWG8Tj-PXk3F4dRD0erDG5-6sr8MatE6S64TpdOiesLobD0-zu-ASN_CNXeti1etZ5P9M5NFTOo7-IMygdx_cN8Oz1pJVTqYMTdQMRbghokTgxg3LPT_9WiG630OuJOuqMIJ2tI6GTm_d-xE9S-I_kMQTc2bXs3r_CzReokI="
"pages/tech_response.adoc","technical","905","image-url","https://kroki.io/blockdiag/svg/eNrVUs1q20AQPnufYtheWlBsxQlNsGkPjmVIaeuAXSgUI1arsbTNSiu060RJ8L1P0Yfrk3QkWXYdCu2tVAcx883ft99MpI28jZVI4IkNBnAjEoSBQ5nmSgrdWGGJtjC5xX7qMg3X2bOcUNWIHQRzyiwoGXMnnLpDG6LGjLzwBktr8v7XIoGXM5VsSoTh2es-BHN4VgInsCuCK0OgdB6o3KoYoW3iwefFFBYyxUy8qikv0IEtRA4ZulJVDKBxw3sVuxTewPnleI-lqJLUEXg6bMAY12KjXbimUVY9Yh05HzOWlGZTwCOWJmzNJ8a4FHK048Th5C1wrNzo0-R9UDkkhqQQ94DLSI6up531UWTY2e9MtFRO7_0pFqJ09VM7ZElPL1KT46_AWlSdG2iUrjQk-wehNIcvsSqJck4Vq9_wawgY13aj4NylWF6ZLNvUi3PE-KiFB1pEqMnjfr__49t3vmJMGm3qBP4iuAj82Snfq7NWpXV7eXp8N3r5UCC1takoajkpnMcYR6byoNvI0Pc96x50HY-FTTH24DBnOpmeBRO-GrNeDw54pIW85S3oSPlDwWzm08ebhe6-brpWOR7hR1PbZs3vn-_S-6t1sd6Wbbujb-V0hpYXo_W6Y4Y7oTcIytKRXx5fhfe_vPMP93Ph03VsfwLUi4Fi"
"pages/tech_response.adoc","technical","905","url","https://kroki.io/blockdiag/svg/eNrVUs1q20AQPnufYtheWlBsxQlNsGkPjmVIaeuAXSgUI1arsbTNSiu060RJ8L1P0Yfrk3QkWXYdCu2tVAcx883ft99MpI28jZVI4IkNBnAjEoSBQ5nmSgrdWGGJtjC5xX7qMg3X2bOcUNWIHQRzyiwoGXMnnLpDG6LGjLzwBktr8v7XIoGXM5VsSoTh2es-BHN4VgInsCuCK0OgdB6o3KoYoW3iwefFFBYyxUy8qikv0IEtRA4ZulJVDKBxw3sVuxTewPnleI-lqJLUEXg6bMAY12KjXbimUVY9Yh05HzOWlGZTwCOWJmzNJ8a4FHK048Th5C1wrNzo0-R9UDkkhqQQ94DLSI6up531UWTY2e9MtFRO7_0pFqJ09VM7ZElPL1KT46_AWlSdG2iUrjQk-wehNIcvsSqJck4Vq9_wawgY13aj4NylWF6ZLNvUi3PE-KiFB1pEqMnjfr__49t3vmJMGm3qBP4iuAj82Snfq7NWpXV7eXp8N3r5UCC1takoajkpnMcYR6byoNvI0Pc96x50HY-FTTH24DBnOpmeBRO-GrNeDw54pIW85S3oSPlDwWzm08ebhe6-brpWOR7hR1PbZs3vn-_S-6t1sd6Wbbujb-V0hpYXo_W6Y4Y7oTcIytKRXx5fhfe_vPMP93Ph03VsfwLUi4Fi"
"pages/tech_response.adoc","technical","907","url","https://niolesk.top/#https://kroki.io/blockdiag/svg/eNrVUs1q20AQPnufYtheWlBsxQlNsGkPjmVIaeuAXSgUI1arsbTNSiu060RJ8L1P0Yfrk3QkWXYdCu2tVAcx883ft99MpI28jZVI4IkNBnAjEoSBQ5nmSgrdWGGJtjC5xX7qMg3X2bOcUNWIHQRzyiwoGXMnnLpDG6LGjLzwBktr8v7XIoGXM5VsSoTh2es-BHN4VgInsCuCK0OgdB6o3KoYoW3iwefFFBYyxUy8qikv0IEtRA4ZulJVDKBxw3sVuxTewPnleI-lqJLUEXg6bMAY12KjXbimUVY9Yh05HzOWlGZTwCOWJmzNJ8a4FHK048Th5C1wrNzo0-R9UDkkhqQQ94DLSI6up531UWTY2e9MtFRO7_0pFqJ09VM7ZElPL1KT46_AWlSdG2iUrjQk-wehNIcvsSqJck4Vq9_wawgY13aj4NylWF6ZLNvUi3PE-KiFB1pEqMnjfr__49t3vmJMGm3qBP4iuAj82Snfq7NWpXV7eXp8N3r5UCC1takoajkpnMcYR6byoNvI0Pc96x50HY-FTTH24DBnOpmeBRO-GrNeDw54pIW85S3oSPlDwWzm08ebhe6-brpWOR7hR1PbZs3vn-_S-6t1sd6Wbbujb-V0hpYXo_W6Y4Y7oTcIytKRXx5fhfe_vPMP93Ph03VsfwLUi4Fi"
"pages/tech_response.adoc","technical","919","url","https://docs.oasis-open.org/ubl/os-UBL-2.4/xsdrt/common/UBL-CommonAggregateComponents-2.4.xsd"
"pages/tech_response.adoc","technical","981","url","https://docs.ted.europa.eu/espd-demo/"
"pages/tech_response.adoc","technical","983","url","https://github.com/OP-TED/espd-validation-schematron/blob/v5.0.0/common/xml/ESPD-Response-BASE.xml"
"pages/tech_response.adoc","technical","1037","image-url","https://kroki.io/blockdiag/svg/eNrtVE1rGzEQPXt_xaBeWtjajhNISGih8QcETDFJWgolLLI03lWilRZJTu0E3_Mr-uP6Szqys-umpU1aeuihOiyjp_dmRtonTbUVV1LxHG6TTgcmPEfoBBSFUYLrdZQ59JU1HttFKDWclN9xMhUR3xFcnKOR6JTJs75TgSJrstN7dfbhbJChxhJNaF9WOTwfqXzuEHq7-20g8WGjbsS1FkgL99oXsc8zDOArbqDE4NQiAVhPs09KhgJewd7BUYMVqPIiELjTW4MSZ3yuQzazJnh1g3Fl7yhJcmfnFdygs9kmvE0S9uu-GLx8DQwX4fDd8Xi4CGg8rXqWAhNTcXgyqKO3vCTyR6kcVTPW4MXTUkftAL1wqgq0-CBFCppPUdOMddvtL3ef2W8kfc-1kjygbDgTZyt0Ybltum_NTEk6ckXksBzjNeq-lX-2EeLUCNWe47oIgW-qSpONphonUSZrfHgdSws8m0cCNji1Kcg10QkUXqIIYxtOcYYusmtW35alldR0X3Pv1YwqPOn8EmG1jQT2bLg_7I52WGOMmXI-NM5osZ_v-HxZxTPyBa-iuUhBTDm1ixRqf_YOuqkPSx3XJfcFyhS2pQfHg93hMbs4Slot2OJTzcUV24CBTLcVjEZdGmxt7_tRV9fK4AP8QdVNsvXnyTZOf7Rl-hdMlf4zJklaq2RVvzKbPxYsWUaiT-vXA65jf6A8vSoHj16B9P_pfnMFH7kYZPvVVxFxObA="
"pages/tech_response.adoc","technical","1037","url","https://kroki.io/blockdiag/svg/eNrtVE1rGzEQPXt_xaBeWtjajhNISGih8QcETDFJWgolLLI03lWilRZJTu0E3_Mr-uP6Szqys-umpU1aeuihOiyjp_dmRtonTbUVV1LxHG6TTgcmPEfoBBSFUYLrdZQ59JU1HttFKDWclN9xMhUR3xFcnKOR6JTJs75TgSJrstN7dfbhbJChxhJNaF9WOTwfqXzuEHq7-20g8WGjbsS1FkgL99oXsc8zDOArbqDE4NQiAVhPs09KhgJewd7BUYMVqPIiELjTW4MSZ3yuQzazJnh1g3Fl7yhJcmfnFdygs9kmvE0S9uu-GLx8DQwX4fDd8Xi4CGg8rXqWAhNTcXgyqKO3vCTyR6kcVTPW4MXTUkftAL1wqgq0-CBFCppPUdOMddvtL3ef2W8kfc-1kjygbDgTZyt0Ybltum_NTEk6ckXksBzjNeq-lX-2EeLUCNWe47oIgW-qSpONphonUSZrfHgdSws8m0cCNji1Kcg10QkUXqIIYxtOcYYusmtW35alldR0X3Pv1YwqPOn8EmG1jQT2bLg_7I52WGOMmXI-NM5osZ_v-HxZxTPyBa-iuUhBTDm1ixRqf_YOuqkPSx3XJfcFyhS2pQfHg93hMbs4Slot2OJTzcUV24CBTLcVjEZdGmxt7_tRV9fK4AP8QdVNsvXnyTZOf7Rl-hdMlf4zJklaq2RVvzKbPxYsWUaiT-vXA65jf6A8vSoHj16B9P_pfnMFH7kYZPvVVxFxObA="
"pages/tech_response.adoc","technical","1039","url","https://niolesk.top/#https://kroki.io/blockdiag/svg/eNrtVE1rGzEQPXt_xaBeWtjajhNISGih8QcETDFJWgolLLI03lWilRZJTu0E3_Mr-uP6Szqys-umpU1aeuihOiyjp_dmRtonTbUVV1LxHG6TTgcmPEfoBBSFUYLrdZQ59JU1HttFKDWclN9xMhUR3xFcnKOR6JTJs75TgSJrstN7dfbhbJChxhJNaF9WOTwfqXzuEHq7-20g8WGjbsS1FkgL99oXsc8zDOArbqDE4NQiAVhPs09KhgJewd7BUYMVqPIiELjTW4MSZ3yuQzazJnh1g3Fl7yhJcmfnFdygs9kmvE0S9uu-GLx8DQwX4fDd8Xi4CGg8rXqWAhNTcXgyqKO3vCTyR6kcVTPW4MXTUkftAL1wqgq0-CBFCppPUdOMddvtL3ef2W8kfc-1kjygbDgTZyt0Ybltum_NTEk6ckXksBzjNeq-lX-2EeLUCNWe47oIgW-qSpONphonUSZrfHgdSws8m0cCNji1Kcg10QkUXqIIYxtOcYYusmtW35alldR0X3Pv1YwqPOn8EmG1jQT2bLg_7I52WGOMmXI-NM5osZ_v-HxZxTPyBa-iuUhBTDm1ixRqf_YOuqkPSx3XJfcFyhS2pQfHg93hMbs4Slot2OJTzcUV24CBTLcVjEZdGmxt7_tRV9fK4AP8QdVNsvXnyTZOf7Rl-hdMlf4zJklaq2RVvzKbPxYsWUaiT-vXA65jf6A8vSoHj16B9P_pfnMFH7kYZPvVVxFxObA="
"pages/tech_response.adoc","technical","1046","image-url","https://kroki.io/blockdiag/svg/eNrtVNuO0zAQfW6-YmReQAptt9sVVSuQKGmlSiwse0FIaBU59jTxrmNHsQPtrvrOV_BxfAlO2rRqCkXiFfwQ2WeOj52Z44mkZvdc0BgevU4HLmiM0LHIEiUYldUszNFkWhlsJzaVMEsbnFCUiOkwyi43zPAjlQWGn66CECWmqGz7Lovh6VTERY7QOx20wdGHNb-ig6PDhv6svMwVWjAZVZCizcXCA6iW4VfBbQIvoT8YbbEERZxYB570KpDjnBbShnOtrBEPWEb6I8-Lc11k8IC5DtfTR88jB1ch8PwVEFzY4c347WRhURnhgsQHwiI2nAUEPnORO1GlFd7-VqEkB2hYLjLrBOr9NXNPxQdJI5RuRbrt9o9v38lx3Rp-nepC2ab0WCiaL99Hd8gOYm80xyYWUHuAud9sIoq7kludNwPnSI2rbBN-V6SYC9aEPxRUWWGXTfxapAcSN5ezRrI9pqUul-TJ5MWkOz0h27rORW7strAtspe662VWZtwkNCvt4EiKI4_0wofaUb2zrm_sUpZxTk2C3IfdacE4OJ2Mye3Ia7Vgh0eSsnuyBq3zzG7DdNp1g1SG3Iz6dCkU7uF7p67Fqs9RF_p_tpj_z7nFa628Vd0_1pW12nmHo_HrvgBfqo4jjOsXg189M_9_4v_imR59W_2uezmrn7KVH_k="
"pages/tech_response.adoc","technical","1046","url","https://kroki.io/blockdiag/svg/eNrtVNuO0zAQfW6-YmReQAptt9sVVSuQKGmlSiwse0FIaBU59jTxrmNHsQPtrvrOV_BxfAlO2rRqCkXiFfwQ2WeOj52Z44mkZvdc0BgevU4HLmiM0LHIEiUYldUszNFkWhlsJzaVMEsbnFCUiOkwyi43zPAjlQWGn66CECWmqGz7Lovh6VTERY7QOx20wdGHNb-ig6PDhv6svMwVWjAZVZCizcXCA6iW4VfBbQIvoT8YbbEERZxYB570KpDjnBbShnOtrBEPWEb6I8-Lc11k8IC5DtfTR88jB1ch8PwVEFzY4c347WRhURnhgsQHwiI2nAUEPnORO1GlFd7-VqEkB2hYLjLrBOr9NXNPxQdJI5RuRbrt9o9v38lx3Rp-nepC2ab0WCiaL99Hd8gOYm80xyYWUHuAud9sIoq7kludNwPnSI2rbBN-V6SYC9aEPxRUWWGXTfxapAcSN5ezRrI9pqUul-TJ5MWkOz0h27rORW7strAtspe662VWZtwkNCvt4EiKI4_0wofaUb2zrm_sUpZxTk2C3IfdacE4OJ2Mye3Ia7Vgh0eSsnuyBq3zzG7DdNp1g1SG3Iz6dCkU7uF7p67Fqs9RF_p_tpj_z7nFa628Vd0_1pW12nmHo_HrvgBfqo4jjOsXg189M_9_4v_imR59W_2uezmrn7KVH_k="
"pages/tech_response.adoc","technical","1048","url","https://niolesk.top/#https://kroki.io/blockdiag/svg/eNrtVNuO0zAQfW6-YmReQAptt9sVVSuQKGmlSiwse0FIaBU59jTxrmNHsQPtrvrOV_BxfAlO2rRqCkXiFfwQ2WeOj52Z44mkZvdc0BgevU4HLmiM0LHIEiUYldUszNFkWhlsJzaVMEsbnFCUiOkwyi43zPAjlQWGn66CECWmqGz7Lovh6VTERY7QOx20wdGHNb-ig6PDhv6svMwVWjAZVZCizcXCA6iW4VfBbQIvoT8YbbEERZxYB570KpDjnBbShnOtrBEPWEb6I8-Lc11k8IC5DtfTR88jB1ch8PwVEFzY4c347WRhURnhgsQHwiI2nAUEPnORO1GlFd7-VqEkB2hYLjLrBOr9NXNPxQdJI5RuRbrt9o9v38lx3Rp-nepC2ab0WCiaL99Hd8gOYm80xyYWUHuAud9sIoq7kludNwPnSI2rbBN-V6SYC9aEPxRUWWGXTfxapAcSN5ezRrI9pqUul-TJ5MWkOz0h27rORW7strAtspe662VWZtwkNCvt4EiKI4_0wofaUb2zrm_sUpZxTk2C3IfdacE4OJ2Mye3Ia7Vgh0eSsnuyBq3zzG7DdNp1g1SG3Iz6dCkU7uF7p67Fqs9RF_p_tpj_z7nFa628Vd0_1pW12nmHo_HrvgBfqo4jjOsXg189M_9_4v_imR59W_2uezmrn7KVH_k="
"pages/tech_response.adoc","technical","1061","image-url","https://kroki.io/blockdiag/svg/eNrNUtuK2zAQfY6-YlBfWnAdbzal24QWmtqBwhYWsoVCCUa2Jra6smQkuc3ukvd-RT-uX1LZ3sSbpbenUj0YzRmdmfGZk0mdX3HBCrgl4zFcsAJh7DAvlciZ7G6pQVtrZTEsXSXhbfXgTSpaxI5zlr-ua-mxTOIFGqF5-mEVpyixQuXCT3UBj5eiaAzC5PRFCJ4we8gAz4A7xpN2ohU6sDVTUKEzYksAujD9Irgr4SVMz-YHrERRlM6DJ5MO5LhhjXTpRitnxQ22memckMLopoYbNDrtr7eE0J9NQ-HpK6C4dbP3i_Nk61BZ4ZWgAdA8y2crx4yLmcMj4FJUByBR_H7eh_ezcWOY8wXfIbNeFQofuTB-SKUVrn83UUdGmxtRt_w3mg81B_ioXgCSZSh9RKMw_P71G10Tkmup2wf0UfI8iZYn9CDORhjrDuqMaN_98rpup7Qlq1sxfVZx5JneBrDfx-RZFFh3Lds8Z7ZEHsDQJl7Ep8mCrudkNIIBzyTLr2gPOi_3QFguI39ot867s-8uhcIj_KhrX6z7_LsFBn-9GjLakd3e3712TvtFcbTB3rfwmckGQVjv57Nf2CH4L__uDxaZRt4Aux_9tHBr"
"pages/tech_response.adoc","technical","1061","url","https://kroki.io/blockdiag/svg/eNrNUtuK2zAQfY6-YlBfWnAdbzal24QWmtqBwhYWsoVCCUa2Jra6smQkuc3ukvd-RT-uX1LZ3sSbpbenUj0YzRmdmfGZk0mdX3HBCrgl4zFcsAJh7DAvlciZ7G6pQVtrZTEsXSXhbfXgTSpaxI5zlr-ua-mxTOIFGqF5-mEVpyixQuXCT3UBj5eiaAzC5PRFCJ4we8gAz4A7xpN2ohU6sDVTUKEzYksAujD9Irgr4SVMz-YHrERRlM6DJ5MO5LhhjXTpRitnxQ22memckMLopoYbNDrtr7eE0J9NQ-HpK6C4dbP3i_Nk61BZ4ZWgAdA8y2crx4yLmcMj4FJUByBR_H7eh_ezcWOY8wXfIbNeFQofuTB-SKUVrn83UUdGmxtRt_w3mg81B_ioXgCSZSh9RKMw_P71G10Tkmup2wf0UfI8iZYn9CDORhjrDuqMaN_98rpup7Qlq1sxfVZx5JneBrDfx-RZFFh3Lds8Z7ZEHsDQJl7Ep8mCrudkNIIBzyTLr2gPOi_3QFguI39ot867s-8uhcIj_KhrX6z7_LsFBn-9GjLakd3e3712TvtFcbTB3rfwmckGQVjv57Nf2CH4L__uDxaZRt4Aux_9tHBr"
"pages/tech_response.adoc","technical","1063","url","https://niolesk.top/#https://kroki.io/blockdiag/svg/eNrNUtuK2zAQfY6-YlBfWnAdbzal24QWmtqBwhYWsoVCCUa2Jra6smQkuc3ukvd-RT-uX1LZ3sSbpbenUj0YzRmdmfGZk0mdX3HBCrgl4zFcsAJh7DAvlciZ7G6pQVtrZTEsXSXhbfXgTSpaxI5zlr-ua-mxTOIFGqF5-mEVpyixQuXCT3UBj5eiaAzC5PRFCJ4we8gAz4A7xpN2ohU6sDVTUKEzYksAujD9Irgr4SVMz-YHrERRlM6DJ5MO5LhhjXTpRitnxQ22memckMLopoYbNDrtr7eE0J9NQ-HpK6C4dbP3i_Nk61BZ4ZWgAdA8y2crx4yLmcMj4FJUByBR_H7eh_ezcWOY8wXfIbNeFQofuTB-SKUVrn83UUdGmxtRt_w3mg81B_ioXgCSZSh9RKMw_P71G10Tkmup2wf0UfI8iZYn9CDORhjrDuqMaN_98rpup7Qlq1sxfVZx5JneBrDfx-RZFFh3Lds8Z7ZEHsDQJl7Ep8mCrudkNIIBzyTLr2gPOi_3QFguI39ot867s-8uhcIj_KhrX6z7_LsFBn-9GjLakd3e3712TvtFcbTB3rfwmckGQVjv57Nf2CH4L__uDxaZRt4Aux_9tHBr"
"pages/tech_response.adoc","technical","1070","image-url","https://kroki.io/blockdiag/svg/eNrVU02L2zAQPVu_YlAvLbiOkwa6bGgPixPIrZAeCmUxsjSx1ZUlY8m7yS6591f0x_WXVLZj54Nt79XBaJ7mjeaNnjNl-IOQLIcXMpnAF5YjTBzyQkvOVLdLa7SV0RajwpUK1uVVTipbxE4448tHKVBz3DRVpSSK9NsmSVFhidpFP6oc3q5k3tQIs3kcgSfcXjPAM-DIeNd2tEEHtmIaSnS13BGALkyfpHAFfIL5zWLECpR54Tw4nXWgwC1rlEu3Rjsrn7E9mS8IyWvTVPCMtUn77QshlML7z0Bf64nCdyFrT9ZGYwiKZah8ROMo-v3zF70nf2F19TJ-u04uKrT5R7TNYM7ryhqH9iqLcKNMG9I3y4_LeDWlY-tbWVs39h7Q67u_7iv01WzBqla0z9MCRWZ2IQxzm8VxaN1eteeC2QJFCKcLk7vkw_KO3i9IEMAJzxTjD7QHHe7cibBaxX7RbuzHNdyupMYL_OLWvlj3GcZCSNBLs8iNFiedAV0n_5W0XtbZCxMfw4EEB3IYzN137Yx_dYE2HEwLj0w1CNJ6M9-07hwl-7-19GM51xvCaP1Z7JW9bsjwzI7_nN-8q3FhzGEce1TKPJ3lTtvcwx-PHU25"
"pages/tech_response.adoc","technical","1070","url","https://kroki.io/blockdiag/svg/eNrVU02L2zAQPVu_YlAvLbiOkwa6bGgPixPIrZAeCmUxsjSx1ZUlY8m7yS6591f0x_WXVLZj54Nt79XBaJ7mjeaNnjNl-IOQLIcXMpnAF5YjTBzyQkvOVLdLa7SV0RajwpUK1uVVTipbxE4448tHKVBz3DRVpSSK9NsmSVFhidpFP6oc3q5k3tQIs3kcgSfcXjPAM-DIeNd2tEEHtmIaSnS13BGALkyfpHAFfIL5zWLECpR54Tw4nXWgwC1rlEu3Rjsrn7E9mS8IyWvTVPCMtUn77QshlML7z0Bf64nCdyFrT9ZGYwiKZah8ROMo-v3zF70nf2F19TJ-u04uKrT5R7TNYM7ryhqH9iqLcKNMG9I3y4_LeDWlY-tbWVs39h7Q67u_7iv01WzBqla0z9MCRWZ2IQxzm8VxaN1eteeC2QJFCKcLk7vkw_KO3i9IEMAJzxTjD7QHHe7cibBaxX7RbuzHNdyupMYL_OLWvlj3GcZCSNBLs8iNFiedAV0n_5W0XtbZCxMfw4EEB3IYzN137Yx_dYE2HEwLj0w1CNJ6M9-07hwl-7-19GM51xvCaP1Z7JW9bsjwzI7_nN-8q3FhzGEce1TKPJ3lTtvcwx-PHU25"
"pages/tech_response.adoc","technical","1072","url","https://niolesk.top/#https://kroki.io/blockdiag/svg/eNrVU02L2zAQPVu_YlAvLbiOkwa6bGgPixPIrZAeCmUxsjSx1ZUlY8m7yS6591f0x_WXVLZj54Nt79XBaJ7mjeaNnjNl-IOQLIcXMpnAF5YjTBzyQkvOVLdLa7SV0RajwpUK1uVVTipbxE4448tHKVBz3DRVpSSK9NsmSVFhidpFP6oc3q5k3tQIs3kcgSfcXjPAM-DIeNd2tEEHtmIaSnS13BGALkyfpHAFfIL5zWLECpR54Tw4nXWgwC1rlEu3Rjsrn7E9mS8IyWvTVPCMtUn77QshlML7z0Bf64nCdyFrT9ZGYwiKZah8ROMo-v3zF70nf2F19TJ-u04uKrT5R7TNYM7ryhqH9iqLcKNMG9I3y4_LeDWlY-tbWVs39h7Q67u_7iv01WzBqla0z9MCRWZ2IQxzm8VxaN1eteeC2QJFCKcLk7vkw_KO3i9IEMAJzxTjD7QHHe7cibBaxX7RbuzHNdyupMYL_OLWvlj3GcZCSNBLs8iNFiedAV0n_5W0XtbZCxMfw4EEB3IYzN137Yx_dYE2HEwLj0w1CNJ6M9-07hwl-7-19GM51xvCaP1Z7JW9bsjwzI7_nN-8q3FhzGEce1TKPJ3lTtvcwx-PHU25"
"pages/tech_response.adoc","technical","1093","url","https://docs.oasis-open.org/ubl/os-UBL-2.4/xsdrt/common/UBL-CommonAggregateComponents-2.4.xsd"
"pages/tech_response.adoc","technical","1142","url","https://docs.oasis-open.org/ubl/os-UBL-2.4/xsdrt/common/UBL-CommonAggregateComponents-2.4.xsd"
"pages/tech_response.adoc","technical","1165","url","https://docs.oasis-open.org/ubl/os-UBL-2.4/xsdrt/common/UBL-CommonAggregateComponents-2.4.xsd"
"pages/tech_response.adoc","technical","1186","url","https://docs.oasis-open.org/ubl/os-UBL-2.4/xsdrt/common/UBL-CommonAggregateComponents-2.4.xsd"
"pages/tech_response.adoc","technical","1248","url","https://github.com/OP-TED/espd-validation-schematron/blob/v5.0.0/common/xml/ESPD-Response-BASE.xml#L8588-L8639"
"pages/tech_response.adoc","technical","1268","url","https://github.com/OP-TED/espd-validation-schematron/blob/v5.0.0/common/xml/ESPD-Response-BASE.xml#L13482-L13520"
"pages/tech_response.adoc","technical","1289","url","https://github.com/OP-TED/espd-validation-schematron/blob/v5.0.0/common/xml/ESPD-Response-BASE.xml"
"pages/tech_response.adoc","technical","1293","image-url","https://kroki.io/blockdiag/svg/eNrdVN2KEzEUvu48xSHeKMR2WgsuLXrRnRYKRRarIMgypJPTmbiZZJhk1naX3vsUPpxPYjLdmf6gqLt35iIkX84f5_tOVlInN1ywFO6DXg-uWIrQs5hkSiRM1qe4RFNoZbCb2VzCPD-ziYVHTC9hyfRWcFQJxp-WUeyjlizvfilSeD4TaVUiDIb9LjjDUWMJzhIeLF_4CpZowRRMQY62FJsAoL7GXwW3GbyB4cW4xTIUaWYd2B_UIMc1q6SN11pZI-7QvwzHQZCWuirgDksd74_3QUAIvHwL5LgWAp-5KJ2T0gopSLZC6W4k7HZ_fPtOroMza--PGzv6OFlMNxaVEa5LhLqgq2Q0j5pT4_BhW-Cl5tjg71h-mvKXCbxlhCYpRWFd_Mb5kikuOLO4tG7LUdnHVF9H0mrtMSuYFHa7wFuUbZlHHnNjKqHSK1ba7V-U7ZBIJ5Wv7D2usXxsgz2yYCqtnMbO0gaJltpfybPp62k465OW67UojW3J7pBjDlwUk7HCq8O9K458pTcUGoEN-iE1div9O2cmQ07hkCiaRK-mE3I9DjodOOAryZIbsget08TBYTYL3SK1Ph9Wk10KhSf4SdZ9sHp7ssrov-iIPkEX9HfM0zMmg84u2DXzvm-91Y5XjoY2cwy3TFYIwrj5vvAD2_LmPoxcK35EWkih_Q0GoaPnVEr0f-zhH3Q89G3Y_QQBT-QH"
"pages/tech_response.adoc","technical","1293","url","https://kroki.io/blockdiag/svg/eNrdVN2KEzEUvu48xSHeKMR2WgsuLXrRnRYKRRarIMgypJPTmbiZZJhk1naX3vsUPpxPYjLdmf6gqLt35iIkX84f5_tOVlInN1ywFO6DXg-uWIrQs5hkSiRM1qe4RFNoZbCb2VzCPD-ziYVHTC9hyfRWcFQJxp-WUeyjlizvfilSeD4TaVUiDIb9LjjDUWMJzhIeLF_4CpZowRRMQY62FJsAoL7GXwW3GbyB4cW4xTIUaWYd2B_UIMc1q6SN11pZI-7QvwzHQZCWuirgDksd74_3QUAIvHwL5LgWAp-5KJ2T0gopSLZC6W4k7HZ_fPtOroMza--PGzv6OFlMNxaVEa5LhLqgq2Q0j5pT4_BhW-Cl5tjg71h-mvKXCbxlhCYpRWFd_Mb5kikuOLO4tG7LUdnHVF9H0mrtMSuYFHa7wFuUbZlHHnNjKqHSK1ba7V-U7ZBIJ5Wv7D2usXxsgz2yYCqtnMbO0gaJltpfybPp62k465OW67UojW3J7pBjDlwUk7HCq8O9K458pTcUGoEN-iE1div9O2cmQ07hkCiaRK-mE3I9DjodOOAryZIbsget08TBYTYL3SK1Ph9Wk10KhSf4SdZ9sHp7ssrov-iIPkEX9HfM0zMmg84u2DXzvm-91Y5XjoY2cwy3TFYIwrj5vvAD2_LmPoxcK35EWkih_Q0GoaPnVEr0f-zhH3Q89G3Y_QQBT-QH"
"pages/tech_response.adoc","technical","1295","url","https://niolesk.top/#https://kroki.io/blockdiag/svg/eNrdVN2KEzEUvu48xSHeKMR2WgsuLXrRnRYKRRarIMgypJPTmbiZZJhk1naX3vsUPpxPYjLdmf6gqLt35iIkX84f5_tOVlInN1ywFO6DXg-uWIrQs5hkSiRM1qe4RFNoZbCb2VzCPD-ziYVHTC9hyfRWcFQJxp-WUeyjlizvfilSeD4TaVUiDIb9LjjDUWMJzhIeLF_4CpZowRRMQY62FJsAoL7GXwW3GbyB4cW4xTIUaWYd2B_UIMc1q6SN11pZI-7QvwzHQZCWuirgDksd74_3QUAIvHwL5LgWAp-5KJ2T0gopSLZC6W4k7HZ_fPtOroMza--PGzv6OFlMNxaVEa5LhLqgq2Q0j5pT4_BhW-Cl5tjg71h-mvKXCbxlhCYpRWFd_Mb5kikuOLO4tG7LUdnHVF9H0mrtMSuYFHa7wFuUbZlHHnNjKqHSK1ba7V-U7ZBIJ5Wv7D2usXxsgz2yYCqtnMbO0gaJltpfybPp62k465OW67UojW3J7pBjDlwUk7HCq8O9K458pTcUGoEN-iE1div9O2cmQ07hkCiaRK-mE3I9DjodOOAryZIbsget08TBYTYL3SK1Ph9Wk10KhSf4SdZ9sHp7ssrov-iIPkEX9HfM0zMmg84u2DXzvm-91Y5XjoY2cwy3TFYIwrj5vvAD2_LmPoxcK35EWkih_Q0GoaPnVEr0f-zhH3Q89G3Y_QQBT-QH"
"pages/tech_response.adoc","technical","1300","image-url","https://kroki.io/blockdiag/svg/eNrlVv9q2zAQ_jt-CuEy2MBL0qyjXcsGTZOwwrqW_mIwSlCsi63Wlowkd0lL_t9T7OH2JDs5dpw0cbrBVsZmSCx_J919-nQnbhBJ_4ZxGpB7p9EgJzQA0jDgh4L7NMpGfQU6kUJDPTRxRA7jB3P63CK64VO_I_00BmFOYQgKhA99LjRn8KzVRGv3FocW_HTW6duYisb16yQgz3s8SBWQ1larTnDi7pIfMvWTGQs3BN2Q3M0LS_4MDNEJFSQGo_jIIST77H_hzITkLdna2ZthIfAgNAhutjKQwZCmkekPpTCa34G1bGUWJ1AyTcgdKNmfDu8dx5eRVDjH3ehud5u9TXfPcVyXvHxH3HmKJbK0I5d8Zty6EFKARyI6gMg6bNbr379-c6_QX8W6zOWgNJ0ZalJ9INmiz6ufdtAB7SueGC7Fo6zW-kTTvjHUD63R9abIJY0442Z8AopLVqCHWqegTqgy4wI6BY0ncDy8xIlDzKwlPoUmczGyuDAyuxftD92RAcwSzNTMI26wGw-AMWAF3zYXVI2PB9fgm6o5BRvrTQkarT6wgsqKWSsZkSLcxelhMSwivqc6LDA73o8CqbgJ4yMwYa6YJTpKuBp3qIFF5JzHM-QIx1ki5N89qWJq5pGu8CXjIpjHDkKqqI8bwQJaWM0j-EjjlWlVsfFsX7-QTnlxDbnSZlZdtVl1DSLq32Bt1QwqWtZcr9fEx-I6pImt1YgLsJ9mHNlPhjICQ6BWwwKuVSStU3Nq05gafClYScAuWyZh0Soi1vaATAatJmT_q2rYqy5O78_UmIOEpls3IVcLMrhlrPNxYjOh2CTOEVg2AznySHHBbm43vcUde6WMG51251W37V5lKlQIvFbhVRKv0DiHn-payMPlrzyfZapMOC-k1XJp7W-WtFrVx4St0LYqhfEp7f_aZect32LTgp049j974W_iTIqeY3pWRuItx0B7RS9BbmmUYueiscfYsd3B7KCxaYnxvilPudX0yKwjaTXxPBfbCK-qifD-omukskK8_yFH1pdx63V2qE_Wqazl8sZymfwAF0LOuQ=="
"pages/tech_response.adoc","technical","1300","url","https://kroki.io/blockdiag/svg/eNrlVv9q2zAQ_jt-CuEy2MBL0qyjXcsGTZOwwrqW_mIwSlCsi63Wlowkd0lL_t9T7OH2JDs5dpw0cbrBVsZmSCx_J919-nQnbhBJ_4ZxGpB7p9EgJzQA0jDgh4L7NMpGfQU6kUJDPTRxRA7jB3P63CK64VO_I_00BmFOYQgKhA99LjRn8KzVRGv3FocW_HTW6duYisb16yQgz3s8SBWQ1larTnDi7pIfMvWTGQs3BN2Q3M0LS_4MDNEJFSQGo_jIIST77H_hzITkLdna2ZthIfAgNAhutjKQwZCmkekPpTCa34G1bGUWJ1AyTcgdKNmfDu8dx5eRVDjH3ehud5u9TXfPcVyXvHxH3HmKJbK0I5d8Zty6EFKARyI6gMg6bNbr379-c6_QX8W6zOWgNJ0ZalJ9INmiz6ufdtAB7SueGC7Fo6zW-kTTvjHUD63R9abIJY0442Z8AopLVqCHWqegTqgy4wI6BY0ncDy8xIlDzKwlPoUmczGyuDAyuxftD92RAcwSzNTMI26wGw-AMWAF3zYXVI2PB9fgm6o5BRvrTQkarT6wgsqKWSsZkSLcxelhMSwivqc6LDA73o8CqbgJ4yMwYa6YJTpKuBp3qIFF5JzHM-QIx1ki5N89qWJq5pGu8CXjIpjHDkKqqI8bwQJaWM0j-EjjlWlVsfFsX7-QTnlxDbnSZlZdtVl1DSLq32Bt1QwqWtZcr9fEx-I6pImt1YgLsJ9mHNlPhjICQ6BWwwKuVSStU3Nq05gafClYScAuWyZh0Soi1vaATAatJmT_q2rYqy5O78_UmIOEpls3IVcLMrhlrPNxYjOh2CTOEVg2AznySHHBbm43vcUde6WMG51251W37V5lKlQIvFbhVRKv0DiHn-payMPlrzyfZapMOC-k1XJp7W-WtFrVx4St0LYqhfEp7f_aZect32LTgp049j974W_iTIqeY3pWRuItx0B7RS9BbmmUYueiscfYsd3B7KCxaYnxvilPudX0yKwjaTXxPBfbCK-qifD-omukskK8_yFH1pdx63V2qE_Wqazl8sZymfwAF0LOuQ=="
"pages/tech_response.adoc","technical","1302","url","https://niolesk.top/#https://kroki.io/blockdiag/svg/eNrlVv9q2zAQ_jt-CuEy2MBL0qyjXcsGTZOwwrqW_mIwSlCsi63Wlowkd0lL_t9T7OH2JDs5dpw0cbrBVsZmSCx_J919-nQnbhBJ_4ZxGpB7p9EgJzQA0jDgh4L7NMpGfQU6kUJDPTRxRA7jB3P63CK64VO_I_00BmFOYQgKhA99LjRn8KzVRGv3FocW_HTW6duYisb16yQgz3s8SBWQ1larTnDi7pIfMvWTGQs3BN2Q3M0LS_4MDNEJFSQGo_jIIST77H_hzITkLdna2ZthIfAgNAhutjKQwZCmkekPpTCa34G1bGUWJ1AyTcgdKNmfDu8dx5eRVDjH3ehud5u9TXfPcVyXvHxH3HmKJbK0I5d8Zty6EFKARyI6gMg6bNbr379-c6_QX8W6zOWgNJ0ZalJ9INmiz6ufdtAB7SueGC7Fo6zW-kTTvjHUD63R9abIJY0442Z8AopLVqCHWqegTqgy4wI6BY0ncDy8xIlDzKwlPoUmczGyuDAyuxftD92RAcwSzNTMI26wGw-AMWAF3zYXVI2PB9fgm6o5BRvrTQkarT6wgsqKWSsZkSLcxelhMSwivqc6LDA73o8CqbgJ4yMwYa6YJTpKuBp3qIFF5JzHM-QIx1ki5N89qWJq5pGu8CXjIpjHDkKqqI8bwQJaWM0j-EjjlWlVsfFsX7-QTnlxDbnSZlZdtVl1DSLq32Bt1QwqWtZcr9fEx-I6pImt1YgLsJ9mHNlPhjICQ6BWwwKuVSStU3Nq05gafClYScAuWyZh0Soi1vaATAatJmT_q2rYqy5O78_UmIOEpls3IVcLMrhlrPNxYjOh2CTOEVg2AznySHHBbm43vcUde6WMG51251W37V5lKlQIvFbhVRKv0DiHn-payMPlrzyfZapMOC-k1XJp7W-WtFrVx4St0LYqhfEp7f_aZect32LTgp049j974W_iTIqeY3pWRuItx0B7RS9BbmmUYueiscfYsd3B7KCxaYnxvilPudX0yKwjaTXxPBfbCK-qifD-omukskK8_yFH1pdx63V2qE_Wqazl8sZymfwAF0LOuQ=="
"pages/tech_response.adoc","technical","1336","url","https://docs.oasis-open.org/ubl/os-UBL-2.4/xsdrt/common/UBL-CommonAggregateComponents-2.4.xsd"
"pages/tech_response.adoc","technical","1372","url","https://docs.oasis-open.org/ubl/os-UBL-2.4/xsdrt/common/UBL-CommonAggregateComponents-2.4.xsd"
"pages/tech_response.adoc","technical","1409","url","https://docs.ted.europa.eu/espd-demo/"
"pages/tech_response.adoc","technical","1447","url","https://docs.ted.europa.eu/ESPD-EDM/latest/technical/tech_request.html#lot_management"
"pages/tech_rules_reference.adoc","technical","8","url","https://github.com/OP-TED/espd-validation-schematron"
"pages/tech_selection_criteria.adoc","technical","9","url","http://wiki.ds.unipi.gr/pages/viewpage.action?pageId=44367916"
"pages/tech_selection_criteria.adoc","technical","11","url","http://wiki.ds.unipi.gr/display/ESPDInt/BIS+41+-+ESPD+V2.1.0#tbr070-013"
"pages/tech_selection_criteria.adoc","technical","15","image-url","https://kroki.io/pikchr/svg/eNrVVl1vmzAUfedXWKyT9lEikhZVnbSHhNEOqSVTQqfuqTLGCagEM-N89N_PQNIZAy5RN017SeR7r-89PvdcmxMKPgNzMIpT7U0Sp5jCsDRcWB9OqFZYtnFlGVmaNjE_gYDsQBFlZTuASEIoMHcWvAxCCyxipoWEVW7zreTW7vnuBOZsgMFH8M48Nd9rkFKybaShZFUGgiIZI-De1FZkgwGNlxEDZ4NLjpbhHQP63LlxbN-devo-SZBA9AggAxNTayvYXrFKfEKr0vcmYBFOefVtCoach2p5CNLm9rBOgz6_c_3xxL1x_R86KAibmIPiLypwDPhvC1EVkLMWnnh-WBUIYR7hEOh5gox8HTOD4qWRUbI4BTUT40iwYINrFhmrgOZRBvSW4uBAn4hbIpCj2Ef9iepiWnh8F87aujCSuuDYU29669oPV6439mx3fPMw98feF9e71stTSzxXp1PuaoAfKSTLvYNcIZ1ypHgQlHD7dzNv-t2ZKUD-DmkigmpIUIlpdMA0bFEcg2loMGIscbpv78ECN0vJkmcYdZjbFdifx3MJ88UeM-qCTCGLiQgkTnNxSXgyqpqLv3H6WsuGjUJHYRZzoeOn6bJtmixZlY791XNtPg7fZtMrZz7ntyxfPF8X3Vp9YWPjCJZSC1afmbLkmZo5V87M8WxnrkAqBjVRqefK6jVXVttcwSBO-MW5MLaEPlY9fjbl6yxLnmQjppsY4fwlyb46ce34wyPact7RlqBLVH3004YqUIMKejUl6GoKH7XFwmAYRQZiNBHYEjwSuavlihk_11CMXkBUMpzLcYcu6ELR0oHTTWM_IyTJGxikUijC6LGXMP73w9VkcIw4LzrEiSRx3o698bVz63i-Qp1iUBMXUsNCveSJ1PJ8osmTkZKS2gaBpZM_RMYqE33rAAnLgmUjX2W828XHGk5Zq3PvO0Jc_wparQXHSGPY9Z6EkjZsZ-a7V_xW8pUvSj2sCS5UYwt76SPs0kfJD_9u2HOW8_HhNgNhyrg5xJlg5zMpOHr1-PXpa1QMfwEhX7qi"
"pages/tech_selection_criteria.adoc","technical","15","url","https://kroki.io/pikchr/svg/eNrVVl1vmzAUfedXWKyT9lEikhZVnbSHhNEOqSVTQqfuqTLGCagEM-N89N_PQNIZAy5RN017SeR7r-89PvdcmxMKPgNzMIpT7U0Sp5jCsDRcWB9OqFZYtnFlGVmaNjE_gYDsQBFlZTuASEIoMHcWvAxCCyxipoWEVW7zreTW7vnuBOZsgMFH8M48Nd9rkFKybaShZFUGgiIZI-De1FZkgwGNlxEDZ4NLjpbhHQP63LlxbN-devo-SZBA9AggAxNTayvYXrFKfEKr0vcmYBFOefVtCoach2p5CNLm9rBOgz6_c_3xxL1x_R86KAibmIPiLypwDPhvC1EVkLMWnnh-WBUIYR7hEOh5gox8HTOD4qWRUbI4BTUT40iwYINrFhmrgOZRBvSW4uBAn4hbIpCj2Ef9iepiWnh8F87aujCSuuDYU29669oPV6439mx3fPMw98feF9e71stTSzxXp1PuaoAfKSTLvYNcIZ1ypHgQlHD7dzNv-t2ZKUD-DmkigmpIUIlpdMA0bFEcg2loMGIscbpv78ECN0vJkmcYdZjbFdifx3MJ88UeM-qCTCGLiQgkTnNxSXgyqpqLv3H6WsuGjUJHYRZzoeOn6bJtmixZlY791XNtPg7fZtMrZz7ntyxfPF8X3Vp9YWPjCJZSC1afmbLkmZo5V87M8WxnrkAqBjVRqefK6jVXVttcwSBO-MW5MLaEPlY9fjbl6yxLnmQjppsY4fwlyb46ce34wyPact7RlqBLVH3004YqUIMKejUl6GoKH7XFwmAYRQZiNBHYEjwSuavlihk_11CMXkBUMpzLcYcu6ELR0oHTTWM_IyTJGxikUijC6LGXMP73w9VkcIw4LzrEiSRx3o698bVz63i-Qp1iUBMXUsNCveSJ1PJ8osmTkZKS2gaBpZM_RMYqE33rAAnLgmUjX2W828XHGk5Zq3PvO0Jc_wparQXHSGPY9Z6EkjZsZ-a7V_xW8pUvSj2sCS5UYwt76SPs0kfJD_9u2HOW8_HhNgNhyrg5xJlg5zMpOHr1-PXpa1QMfwEhX7qi"
"pages/tech_selection_criteria.adoc","technical","17","url","https://niolesk.top/#https://kroki.io/pikchr/svg/eNrVVl1vmzAUfedXWKyT9lEikhZVnbSHhNEOqSVTQqfuqTLGCagEM-N89N_PQNIZAy5RN017SeR7r-89PvdcmxMKPgNzMIpT7U0Sp5jCsDRcWB9OqFZYtnFlGVmaNjE_gYDsQBFlZTuASEIoMHcWvAxCCyxipoWEVW7zreTW7vnuBOZsgMFH8M48Nd9rkFKybaShZFUGgiIZI-De1FZkgwGNlxEDZ4NLjpbhHQP63LlxbN-devo-SZBA9AggAxNTayvYXrFKfEKr0vcmYBFOefVtCoach2p5CNLm9rBOgz6_c_3xxL1x_R86KAibmIPiLypwDPhvC1EVkLMWnnh-WBUIYR7hEOh5gox8HTOD4qWRUbI4BTUT40iwYINrFhmrgOZRBvSW4uBAn4hbIpCj2Ef9iepiWnh8F87aujCSuuDYU29669oPV6439mx3fPMw98feF9e71stTSzxXp1PuaoAfKSTLvYNcIZ1ypHgQlHD7dzNv-t2ZKUD-DmkigmpIUIlpdMA0bFEcg2loMGIscbpv78ECN0vJkmcYdZjbFdifx3MJ88UeM-qCTCGLiQgkTnNxSXgyqpqLv3H6WsuGjUJHYRZzoeOn6bJtmixZlY791XNtPg7fZtMrZz7ntyxfPF8X3Vp9YWPjCJZSC1afmbLkmZo5V87M8WxnrkAqBjVRqefK6jVXVttcwSBO-MW5MLaEPlY9fjbl6yxLnmQjppsY4fwlyb46ce34wyPact7RlqBLVH3004YqUIMKejUl6GoKH7XFwmAYRQZiNBHYEjwSuavlihk_11CMXkBUMpzLcYcu6ELR0oHTTWM_IyTJGxikUijC6LGXMP73w9VkcIw4LzrEiSRx3o698bVz63i-Qp1iUBMXUsNCveSJ1PJ8osmTkZKS2gaBpZM_RMYqE33rAAnLgmUjX2W828XHGk5Zq3PvO0Jc_wparQXHSGPY9Z6EkjZsZ-a7V_xW8pUvSj2sCS5UYwt76SPs0kfJD_9u2HOW8_HhNgNhyrg5xJlg5zMpOHr1-PXpa1QMfwEhX7qi"
"pages/tech_selection_criteria.adoc","technical","26","image-url","https://kroki.io/blockdiag/svg/eNrtVMtuEzEUXWe-wjIbkIZk0oICiWCRF6oUqooWsUDVyLHvzLj12CPbU5JW2fMVfBxfgj3J5EFKirpACDGL6Obe4-Nj-9w7FYpeM05SdBe0WuiMpIBaFmgmOSWiimINplDSQDOzuUAn-U-YmPuMaV2AZKC5TAeaWxcoGVNCz7SipYYcpHXhFVA7UfYDJKBBUmheFSl6Ouapg6DX7SZyK7r7RC2fPsz0zMs_B4tMQSTKwWo-CxCq_sZfOLMZeoM6L3vrXAY8zaxLto-qJIOElMLGiZLW8FvwlRdVJUi1Kgt0C1rFy_AuCKgSSjsMfjLqjKJxG_eCAN-vHqPnbxGGme1-7E9GMwvSuKzBIcJ0Srsnwzpar7iYFzBQDDD6zLjfRSoJl4f5PcEpyaEmG4Khmhe2AmzRhEiQKQgvPWo2v3_9hn-D-FN1Wadl7vK03mFcioQL_x4nkjkrWKUPlNZnWkFGN0SUxMt7DzZT7LFnXkrzNXen3MEqzu3T-w0f9E-NGqg8V4zb-UAQY3jixW-RnJfTe8SsihNIuRE7-H2w27sAbefvvJMefJmV9xKujV2br4H3af31OTaTkcJb1yEdgk3VLES1-486UWjsXPg6IyYDFqKNjYf94fGo73TvNMBlL2g00AY2FYRe42XSOktv1o_Hkftw1TGrrxYjuISd_I6IJVn187gmCQ-bP_zzFg7_BWsGjUWwqKfq0kNWOaMyMGE9LZG_AUDcuCn66pe9Gv5_2L9r5hyaEsdR5Jp-8QNaPcW1"
"pages/tech_selection_criteria.adoc","technical","26","url","https://kroki.io/blockdiag/svg/eNrtVMtuEzEUXWe-wjIbkIZk0oICiWCRF6oUqooWsUDVyLHvzLj12CPbU5JW2fMVfBxfgj3J5EFKirpACDGL6Obe4-Nj-9w7FYpeM05SdBe0WuiMpIBaFmgmOSWiimINplDSQDOzuUAn-U-YmPuMaV2AZKC5TAeaWxcoGVNCz7SipYYcpHXhFVA7UfYDJKBBUmheFSl6Ouapg6DX7SZyK7r7RC2fPsz0zMs_B4tMQSTKwWo-CxCq_sZfOLMZeoM6L3vrXAY8zaxLto-qJIOElMLGiZLW8FvwlRdVJUi1Kgt0C1rFy_AuCKgSSjsMfjLqjKJxG_eCAN-vHqPnbxGGme1-7E9GMwvSuKzBIcJ0Srsnwzpar7iYFzBQDDD6zLjfRSoJl4f5PcEpyaEmG4Khmhe2AmzRhEiQKQgvPWo2v3_9hn-D-FN1Wadl7vK03mFcioQL_x4nkjkrWKUPlNZnWkFGN0SUxMt7DzZT7LFnXkrzNXen3MEqzu3T-w0f9E-NGqg8V4zb-UAQY3jixW-RnJfTe8SsihNIuRE7-H2w27sAbefvvJMefJmV9xKujV2br4H3af31OTaTkcJb1yEdgk3VLES1-486UWjsXPg6IyYDFqKNjYf94fGo73TvNMBlL2g00AY2FYRe42XSOktv1o_Hkftw1TGrrxYjuISd_I6IJVn187gmCQ-bP_zzFg7_BWsGjUWwqKfq0kNWOaMyMGE9LZG_AUDcuCn66pe9Gv5_2L9r5hyaEsdR5Jp-8QNaPcW1"
"pages/tech_selection_criteria.adoc","technical","28","url","https://niolesk.top/#https://kroki.io/blockdiag/svg/eNrtVMtuEzEUXWe-wjIbkIZk0oICiWCRF6oUqooWsUDVyLHvzLj12CPbU5JW2fMVfBxfgj3J5EFKirpACDGL6Obe4-Nj-9w7FYpeM05SdBe0WuiMpIBaFmgmOSWiimINplDSQDOzuUAn-U-YmPuMaV2AZKC5TAeaWxcoGVNCz7SipYYcpHXhFVA7UfYDJKBBUmheFSl6Ouapg6DX7SZyK7r7RC2fPsz0zMs_B4tMQSTKwWo-CxCq_sZfOLMZeoM6L3vrXAY8zaxLto-qJIOElMLGiZLW8FvwlRdVJUi1Kgt0C1rFy_AuCKgSSjsMfjLqjKJxG_eCAN-vHqPnbxGGme1-7E9GMwvSuKzBIcJ0Srsnwzpar7iYFzBQDDD6zLjfRSoJl4f5PcEpyaEmG4Khmhe2AmzRhEiQKQgvPWo2v3_9hn-D-FN1Wadl7vK03mFcioQL_x4nkjkrWKUPlNZnWkFGN0SUxMt7DzZT7LFnXkrzNXen3MEqzu3T-w0f9E-NGqg8V4zb-UAQY3jixW-RnJfTe8SsihNIuRE7-H2w27sAbefvvJMefJmV9xKujV2br4H3af31OTaTkcJb1yEdgk3VLES1-486UWjsXPg6IyYDFqKNjYf94fGo73TvNMBlL2g00AY2FYRe42XSOktv1o_Hkftw1TGrrxYjuISd_I6IJVn187gmCQ-bP_zzFg7_BWsGjUWwqKfq0kNWOaMyMGE9LZG_AUDcuCn66pe9Gv5_2L9r5hyaEsdR5Jp-8QNaPcW1"
"pages/tech_selection_criteria.adoc","technical","63","url","http://wiki.ds.unipi.gr/pages/viewpage.action?pageId=44367916"
"pages/tech_selection_criteria.adoc","technical","63","url","http://wiki.ds.unipi.gr/display/ESPDInt/BIS+41+-+ESPD+V2.1.0#tbr070-003"
"pages/tech_selection_criteria.adoc","technical","91","url","https://docs.ted.europa.eu/espd-demo/"
"pages/tech_selection_criteria.adoc","technical","116","url","https://docs.ted.europa.eu/espd-demo/"
"pages/tech_selection_criteria.adoc","technical","133","url","http://wiki.ds.unipi.gr/pages/viewpage.action?pageId=44367916"
"pages/tech_selection_criteria.adoc","technical","133","url","http://wiki.ds.unipi.gr/display/ESPDInt/BIS+41+-+ESPD+V2.1.0#tbr070-008"
"pages/tech_selection_criteria.adoc","technical","197","url","https://docs.ted.europa.eu/espd-demo/"
"pages/tech_selection_criteria.adoc","technical","240","url","https://docs.ted.europa.eu/espd-demo/"
"pages/tech_selection_criteria.adoc","technical","298","url","https://docs.ted.europa.eu/espd-demo/"
"pages/tech_selection_criteria.adoc","technical","330","url","https://docs.ted.europa.eu/espd-demo/"
"pages/tech_selection_criteria.adoc","technical","337","url","http://wiki.ds.unipi.gr/pages/viewpage.action?pageId=44367916"
"pages/tech_selection_criteria.adoc","technical","337","url","http://wiki.ds.unipi.gr/pages/viewpage.action?pageId=44367916#tbr070-013"
"pages/tech_selection_criteria.adoc","technical","341","url","https://www.bach.banque-france.fr/"
"pages/tech_selection_criteria.adoc","technical","380","url","https://docs.ted.europa.eu/espd-demo/"
"pages/tech_selection_criteria.adoc","technical","403","url","http://wiki.ds.unipi.gr/pages/viewpage.action?pageId=44367916"
"pages/tech_selection_criteria.adoc","technical","458","url","https://docs.ted.europa.eu/espd-demo/"
"pages/tech_selection_criteria.adoc","technical","464","url","http://wiki.ds.unipi.gr/pages/viewpage.action?pageId=44367916"
"pages/tech_selection_criteria.adoc","technical","517","url","https://docs.ted.europa.eu/espd-demo/"
"pages/tech_selection_criteria.adoc","technical","523","url","http://wiki.ds.unipi.gr/pages/viewpage.action?pageId=44367916"
"pages/tech_selection_criteria.adoc","technical","599","url","https://docs.ted.europa.eu/espd-demo/"
"pages/tech_selection_criteria.adoc","technical","623","url","http://wiki.ds.unipi.gr/pages/viewpage.action?pageId=44367916"
"pages/tech_selection_criteria.adoc","technical","687","url","https://docs.ted.europa.eu/espd-demo/"
"pages/tech_selection_criteria.adoc","technical","704","url","https://docs.ted.europa.eu/espd-demo/"
"pages/tech_selection_criteria.adoc","technical","724","url","https://ec.europa.eu/esco/portal"
"pages/tech_selection_criteria.adoc","technical","728","url","https://eur-lex.europa.eu/legal-content/EN/TXT/?uri=uriserv%3AOJ.L_.2016.107.01.0001.01.ENG"
"pages/tech_selection_criteria.adoc","technical","730","url","https://eur-lex.europa.eu/legal-content/EN/TXT/PDF/?uri=CELEX:32018D1020&from=EN"
"pages/tech_selection_criteria.adoc","technical","731","url","https://eur-lex.europa.eu/legal-content/EN/TXT/PDF/?uri=CELEX:32018D1021&from=EN"
"pages/tech_selection_criteria.adoc","technical","739","url","https://docs.ted.europa.eu/espd-demo/"
"pages/tech_selection_criteria.adoc","technical","786","url","https://docs.ted.europa.eu/espd-demo/"
"pages/tech_selection_criteria.adoc","technical","805","url","https://docs.ted.europa.eu/espd-demo/"
"pages/tech_selection_criteria.adoc","technical","811","url","http://wiki.ds.unipi.gr/pages/viewpage.action?pageId=44367916"
"pages/tech_selection_criteria.adoc","technical","847","url","https://docs.ted.europa.eu/espd-demo/"
"pages/tech_selection_criteria.adoc","technical","854","url","http://wiki.ds.unipi.gr/pages/viewpage.action?pageId=44367916"
"pages/tech_selection_criteria.adoc","technical","891","url","https://docs.ted.europa.eu/espd-demo/"
"pages/tech_selection_criteria.adoc","technical","897","url","http://wiki.ds.unipi.gr/pages/viewpage.action?pageId=44367916"
"pages/tech_selection_criteria.adoc","technical","938","url","https://docs.ted.europa.eu/espd-demo/"
"pages/tech_selection_criteria.adoc","technical","949","url","https://eur-lex.europa.eu/legal-content/EN/TXT/PDF/?uri=CELEX:32016R0007&from=EN"
"pages/tech_selection_criteria.adoc","technical","973","url","https://docs.ted.europa.eu/espd-demo/"
"pages/tech_validation.adoc","technical","9","url","http://www.schematron.com/"
"pages/tech_validation.adoc","technical","25","image-url","https://kroki.io/pikchr/svg/eNqdVNtu2kAUfPdXHFl5SJrg7C4Y4zSNZC6p8tAQpWn6UKrKlzVsZbzIXgd467f00_olPTbYBoLktKwQsHjnzJmdOScJfABiMBFrgVzGmubQK_DkChI3AHOxAv1exq2BDDhEIlXQz1IR8zSFJIt4qoMnpvh4FIAvI5nAciYUh1BEEZAVuTU7tglLEagZUPPdSYLw7AoUXynQ__z6DWMvElNXCRmDkpClHGSM7wTmMuHAIz7nsUoh4AseByKe4t8g1YwnWA438oPpex2inxlSm2gbDmRFbTboDHDDVdibBR6P5BIcCudw2iKGeUHONKe9S-RpxuHFjTKeQigjfDoFFxauUjyJGwpQgxwv0Nkt4CiVCC9TZZlG0PZxUHMX9D6be6iFDGupFol8EQEPGvG7R_E1x3LLCte-51_dDXUoAVif9bsWAiwFXqixBARyKH624BQtZF4wg55piZjOFOJ4JU7qz5CcM-Wxv74bfqjxbmnfsQcHeJZr8A0gtYuOLb8EmuijL63B-FNr_DDRaxjLbg8ZPYTxShi2Ec4KSpib-mglyd5Rf59BkQvH4uV5Rqh1-QC0w1rMbpuMENKAWGnUJqgRM2uRwkrsy43aNw1yW3y_L22EeeVRJBYYHh0aXnqxjiPSAtHIMfvbGaDDc27WKhKYvDIUmMkQB0EA3jrfrt2mw0OGqfaLVKcwDkPho3Tfvm_W5eft11a5ky9j9_w4jtYgQsgFGUo_y439tF7wYgiJFCb602j4Y3A_0fFYMXuEcrHiK8N32z2r3y2n0ci8pbdD_KUOBOhg_-d5_3n7aGAtwsYgTOQc-vnN4WQaUQO31Ayn5NYOvSomcH2M6FtTUziiNkSvSk0-bZvT0qvSwlhh895OWpDTIw8HMlZbYo2p6R2kZtusXTeb03prlPebtKombe9Voj8-jr82srPdo-wo2af3zJMUvfev_LoVP0p2CBJmEEwFaWSHNA5GDiXVZdxsLNs0J0itP9lCBPsT4tBnTfMCORyI1mdluI_79lii9Dx3czcOXCWTtaH_b9QKuxZZs3IyfwEaPHCr"
"pages/tech_validation.adoc","technical","25","url","https://kroki.io/pikchr/svg/eNqdVNtu2kAUfPdXHFl5SJrg7C4Y4zSNZC6p8tAQpWn6UKrKlzVsZbzIXgd467f00_olPTbYBoLktKwQsHjnzJmdOScJfABiMBFrgVzGmubQK_DkChI3AHOxAv1exq2BDDhEIlXQz1IR8zSFJIt4qoMnpvh4FIAvI5nAciYUh1BEEZAVuTU7tglLEagZUPPdSYLw7AoUXynQ__z6DWMvElNXCRmDkpClHGSM7wTmMuHAIz7nsUoh4AseByKe4t8g1YwnWA438oPpex2inxlSm2gbDmRFbTboDHDDVdibBR6P5BIcCudw2iKGeUHONKe9S-RpxuHFjTKeQigjfDoFFxauUjyJGwpQgxwv0Nkt4CiVCC9TZZlG0PZxUHMX9D6be6iFDGupFol8EQEPGvG7R_E1x3LLCte-51_dDXUoAVif9bsWAiwFXqixBARyKH624BQtZF4wg55piZjOFOJ4JU7qz5CcM-Wxv74bfqjxbmnfsQcHeJZr8A0gtYuOLb8EmuijL63B-FNr_DDRaxjLbg8ZPYTxShi2Ec4KSpib-mglyd5Rf59BkQvH4uV5Rqh1-QC0w1rMbpuMENKAWGnUJqgRM2uRwkrsy43aNw1yW3y_L22EeeVRJBYYHh0aXnqxjiPSAtHIMfvbGaDDc27WKhKYvDIUmMkQB0EA3jrfrt2mw0OGqfaLVKcwDkPho3Tfvm_W5eft11a5ky9j9_w4jtYgQsgFGUo_y439tF7wYgiJFCb602j4Y3A_0fFYMXuEcrHiK8N32z2r3y2n0ci8pbdD_KUOBOhg_-d5_3n7aGAtwsYgTOQc-vnN4WQaUQO31Ayn5NYOvSomcH2M6FtTUziiNkSvSk0-bZvT0qvSwlhh895OWpDTIw8HMlZbYo2p6R2kZtusXTeb03prlPebtKombe9Voj8-jr82srPdo-wo2af3zJMUvfev_LoVP0p2CBJmEEwFaWSHNA5GDiXVZdxsLNs0J0itP9lCBPsT4tBnTfMCORyI1mdluI_79lii9Dx3czcOXCWTtaH_b9QKuxZZs3IyfwEaPHCr"
"pages/tech_validation.adoc","technical","27","url","https://niolesk.top/#https://kroki.io/pikchr/svg/eNqdVNtu2kAUfPdXHFl5SJrg7C4Y4zSNZC6p8tAQpWn6UKrKlzVsZbzIXgd467f00_olPTbYBoLktKwQsHjnzJmdOScJfABiMBFrgVzGmubQK_DkChI3AHOxAv1exq2BDDhEIlXQz1IR8zSFJIt4qoMnpvh4FIAvI5nAciYUh1BEEZAVuTU7tglLEagZUPPdSYLw7AoUXynQ__z6DWMvElNXCRmDkpClHGSM7wTmMuHAIz7nsUoh4AseByKe4t8g1YwnWA438oPpex2inxlSm2gbDmRFbTboDHDDVdibBR6P5BIcCudw2iKGeUHONKe9S-RpxuHFjTKeQigjfDoFFxauUjyJGwpQgxwv0Nkt4CiVCC9TZZlG0PZxUHMX9D6be6iFDGupFol8EQEPGvG7R_E1x3LLCte-51_dDXUoAVif9bsWAiwFXqixBARyKH624BQtZF4wg55piZjOFOJ4JU7qz5CcM-Wxv74bfqjxbmnfsQcHeJZr8A0gtYuOLb8EmuijL63B-FNr_DDRaxjLbg8ZPYTxShi2Ec4KSpib-mglyd5Rf59BkQvH4uV5Rqh1-QC0w1rMbpuMENKAWGnUJqgRM2uRwkrsy43aNw1yW3y_L22EeeVRJBYYHh0aXnqxjiPSAtHIMfvbGaDDc27WKhKYvDIUmMkQB0EA3jrfrt2mw0OGqfaLVKcwDkPho3Tfvm_W5eft11a5ky9j9_w4jtYgQsgFGUo_y439tF7wYgiJFCb602j4Y3A_0fFYMXuEcrHiK8N32z2r3y2n0ci8pbdD_KUOBOhg_-d5_3n7aGAtwsYgTOQc-vnN4WQaUQO31Ayn5NYOvSomcH2M6FtTUziiNkSvSk0-bZvT0qvSwlhh895OWpDTIw8HMlZbYo2p6R2kZtusXTeb03prlPebtKombe9Voj8-jr82srPdo-wo2af3zJMUvfev_LoVP0p2CBJmEEwFaWSHNA5GDiXVZdxsLNs0J0itP9lCBPsT4tBnTfMCORyI1mdluI_79lii9Dx3czcOXCWTtaH_b9QKuxZZs3IyfwEaPHCr"
"pages/tech_validation.adoc","technical","42","image-url","https://kroki.io/pikchr/svg/eNqtVV1v2jAUfc-vuIo6CQpEsSHtQNokSkGbRNVp8NCHvYRggqUQI8cZ6X79ru0ESCr6oQ2EhH19zzm-X76S8AV8j_LUWcWRSIRZF7PZxPd9xxmTEaxEATJcA9kX4C4m31zYMh5vFRAvuL6ScOBrtQVqFxbCL8iQTgYT2PAkOcKBE0opDtD76ozpCCIuo4RZ6EBju5e87_UXV-oMoN8QNskzJXb8D1u74D4t5r3lh-AG_6onaOj5yfbibQD45djwjYln_nR8j_AUt8sYt9Bg_7Y7CU8ZHur5Xl9nxh-BYoUCl7hInaxhxWPzs6SrJGcGHtG9FEKlOTLoQcvvYsLbGoJUEN8Xj1AGzW0tmdzxNFRCtl1EaNyhDklPkH0DSSvIp4d59qb7oOFOwxHYmPL0N8_4ChOyFocU-v4n2Eixs5fAk8WlkyR4cbSStIi2bBcqKVIYy2jLFYtULpl7FrULOkkZOoz9bdDFhiGo1tKXVARPKmECUjfQ0oBXdZyqRHR9lRlGlUUH3QpMPUVa0B9bFK2qKqADBLurfTIfpWHgrsvCgFRI3BcbjZk6zh2P70Rh67Ik-6x7tMZBB7Utg3vQwJoQErZRFeDBZMojXV2ARykrtuXpGg9UG1WN92d0RkChtQxtLMNnx5ljzWm9p7gd8HYV7q2vgWOB1zLjZMvCNU9jIDcB7qstSwGNw3PT0D-zkMtOddP74JoqApw7x7aj72y7-antsGimtDlS3foErQ_XV-epSX-AKUiw3Coa6g27pj6nlP4HJjuqakx7yX5zkWfIZzJn5kmgCfvHKYpcx0H6NjJ9Ce04y-lxljyEaR4myTOsWcbjVM_4BqiNtylcjLDH0Ltfef-QImJZBo-52ufqdVdqXAcN19d9-h4rSzgwKV5Ogw-MZqZBbKtaHILh6PaoTqEFuTeXhhDbjO_2CduxVGFjMcDHWEeTZZ4LZ2DIXzUVxdRYSTcfLVuNYhNsMcqHoiZgFaoIxxT6C1zifMJBxwoW5QqFYJb1mUyxfWbEx8x6bfBxSUDiAylVU_lNpXxgWP8CxFZ7nw=="
"pages/tech_validation.adoc","technical","42","url","https://kroki.io/pikchr/svg/eNqtVV1v2jAUfc-vuIo6CQpEsSHtQNokSkGbRNVp8NCHvYRggqUQI8cZ6X79ru0ESCr6oQ2EhH19zzm-X76S8AV8j_LUWcWRSIRZF7PZxPd9xxmTEaxEATJcA9kX4C4m31zYMh5vFRAvuL6ScOBrtQVqFxbCL8iQTgYT2PAkOcKBE0opDtD76ozpCCIuo4RZ6EBju5e87_UXV-oMoN8QNskzJXb8D1u74D4t5r3lh-AG_6onaOj5yfbibQD45djwjYln_nR8j_AUt8sYt9Bg_7Y7CU8ZHur5Xl9nxh-BYoUCl7hInaxhxWPzs6SrJGcGHtG9FEKlOTLoQcvvYsLbGoJUEN8Xj1AGzW0tmdzxNFRCtl1EaNyhDklPkH0DSSvIp4d59qb7oOFOwxHYmPL0N8_4ChOyFocU-v4n2Eixs5fAk8WlkyR4cbSStIi2bBcqKVIYy2jLFYtULpl7FrULOkkZOoz9bdDFhiGo1tKXVARPKmECUjfQ0oBXdZyqRHR9lRlGlUUH3QpMPUVa0B9bFK2qKqADBLurfTIfpWHgrsvCgFRI3BcbjZk6zh2P70Rh67Ik-6x7tMZBB7Utg3vQwJoQErZRFeDBZMojXV2ARykrtuXpGg9UG1WN92d0RkChtQxtLMNnx5ljzWm9p7gd8HYV7q2vgWOB1zLjZMvCNU9jIDcB7qstSwGNw3PT0D-zkMtOddP74JoqApw7x7aj72y7-antsGimtDlS3foErQ_XV-epSX-AKUiw3Coa6g27pj6nlP4HJjuqakx7yX5zkWfIZzJn5kmgCfvHKYpcx0H6NjJ9Ce04y-lxljyEaR4myTOsWcbjVM_4BqiNtylcjLDH0Ltfef-QImJZBo-52ufqdVdqXAcN19d9-h4rSzgwKV5Ogw-MZqZBbKtaHILh6PaoTqEFuTeXhhDbjO_2CduxVGFjMcDHWEeTZZ4LZ2DIXzUVxdRYSTcfLVuNYhNsMcqHoiZgFaoIxxT6C1zifMJBxwoW5QqFYJb1mUyxfWbEx8x6bfBxSUDiAylVU_lNpXxgWP8CxFZ7nw=="
"pages/tech_validation.adoc","technical","44","url","https://niolesk.top/#https://kroki.io/pikchr/svg/eNqtVV1v2jAUfc-vuIo6CQpEsSHtQNokSkGbRNVp8NCHvYRggqUQI8cZ6X79ru0ESCr6oQ2EhH19zzm-X76S8AV8j_LUWcWRSIRZF7PZxPd9xxmTEaxEATJcA9kX4C4m31zYMh5vFRAvuL6ScOBrtQVqFxbCL8iQTgYT2PAkOcKBE0opDtD76ozpCCIuo4RZ6EBju5e87_UXV-oMoN8QNskzJXb8D1u74D4t5r3lh-AG_6onaOj5yfbibQD45djwjYln_nR8j_AUt8sYt9Bg_7Y7CU8ZHur5Xl9nxh-BYoUCl7hInaxhxWPzs6SrJGcGHtG9FEKlOTLoQcvvYsLbGoJUEN8Xj1AGzW0tmdzxNFRCtl1EaNyhDklPkH0DSSvIp4d59qb7oOFOwxHYmPL0N8_4ChOyFocU-v4n2Eixs5fAk8WlkyR4cbSStIi2bBcqKVIYy2jLFYtULpl7FrULOkkZOoz9bdDFhiGo1tKXVARPKmECUjfQ0oBXdZyqRHR9lRlGlUUH3QpMPUVa0B9bFK2qKqADBLurfTIfpWHgrsvCgFRI3BcbjZk6zh2P70Rh67Ik-6x7tMZBB7Utg3vQwJoQErZRFeDBZMojXV2ARykrtuXpGg9UG1WN92d0RkChtQxtLMNnx5ljzWm9p7gd8HYV7q2vgWOB1zLjZMvCNU9jIDcB7qstSwGNw3PT0D-zkMtOddP74JoqApw7x7aj72y7-antsGimtDlS3foErQ_XV-epSX-AKUiw3Coa6g27pj6nlP4HJjuqakx7yX5zkWfIZzJn5kmgCfvHKYpcx0H6NjJ9Ce04y-lxljyEaR4myTOsWcbjVM_4BqiNtylcjLDH0Ltfef-QImJZBo-52ufqdVdqXAcN19d9-h4rSzgwKV5Ogw-MZqZBbKtaHILh6PaoTqEFuTeXhhDbjO_2CduxVGFjMcDHWEeTZZ4LZ2DIXzUVxdRYSTcfLVuNYhNsMcqHoiZgFaoIxxT6C1zifMJBxwoW5QqFYJb1mUyxfWbEx8x6bfBxSUDiAylVU_lNpXxgWP8CxFZ7nw=="
"pages/tech_validation.adoc","technical","52","image-url","https://kroki.io/plantuml/svg/eNq9Vl1v2jAUfW5-hZU-0D4kTgTTBgpuC120SZ06rUyaNO3BOA6JcGxkOwVp9L_PCWEqBPeDffgpur733HPPta9zqTSWuiyYk-UJBakQeipWjprnfIElLsBPB4AxlslIyITKSZaTOadKgcDYR5jMZ1KUPBkLJiRYZrmmlb323dimzDgZWyy4fmx5cB4lISZBncmOuYt6GseBWRVKHUu-O1FqMgwKwYVaYEITFJHKdXDa6_Z7VzGKLlYFA_dUqlzwoRv6gQsoJyLJ-Wzofp3E3jv3AkWwjkJ2uLDbjd8bOEUyWuCtP9hux-Hoqj9GJhdXw-3udvN69KYXBMjNtF4MIFyUkvmCMOILOYOJShjcoGopuNuCbgqpoQcrxfbRm9TPZV0ul_6yW6cM-_0-_HZ3AycSc5UKWbj7wU25TwjTtpzsa7XAWlPJ_6dYDXSeWHFHX7zx7SfvdvLhiKIbT1l9ThHYWesITpEFMpIlozayxCShK21lTKZkAD5LkeaMfrz-l6xfHnpH9W5oq_lYKSq1rWZNlb3gSo2z82Gn54cda4tThmdWhBRrzI48HeZkeMFbLwifVbqx15MNdao2_e5SBxSl0qBUFOiMgnvMSroXttV0XYsp0uMaYQIPN2LDyjUauuBshxsYgo7tnNZEvYrMYekUZZTYO-fva9bgwtbFaEQ7921M4OYAIYtqL1hrsIEwg18dI251Z9XBa_0KEn--jryhrdAT3_f_4kSDlTxP8GoNBNg8B694bJtRj5wfziXliflf-QV3ibFn"
"pages/tech_validation.adoc","technical","52","url","https://kroki.io/plantuml/svg/eNq9Vl1v2jAUfW5-hZU-0D4kTgTTBgpuC120SZ06rUyaNO3BOA6JcGxkOwVp9L_PCWEqBPeDffgpur733HPPta9zqTSWuiyYk-UJBakQeipWjprnfIElLsBPB4AxlslIyITKSZaTOadKgcDYR5jMZ1KUPBkLJiRYZrmmlb323dimzDgZWyy4fmx5cB4lISZBncmOuYt6GseBWRVKHUu-O1FqMgwKwYVaYEITFJHKdXDa6_Z7VzGKLlYFA_dUqlzwoRv6gQsoJyLJ-Wzofp3E3jv3AkWwjkJ2uLDbjd8bOEUyWuCtP9hux-Hoqj9GJhdXw-3udvN69KYXBMjNtF4MIFyUkvmCMOILOYOJShjcoGopuNuCbgqpoQcrxfbRm9TPZV0ul_6yW6cM-_0-_HZ3AycSc5UKWbj7wU25TwjTtpzsa7XAWlPJ_6dYDXSeWHFHX7zx7SfvdvLhiKIbT1l9ThHYWesITpEFMpIlozayxCShK21lTKZkAD5LkeaMfrz-l6xfHnpH9W5oq_lYKSq1rWZNlb3gSo2z82Gn54cda4tThmdWhBRrzI48HeZkeMFbLwifVbqx15MNdao2_e5SBxSl0qBUFOiMgnvMSroXttV0XYsp0uMaYQIPN2LDyjUauuBshxsYgo7tnNZEvYrMYekUZZTYO-fva9bgwtbFaEQ7921M4OYAIYtqL1hrsIEwg18dI251Z9XBa_0KEn--jryhrdAT3_f_4kSDlTxP8GoNBNg8B694bJtRj5wfziXliflf-QV3ibFn"
"pages/tech_validation.adoc","technical","54","url","https://niolesk.top/#https://kroki.io/plantuml/svg/eNq9Vl1v2jAUfW5-hZU-0D4kTgTTBgpuC120SZ06rUyaNO3BOA6JcGxkOwVp9L_PCWEqBPeDffgpur733HPPta9zqTSWuiyYk-UJBakQeipWjprnfIElLsBPB4AxlslIyITKSZaTOadKgcDYR5jMZ1KUPBkLJiRYZrmmlb323dimzDgZWyy4fmx5cB4lISZBncmOuYt6GseBWRVKHUu-O1FqMgwKwYVaYEITFJHKdXDa6_Z7VzGKLlYFA_dUqlzwoRv6gQsoJyLJ-Wzofp3E3jv3AkWwjkJ2uLDbjd8bOEUyWuCtP9hux-Hoqj9GJhdXw-3udvN69KYXBMjNtF4MIFyUkvmCMOILOYOJShjcoGopuNuCbgqpoQcrxfbRm9TPZV0ul_6yW6cM-_0-_HZ3AycSc5UKWbj7wU25TwjTtpzsa7XAWlPJ_6dYDXSeWHFHX7zx7SfvdvLhiKIbT1l9ThHYWesITpEFMpIlozayxCShK21lTKZkAD5LkeaMfrz-l6xfHnpH9W5oq_lYKSq1rWZNlb3gSo2z82Gn54cda4tThmdWhBRrzI48HeZkeMFbLwifVbqx15MNdao2_e5SBxSl0qBUFOiMgnvMSroXttV0XYsp0uMaYQIPN2LDyjUauuBshxsYgo7tnNZEvYrMYekUZZTYO-fva9bgwtbFaEQ7921M4OYAIYtqL1hrsIEwg18dI251Z9XBa_0KEn--jryhrdAT3_f_4kSDlTxP8GoNBNg8B694bJtRj5wfziXliflf-QV3ibFn"
"pages/tech_validation.adoc","technical","61","url","https://github.com/SCHEMATRON"
"pages/tech_validation.adoc","technical","63","image-url","https://kroki.io/pikchr/svg/eNq1k0Fu2zAQRfc8xUDIIk5tgZTtuDaahWLEaAB3pS66MGDQFi2xpciAZCAve5YcLSfpUFQcpwVSoEA3AsUR__z3h7qwcAM0zaQmpWk1ITlbgBdHD8nXWjrYJHkB98UmgR13-C71Xj2WwiWgvj86T_Ls5fPnn0_wrVjDQSrhwBvwlmt3MLZZ9B_DhuyNMhbokc2z5WSJG9yH7rATyrSQMxjB5Qg3hjSlAzQzPlcvlp-DLjb5m-D1q-AHuKTpdBjUyBrZlNQCDtY0kI9T0fVjKRuGpnSA5yuD5ydXFxZqwUupK8imU9z3tdCAxey8xD7Ss9K7534rMvpvoniOEG4twr1CdIyY2SDEs-6YkYcNIezUUscHISvkD-OBpMtwZ1TZB-UartSbZwy2sgJttLL0NTqZRyeyqj1gaOFtQ1qJtRRDxeTXLCx6OxA8YOxxgF-Ec7wSo2Jfi4Z7a_TIC9tIzb2x6dGpBKJSG4RWLM4mUCDEy5Sz2eRuNkOQ7D-DYH_Xg8w7kPH4RCKd2boTxdb9EEp4XOBV3yKHZ3_SZO_S5BZx4ky7QSWfUGAhmwdjfRLHHPxA-EHjVekuh-3s48RRvj37FXrZaPaNFFrBXqf-89vr1Yz-AvghLqo="
"pages/tech_validation.adoc","technical","63","url","https://kroki.io/pikchr/svg/eNq1k0Fu2zAQRfc8xUDIIk5tgZTtuDaahWLEaAB3pS66MGDQFi2xpciAZCAve5YcLSfpUFQcpwVSoEA3AsUR__z3h7qwcAM0zaQmpWk1ITlbgBdHD8nXWjrYJHkB98UmgR13-C71Xj2WwiWgvj86T_Ls5fPnn0_wrVjDQSrhwBvwlmt3MLZZ9B_DhuyNMhbokc2z5WSJG9yH7rATyrSQMxjB5Qg3hjSlAzQzPlcvlp-DLjb5m-D1q-AHuKTpdBjUyBrZlNQCDtY0kI9T0fVjKRuGpnSA5yuD5ydXFxZqwUupK8imU9z3tdCAxey8xD7Ss9K7534rMvpvoniOEG4twr1CdIyY2SDEs-6YkYcNIezUUscHISvkD-OBpMtwZ1TZB-UartSbZwy2sgJttLL0NTqZRyeyqj1gaOFtQ1qJtRRDxeTXLCx6OxA8YOxxgF-Ec7wSo2Jfi4Z7a_TIC9tIzb2x6dGpBKJSG4RWLM4mUCDEy5Sz2eRuNkOQ7D-DYH_Xg8w7kPH4RCKd2boTxdb9EEp4XOBV3yKHZ3_SZO_S5BZx4ky7QSWfUGAhmwdjfRLHHPxA-EHjVekuh-3s48RRvj37FXrZaPaNFFrBXqf-89vr1Yz-AvghLqo="
"pages/tech_validation.adoc","technical","65","url","https://niolesk.top/#https://kroki.io/pikchr/svg/eNq1k0Fu2zAQRfc8xUDIIk5tgZTtuDaahWLEaAB3pS66MGDQFi2xpciAZCAve5YcLSfpUFQcpwVSoEA3AsUR__z3h7qwcAM0zaQmpWk1ITlbgBdHD8nXWjrYJHkB98UmgR13-C71Xj2WwiWgvj86T_Ls5fPnn0_wrVjDQSrhwBvwlmt3MLZZ9B_DhuyNMhbokc2z5WSJG9yH7rATyrSQMxjB5Qg3hjSlAzQzPlcvlp-DLjb5m-D1q-AHuKTpdBjUyBrZlNQCDtY0kI9T0fVjKRuGpnSA5yuD5ydXFxZqwUupK8imU9z3tdCAxey8xD7Ss9K7534rMvpvoniOEG4twr1CdIyY2SDEs-6YkYcNIezUUscHISvkD-OBpMtwZ1TZB-UartSbZwy2sgJttLL0NTqZRyeyqj1gaOFtQ1qJtRRDxeTXLCx6OxA8YOxxgF-Ec7wSo2Jfi4Z7a_TIC9tIzb2x6dGpBKJSG4RWLM4mUCDEy5Sz2eRuNkOQ7D-DYH_Xg8w7kPH4RCKd2boTxdb9EEp4XOBV3yKHZ3_SZO_S5BZx4ky7QSWfUGAhmwdjfRLHHPxA-EHjVekuh-3s48RRvj37FXrZaPaNFFrBXqf-89vr1Yz-AvghLqo="
"pages/tech_validation.adoc","technical","67","url","http://saxon.sourceforge.net/"
"pages/tech_validation.adoc","technical","69","image-url","https://kroki.io/pikchr/svg/eNrNVF1r2zAUffevuJg-rEstLNnulsAGqTuzjZRBU8Ye9qI4qq3NkYoslvz8Xfkj2FlIA-tgGBvke3Tuufdc6cLAOwgJk8rzMjqDR1kJ8JfpRx9WulpDveFVNfrmutIGVhXPf8JWrm2J26evLwyUQhalBUoiXHlW7Ow5ROGOxfGHtyFwCxn1uDF6C7aUCoL33pzNIJcmd5r8IxSIQxU9EZ2yNE5dCRWuslv34MoekGasL_PbcvGMusIIoU6VeaA3_hd6r_d67xbPdvOGRUkUnZLsZdHLNQC-e1uJMaKcgXNGagjgVXgVkugSM8V9ps_8F_977ftsdTMuDLNOBtmSF23UQWnxuLRuvvlOK_KDG__4UI_1xkR1--5EXfNCBMu8FBtujVaBFWYjFbfakF1d-aeOykhYFpG6Y70XT9rYGXxafoHl1_vFWSSttGuU5s2NwSugnb5HozeOW4HVra9uHh2EjSGuLy1E7SHRcUg8gMRjSNIlivtE3gNKacuinZcrWTTv8Ab6oxWNR8S5xNClB9aTsLNJkkOSBSqppBLd8TV8DTR52nXKKVHbFk-vAvxcIl2hW0Qp-FqqAliS4F9b4lHC0Jt21NoQbazoQzQcxqbh4a4JRANaF-5dnaY3Kb2FvNK1gJXAFq7BOYHy2Sn5zMmfNOUmTb3_l_zfCjYAGw=="
"pages/tech_validation.adoc","technical","69","url","https://kroki.io/pikchr/svg/eNrNVF1r2zAUffevuJg-rEstLNnulsAGqTuzjZRBU8Ye9qI4qq3NkYoslvz8Xfkj2FlIA-tgGBvke3Tuufdc6cLAOwgJk8rzMjqDR1kJ8JfpRx9WulpDveFVNfrmutIGVhXPf8JWrm2J26evLwyUQhalBUoiXHlW7Ow5ROGOxfGHtyFwCxn1uDF6C7aUCoL33pzNIJcmd5r8IxSIQxU9EZ2yNE5dCRWuslv34MoekGasL_PbcvGMusIIoU6VeaA3_hd6r_d67xbPdvOGRUkUnZLsZdHLNQC-e1uJMaKcgXNGagjgVXgVkugSM8V9ps_8F_977ftsdTMuDLNOBtmSF23UQWnxuLRuvvlOK_KDG__4UI_1xkR1--5EXfNCBMu8FBtujVaBFWYjFbfakF1d-aeOykhYFpG6Y70XT9rYGXxafoHl1_vFWSSttGuU5s2NwSugnb5HozeOW4HVra9uHh2EjSGuLy1E7SHRcUg8gMRjSNIlivtE3gNKacuinZcrWTTv8Ab6oxWNR8S5xNClB9aTsLNJkkOSBSqppBLd8TV8DTR52nXKKVHbFk-vAvxcIl2hW0Qp-FqqAliS4F9b4lHC0Jt21NoQbazoQzQcxqbh4a4JRANaF-5dnaY3Kb2FvNK1gJXAFq7BOYHy2Sn5zMmfNOUmTb3_l_zfCjYAGw=="
"pages/tech_validation.adoc","technical","71","url","https://niolesk.top/#https://kroki.io/pikchr/svg/eNrNVF1r2zAUffevuJg-rEstLNnulsAGqTuzjZRBU8Ye9qI4qq3NkYoslvz8Xfkj2FlIA-tgGBvke3Tuufdc6cLAOwgJk8rzMjqDR1kJ8JfpRx9WulpDveFVNfrmutIGVhXPf8JWrm2J26evLwyUQhalBUoiXHlW7Ow5ROGOxfGHtyFwCxn1uDF6C7aUCoL33pzNIJcmd5r8IxSIQxU9EZ2yNE5dCRWuslv34MoekGasL_PbcvGMusIIoU6VeaA3_hd6r_d67xbPdvOGRUkUnZLsZdHLNQC-e1uJMaKcgXNGagjgVXgVkugSM8V9ps_8F_977ftsdTMuDLNOBtmSF23UQWnxuLRuvvlOK_KDG__4UI_1xkR1--5EXfNCBMu8FBtujVaBFWYjFbfakF1d-aeOykhYFpG6Y70XT9rYGXxafoHl1_vFWSSttGuU5s2NwSugnb5HozeOW4HVra9uHh2EjSGuLy1E7SHRcUg8gMRjSNIlivtE3gNKacuinZcrWTTv8Ab6oxWNR8S5xNClB9aTsLNJkkOSBSqppBLd8TV8DTR52nXKKVHbFk-vAvxcIl2hW0Qp-FqqAliS4F9b4lHC0Jt21NoQbazoQzQcxqbh4a4JRANaF-5dnaY3Kb2FvNK1gJXAFq7BOYHy2Sn5zMmfNOUmTb3_l_zfCjYAGw=="
"pages/tech_validation.adoc","technical","78","image-url","https://kroki.io/pikchr/svg/eNqVls9zmzoQx-_8FTtMD03TUATGxOmPGbDdTi6vM22mp14wyLZSDB6BYzun_gE9vuPrpX_a-0u6AglsNS4mM4mJ0fezu9rVrp5xeAu25bDMSPJtZhgBuYFZvgMeJeCtd2CO84RCyooSwk3BMloUwDcpLUyYsQUuTROI8zTnsF2yksKcpSnYO_u9Nxh5sGVJuQTivXjGEe3cQEl3JZifaBqVLM9gRsstpRkQZCgzUZYAeXUJNKUrmpXFjQnp_QZffDVqQ_aOjJzxYIxfRCU67yEmzbcQELiE51fE8l7aF0bgKmv_f_8Fd0uqgGgqKyOWFZBnFPI5lPjuIUo3tFD_ceEfTVqnXnf5cK374FQ-DA59CMqSs9mmbO2oECHitPoCPSqgWNOYzRlNrL9bJRZ50qoR-JGy-8YEJXVCJxz6KN0yzIm1BUQEBD-v4Ln9EnftwuBssSxRPlPycb7JSr5vIcOJY5OpBvEji1YUiwyqsP1YAcTmBQuaxfvbSUsJbdd1bZ0yayh1Av1EUd5-NTvi8GNdTJX49vPHVuyP3IlDdHHSiOu0-XMl7jZMG61daxeHsX-hvMBC7w5-rruw7BH8ohH7tZgpsWPZrbgpniPxshETIVY1cH_-FrBjQuB_O9yCf6IV7Yr-XhHsUU1Ie0T_TU_96iD14JLh8Ip0bUKqM7Lzw1_p2lxp33VJM33n1o3rd11Fm-vaXXPoX3XZXevafc8Tv9PL9fHsmPfHto1QThwTTvxIl8Qgutuv6allJhSrCIdPNZLk4HFw8MCSipIGIp5rT7KmbxWy_dnW8AI7MI7B0JHuyLaVYIMW3ZjrfDF5XoTYQPER8fiEfw_5-A3i5UCckGkwndYmKnzVlmpigSfECF1pV7aM_uYcYY5lD6xgs1QAI0kkogkcmhrIF5-XOZfns68x92-xHWTsz_2rXMCsq7Rr6X0ijd7TWZRJfMR6uhT1hKcPh5jMImnSOFFEEQyabYN6ImOnUhYSlZ5g2oen54SorQ_e98G4J93yFO9DH95Ad2uoMLd9MN5Jt3zJsyzrj9rqog51564lTPTE853zTzo3UsF-7MO7PnbLGGMBx4zHKcXWY6qOYzltgcZqPMbG2Dlz8Vosds9ajAdcLB6ctxj9jw0j4hzvi3Oer2CMtQ5lDmPXotXO4C315w8Toln-gFfg6uJZXfHVb3vV5zQ5ImGV0wo1ELslWf_9q1gnKAuOV3_D-A0izaAt"
"pages/tech_validation.adoc","technical","78","url","https://kroki.io/pikchr/svg/eNqVls9zmzoQx-_8FTtMD03TUATGxOmPGbDdTi6vM22mp14wyLZSDB6BYzun_gE9vuPrpX_a-0u6AglsNS4mM4mJ0fezu9rVrp5xeAu25bDMSPJtZhgBuYFZvgMeJeCtd2CO84RCyooSwk3BMloUwDcpLUyYsQUuTROI8zTnsF2yksKcpSnYO_u9Nxh5sGVJuQTivXjGEe3cQEl3JZifaBqVLM9gRsstpRkQZCgzUZYAeXUJNKUrmpXFjQnp_QZffDVqQ_aOjJzxYIxfRCU67yEmzbcQELiE51fE8l7aF0bgKmv_f_8Fd0uqgGgqKyOWFZBnFPI5lPjuIUo3tFD_ceEfTVqnXnf5cK374FQ-DA59CMqSs9mmbO2oECHitPoCPSqgWNOYzRlNrL9bJRZ50qoR-JGy-8YEJXVCJxz6KN0yzIm1BUQEBD-v4Ln9EnftwuBssSxRPlPycb7JSr5vIcOJY5OpBvEji1YUiwyqsP1YAcTmBQuaxfvbSUsJbdd1bZ0yayh1Av1EUd5-NTvi8GNdTJX49vPHVuyP3IlDdHHSiOu0-XMl7jZMG61daxeHsX-hvMBC7w5-rruw7BH8ohH7tZgpsWPZrbgpniPxshETIVY1cH_-FrBjQuB_O9yCf6IV7Yr-XhHsUU1Ie0T_TU_96iD14JLh8Ip0bUKqM7Lzw1_p2lxp33VJM33n1o3rd11Fm-vaXXPoX3XZXevafc8Tv9PL9fHsmPfHto1QThwTTvxIl8Qgutuv6allJhSrCIdPNZLk4HFw8MCSipIGIp5rT7KmbxWy_dnW8AI7MI7B0JHuyLaVYIMW3ZjrfDF5XoTYQPER8fiEfw_5-A3i5UCckGkwndYmKnzVlmpigSfECF1pV7aM_uYcYY5lD6xgs1QAI0kkogkcmhrIF5-XOZfns68x92-xHWTsz_2rXMCsq7Rr6X0ijd7TWZRJfMR6uhT1hKcPh5jMImnSOFFEEQyabYN6ImOnUhYSlZ5g2oen54SorQ_e98G4J93yFO9DH95Ad2uoMLd9MN5Jt3zJsyzrj9rqog51564lTPTE853zTzo3UsF-7MO7PnbLGGMBx4zHKcXWY6qOYzltgcZqPMbG2Dlz8Vosds9ajAdcLB6ctxj9jw0j4hzvi3Oer2CMtQ5lDmPXotXO4C315w8Toln-gFfg6uJZXfHVb3vV5zQ5ImGV0wo1ELslWf_9q1gnKAuOV3_D-A0izaAt"
"pages/tech_validation.adoc","technical","80","url","https://niolesk.top/#https://kroki.io/pikchr/svg/eNqVls9zmzoQx-_8FTtMD03TUATGxOmPGbDdTi6vM22mp14wyLZSDB6BYzun_gE9vuPrpX_a-0u6AglsNS4mM4mJ0fezu9rVrp5xeAu25bDMSPJtZhgBuYFZvgMeJeCtd2CO84RCyooSwk3BMloUwDcpLUyYsQUuTROI8zTnsF2yksKcpSnYO_u9Nxh5sGVJuQTivXjGEe3cQEl3JZifaBqVLM9gRsstpRkQZCgzUZYAeXUJNKUrmpXFjQnp_QZffDVqQ_aOjJzxYIxfRCU67yEmzbcQELiE51fE8l7aF0bgKmv_f_8Fd0uqgGgqKyOWFZBnFPI5lPjuIUo3tFD_ceEfTVqnXnf5cK374FQ-DA59CMqSs9mmbO2oECHitPoCPSqgWNOYzRlNrL9bJRZ50qoR-JGy-8YEJXVCJxz6KN0yzIm1BUQEBD-v4Ln9EnftwuBssSxRPlPycb7JSr5vIcOJY5OpBvEji1YUiwyqsP1YAcTmBQuaxfvbSUsJbdd1bZ0yayh1Av1EUd5-NTvi8GNdTJX49vPHVuyP3IlDdHHSiOu0-XMl7jZMG61daxeHsX-hvMBC7w5-rruw7BH8ohH7tZgpsWPZrbgpniPxshETIVY1cH_-FrBjQuB_O9yCf6IV7Yr-XhHsUU1Ie0T_TU_96iD14JLh8Ip0bUKqM7Lzw1_p2lxp33VJM33n1o3rd11Fm-vaXXPoX3XZXevafc8Tv9PL9fHsmPfHto1QThwTTvxIl8Qgutuv6allJhSrCIdPNZLk4HFw8MCSipIGIp5rT7KmbxWy_dnW8AI7MI7B0JHuyLaVYIMW3ZjrfDF5XoTYQPER8fiEfw_5-A3i5UCckGkwndYmKnzVlmpigSfECF1pV7aM_uYcYY5lD6xgs1QAI0kkogkcmhrIF5-XOZfns68x92-xHWTsz_2rXMCsq7Rr6X0ijd7TWZRJfMR6uhT1hKcPh5jMImnSOFFEEQyabYN6ImOnUhYSlZ5g2oen54SorQ_e98G4J93yFO9DH95Ad2uoMLd9MN5Jt3zJsyzrj9rqog51564lTPTE853zTzo3UsF-7MO7PnbLGGMBx4zHKcXWY6qOYzltgcZqPMbG2Dlz8Vosds9ajAdcLB6ctxj9jw0j4hzvi3Oer2CMtQ5lDmPXotXO4C315w8Toln-gFfg6uJZXfHVb3vV5zQ5ImGV0wo1ELslWf_9q1gnKAuOV3_D-A0izaAt"
"pages/tech_validation.adoc","technical","84","url","https://www.oasis-open.org/committees/tc_home.php?wg_abbrev=codelist"
"pages/tech_validation.adoc","technical","90","url","http://docs.oasis-open.org/codelist/ns/ContextValueAssociation/1.0/"
"pages/tech_validation.adoc","technical","97","image-url","https://kroki.io/pikchr/svg/eNqtVl1vmzAUfedXXKE9hLVBYCBJJ21SkrXbpEydlmraw14IcYglgiNj1nS_ftfGkEC6pB9rVAm4Puce3y_7jYD34LmE5dYiTXjG9fvu5mbqeZ5ljf13kDCRZBREvAQ_2u7AtqFa6O38KzINp7BiWaZAH9UP36QVC8Hvof_BGpPXEgTvYMF3FVqBpz_GNqwpS9cSfDd6-0bAPVvKNZDq5R_UekNwwBu-Upg1jjrK5tPPL1FWcR8oG7w2ZMNuyMpC8g37Q5c22D_ns_7ds-hGr9Vz1dHznW75eQL4ZVXhGw9d_XDhuT7L8bOJcQ8N1aNzkbGc4qK-5waWNcGqlXQnwfZt9JwtYcFS_V_5XGQl1exI7uYQSxj7bgF96Cl8dIl-HGtCahLyVJKgIvGQwBtGjmqfRsnP2fxoy49KUOjAQWjj_9P0DJJ0kEGN_DK_BZNvu_e9zGjhnKEKO1Tho1R3VGxYHksuzvENOnxRE4-vs-IMdtTCWncTf1ejb_PsAVZc9dSSIs8-LadDhPkdRpc48EYO8pGGb56s6SaWgucwFsmaSZrIUtAnEPthhxlLx5T-SvANLvBxpeQ6v20DMQbSNQTGEHYNoTEMuobIGDBkltX0mupU0yt6AP2yQP1VXdVbskL2UNX9JSqgDlwAwUXOfpXe5L3apekuyLnAj3ylNoMWlRyXmPQ80Ss2SfX0Ind93yWRcThh6YTv_Gq2GIejk9sMzTb1OH7Us6_wGV3JvdcLnVtfOY0azIKuWb7EFfWHenqN1A8kWk3ZpCJ-qLWSllaj34ywtmrSjpwSqPXVGNoVEnWFBDfkxj8WMsN4qfDuS03vUG1QVbCndphyLGMtYE3jJctT8AeKX65pDmhEUMt65R0YTyK7xhezRhjSZsoFT5zPs_2ExfK5Jn7nWLLbx3X7JD95rUByVIjJyLAlazeRcnNNyH_wUp2JLS9bQX8zXhboS-dPTUkSKYdBc1yjr6YjzzOTY2ocutfNMfQ1zss4w7mLE5elubpMdEgPChWj61JEN0n6JnhCiwJuS7kt5Wko0dCwAz2NCbAnqkLWcbcm4TPuAHTfW8TwXOKoGTqWOYFpTkUsGR4POBf0G1MnD_Q-TR0VS1q4NhxyhXVfqfGo9UTPvU5MQpPbiqECf9Sxhxh7nm22Gd3QXGKXU8Br8aNCoiMhg-f2DXIcC_nS8r6IZYKzFuEcX3G24mFEdzQpJarASlNrCkm3hVae0gq1wjtEBgJvg0J2ZA9q2VHl9C9LG5sM"
"pages/tech_validation.adoc","technical","97","url","https://kroki.io/pikchr/svg/eNqtVl1vmzAUfedXXKE9hLVBYCBJJ21SkrXbpEydlmraw14IcYglgiNj1nS_ftfGkEC6pB9rVAm4Puce3y_7jYD34LmE5dYiTXjG9fvu5mbqeZ5ljf13kDCRZBREvAQ_2u7AtqFa6O38KzINp7BiWaZAH9UP36QVC8Hvof_BGpPXEgTvYMF3FVqBpz_GNqwpS9cSfDd6-0bAPVvKNZDq5R_UekNwwBu-Upg1jjrK5tPPL1FWcR8oG7w2ZMNuyMpC8g37Q5c22D_ns_7ds-hGr9Vz1dHznW75eQL4ZVXhGw9d_XDhuT7L8bOJcQ8N1aNzkbGc4qK-5waWNcGqlXQnwfZt9JwtYcFS_V_5XGQl1exI7uYQSxj7bgF96Cl8dIl-HGtCahLyVJKgIvGQwBtGjmqfRsnP2fxoy49KUOjAQWjj_9P0DJJ0kEGN_DK_BZNvu_e9zGjhnKEKO1Tho1R3VGxYHksuzvENOnxRE4-vs-IMdtTCWncTf1ejb_PsAVZc9dSSIs8-LadDhPkdRpc48EYO8pGGb56s6SaWgucwFsmaSZrIUtAnEPthhxlLx5T-SvANLvBxpeQ6v20DMQbSNQTGEHYNoTEMuobIGDBkltX0mupU0yt6AP2yQP1VXdVbskL2UNX9JSqgDlwAwUXOfpXe5L3apekuyLnAj3ylNoMWlRyXmPQ80Ss2SfX0Ind93yWRcThh6YTv_Gq2GIejk9sMzTb1OH7Us6_wGV3JvdcLnVtfOY0azIKuWb7EFfWHenqN1A8kWk3ZpCJ-qLWSllaj34ywtmrSjpwSqPXVGNoVEnWFBDfkxj8WMsN4qfDuS03vUG1QVbCndphyLGMtYE3jJctT8AeKX65pDmhEUMt65R0YTyK7xhezRhjSZsoFT5zPs_2ExfK5Jn7nWLLbx3X7JD95rUByVIjJyLAlazeRcnNNyH_wUp2JLS9bQX8zXhboS-dPTUkSKYdBc1yjr6YjzzOTY2ocutfNMfQ1zss4w7mLE5elubpMdEgPChWj61JEN0n6JnhCiwJuS7kt5Wko0dCwAz2NCbAnqkLWcbcm4TPuAHTfW8TwXOKoGTqWOYFpTkUsGR4POBf0G1MnD_Q-TR0VS1q4NhxyhXVfqfGo9UTPvU5MQpPbiqECf9Sxhxh7nm22Gd3QXGKXU8Br8aNCoiMhg-f2DXIcC_nS8r6IZYKzFuEcX3G24mFEdzQpJarASlNrCkm3hVae0gq1wjtEBgJvg0J2ZA9q2VHl9C9LG5sM"
"pages/tech_validation.adoc","technical","99","url","https://niolesk.top/#https://kroki.io/pikchr/svg/eNqtVl1vmzAUfedXXKE9hLVBYCBJJ21SkrXbpEydlmraw14IcYglgiNj1nS_ftfGkEC6pB9rVAm4Puce3y_7jYD34LmE5dYiTXjG9fvu5mbqeZ5ljf13kDCRZBREvAQ_2u7AtqFa6O38KzINp7BiWaZAH9UP36QVC8Hvof_BGpPXEgTvYMF3FVqBpz_GNqwpS9cSfDd6-0bAPVvKNZDq5R_UekNwwBu-Upg1jjrK5tPPL1FWcR8oG7w2ZMNuyMpC8g37Q5c22D_ns_7ds-hGr9Vz1dHznW75eQL4ZVXhGw9d_XDhuT7L8bOJcQ8N1aNzkbGc4qK-5waWNcGqlXQnwfZt9JwtYcFS_V_5XGQl1exI7uYQSxj7bgF96Cl8dIl-HGtCahLyVJKgIvGQwBtGjmqfRsnP2fxoy49KUOjAQWjj_9P0DJJ0kEGN_DK_BZNvu_e9zGjhnKEKO1Tho1R3VGxYHksuzvENOnxRE4-vs-IMdtTCWncTf1ejb_PsAVZc9dSSIs8-LadDhPkdRpc48EYO8pGGb56s6SaWgucwFsmaSZrIUtAnEPthhxlLx5T-SvANLvBxpeQ6v20DMQbSNQTGEHYNoTEMuobIGDBkltX0mupU0yt6AP2yQP1VXdVbskL2UNX9JSqgDlwAwUXOfpXe5L3apekuyLnAj3ylNoMWlRyXmPQ80Ss2SfX0Ind93yWRcThh6YTv_Gq2GIejk9sMzTb1OH7Us6_wGV3JvdcLnVtfOY0azIKuWb7EFfWHenqN1A8kWk3ZpCJ-qLWSllaj34ywtmrSjpwSqPXVGNoVEnWFBDfkxj8WMsN4qfDuS03vUG1QVbCndphyLGMtYE3jJctT8AeKX65pDmhEUMt65R0YTyK7xhezRhjSZsoFT5zPs_2ExfK5Jn7nWLLbx3X7JD95rUByVIjJyLAlazeRcnNNyH_wUp2JLS9bQX8zXhboS-dPTUkSKYdBc1yjr6YjzzOTY2ocutfNMfQ1zss4w7mLE5elubpMdEgPChWj61JEN0n6JnhCiwJuS7kt5Wko0dCwAz2NCbAnqkLWcbcm4TPuAHTfW8TwXOKoGTqWOYFpTkUsGR4POBf0G1MnD_Q-TR0VS1q4NhxyhXVfqfGo9UTPvU5MQpPbiqECf9Sxhxh7nm22Gd3QXGKXU8Br8aNCoiMhg-f2DXIcC_nS8r6IZYKzFuEcX3G24mFEdzQpJarASlNrCkm3hVae0gq1wjtEBgJvg0J2ZA9q2VHl9C9LG5sM"
"pages/tech_validation.adoc","technical","110","image-url","https://kroki.io/plantuml/svg/eNq1Vt1q2zAUvq6f4pBdZIPFatPSUpOZNqYtgxbCKGMwdqFKJ46oLQVJ6RLKYM-yR9uT7NhJSpZMjbu2ugjO8ZG-7_x8Rz5xnls_KYvI3So95paXILiVcB8B9Lm4za2ZaJmZwlj4PlIeK7uxEu3clluckencaD833BS0iywDLqXSOezS8xW3udL0-CNawZn7W5RRVEPWP1-jaC-GgcWhmqIDMwQ_QvhydQl0QI0L3kDJbxECqzckLklptHFjLlCmPVEBJd1-t394RP_ueJKRC079Z15M8NQ5IxT3yugeq13THqvOSIk50RuiRS2IC-FWXLDAErV30HCF-Lw52D8-OD1Pp2WhXUKsHtAX78_3-qfHWfphzd7PDve7R2lr5P04YUwa4WLDnXIdM0YdG5uTv8RCOc-0Y4FQ2V68y1rrAUcxrSiCJ6-dem1LfU3ikoi5dB25G0P1oir4BWq0qooBhqpA1wi7MfQSGNbSTGVIlAwlu6_k9WyMLQgUaWJVaGscs1ywxQGdjMKqaMS5aK1tWFBlq-33KmVgj9ThlTtg0Y2buP8L2BTx-XiNUJf9QMPPonOhnhBcJNeoaZrRiMwsjVVLmhxYUrD1MyZuRHI2HaPwKKuG2dDpfgyLuJKXZn5X9YbbpoPl6wdGO79__oJPWNTDpVIxcjGCiwy4loGx2ah8V5RFnmO6xqe-ZdKPmtgqCTXnBNr_FlTPiVFSu3SIV0DAjvgJH9RwUKvtvwgN6UJbCTbUdHSVVTfaW7vMl070u_fP1dicQvuJvdWOA1ljG6lfLfWZtRRrOXeJn6afrfNp0dvpS4m2Ya-x4HR61rjYCvvIF8kmk2_RCRWXvtj-AKpiukg="
"pages/tech_validation.adoc","technical","110","url","https://kroki.io/plantuml/svg/eNq1Vt1q2zAUvq6f4pBdZIPFatPSUpOZNqYtgxbCKGMwdqFKJ46oLQVJ6RLKYM-yR9uT7NhJSpZMjbu2ugjO8ZG-7_x8Rz5xnls_KYvI3So95paXILiVcB8B9Lm4za2ZaJmZwlj4PlIeK7uxEu3clluckencaD833BS0iywDLqXSOezS8xW3udL0-CNawZn7W5RRVEPWP1-jaC-GgcWhmqIDMwQ_QvhydQl0QI0L3kDJbxECqzckLklptHFjLlCmPVEBJd1-t394RP_ueJKRC079Z15M8NQ5IxT3yugeq13THqvOSIk50RuiRS2IC-FWXLDAErV30HCF-Lw52D8-OD1Pp2WhXUKsHtAX78_3-qfHWfphzd7PDve7R2lr5P04YUwa4WLDnXIdM0YdG5uTv8RCOc-0Y4FQ2V68y1rrAUcxrSiCJ6-dem1LfU3ikoi5dB25G0P1oir4BWq0qooBhqpA1wi7MfQSGNbSTGVIlAwlu6_k9WyMLQgUaWJVaGscs1ywxQGdjMKqaMS5aK1tWFBlq-33KmVgj9ThlTtg0Y2buP8L2BTx-XiNUJf9QMPPonOhnhBcJNeoaZrRiMwsjVVLmhxYUrD1MyZuRHI2HaPwKKuG2dDpfgyLuJKXZn5X9YbbpoPl6wdGO79__oJPWNTDpVIxcjGCiwy4loGx2ah8V5RFnmO6xqe-ZdKPmtgqCTXnBNr_FlTPiVFSu3SIV0DAjvgJH9RwUKvtvwgN6UJbCTbUdHSVVTfaW7vMl070u_fP1dicQvuJvdWOA1ljG6lfLfWZtRRrOXeJn6afrfNp0dvpS4m2Ya-x4HR61rjYCvvIF8kmk2_RCRWXvtj-AKpiukg="
"pages/tech_validation.adoc","technical","112","url","https://niolesk.top/#https://kroki.io/plantuml/svg/eNq1Vt1q2zAUvq6f4pBdZIPFatPSUpOZNqYtgxbCKGMwdqFKJ46oLQVJ6RLKYM-yR9uT7NhJSpZMjbu2ugjO8ZG-7_x8Rz5xnls_KYvI3So95paXILiVcB8B9Lm4za2ZaJmZwlj4PlIeK7uxEu3clluckencaD833BS0iywDLqXSOezS8xW3udL0-CNawZn7W5RRVEPWP1-jaC-GgcWhmqIDMwQ_QvhydQl0QI0L3kDJbxECqzckLklptHFjLlCmPVEBJd1-t394RP_ueJKRC079Z15M8NQ5IxT3yugeq13THqvOSIk50RuiRS2IC-FWXLDAErV30HCF-Lw52D8-OD1Pp2WhXUKsHtAX78_3-qfHWfphzd7PDve7R2lr5P04YUwa4WLDnXIdM0YdG5uTv8RCOc-0Y4FQ2V68y1rrAUcxrSiCJ6-dem1LfU3ikoi5dB25G0P1oir4BWq0qooBhqpA1wi7MfQSGNbSTGVIlAwlu6_k9WyMLQgUaWJVaGscs1ywxQGdjMKqaMS5aK1tWFBlq-33KmVgj9ThlTtg0Y2buP8L2BTx-XiNUJf9QMPPonOhnhBcJNeoaZrRiMwsjVVLmhxYUrD1MyZuRHI2HaPwKKuG2dDpfgyLuJKXZn5X9YbbpoPl6wdGO79__oJPWNTDpVIxcjGCiwy4loGx2ah8V5RFnmO6xqe-ZdKPmtgqCTXnBNr_FlTPiVFSu3SIV0DAjvgJH9RwUKvtvwgN6UJbCTbUdHSVVTfaW7vMl070u_fP1dicQvuJvdWOA1ljG6lfLfWZtRRrOXeJn6afrfNp0dvpS4m2Ya-x4HR61rjYCvvIF8kmk2_RCRWXvtj-AKpiukg="
"pages/tech_validation.adoc","technical","119","url","https://cranesoftwrights.github.io/resources/ubl/index.htm#cva2sch"
"pages/tech_validation.adoc","technical","121","image-url","https://kroki.io/pikchr/svg/eNq9VcuO2jAU3fsrrqJZDC1EiZPAgNpFGhW1El0xqrpAQiEY4k6wK9tTWPZb-mn9kl4nMIRXOjMS3USJnXvPOTnnOjcK3oPnUi7IXK4FIbE_AMM2Bpz7nGuYOPEYPo8nDsxSjc9cZMXjnOmBA8X3R21ITHfv__n1G76NR7DgBdNgJBiVCr2QarV7GSYkk4VU4G38Pk3CBBdSY-Fhxgq5htiHDtx2cKHtuV6LxEG9efI1tm0R41_9wn2_t3DruVHbNgvrzcbJp2c2655rRkb4nQouGCyUXEEcuKyk7rt-2_L3Wli-lJbLmxsFOUvnXCyBRhGum5wJwE3qRvVN_86rbTZWHm363mvb2kqT8-wBFdEDRWFNkefePU_QVeS8RkyqFFq296Z0DlPVsqaPSifRJr8NdiXnoroclIUnZfRSGRliGmzuwSkDNZPFfJsavUqL4uBapWypGGpY87nJUUa_ksGXuQH84PZpQtYc91w0BGM48u3Nlg5YDi1ShTnBKWOd7GdKdZYj-r270YUDVfHa1g79ykpLHHnvUk574cdejwzplakjvN5S75fUg-CQ-5IJpngm56yT4GXEtTnVQBs1BP9bQ_dIQyKFxvOOC6PpOMvZKjVKivN2BE9SojNaSKzQkSqIZbrKNFoCYE_oahzKAVAlXwwmfpx17fjaNqrovUP4AV_9kMo4Fh27l-A4034NvP-hO-x5iB00YQfVyXKEHrwEPdih0-gEnQzDa48RvTRGX5jW6ZJ19uZ1DFMrLlIj1amHYWMco2vHMbw4UlzLqX7SMNUPrGAGb_A_PEUVxj_VEjVpwUiEZyIRNsUxekkgwstx_AtlzId1"
"pages/tech_validation.adoc","technical","121","url","https://kroki.io/pikchr/svg/eNq9VcuO2jAU3fsrrqJZDC1EiZPAgNpFGhW1El0xqrpAQiEY4k6wK9tTWPZb-mn9kl4nMIRXOjMS3USJnXvPOTnnOjcK3oPnUi7IXK4FIbE_AMM2Bpz7nGuYOPEYPo8nDsxSjc9cZMXjnOmBA8X3R21ITHfv__n1G76NR7DgBdNgJBiVCr2QarV7GSYkk4VU4G38Pk3CBBdSY-Fhxgq5htiHDtx2cKHtuV6LxEG9efI1tm0R41_9wn2_t3DruVHbNgvrzcbJp2c2655rRkb4nQouGCyUXEEcuKyk7rt-2_L3Wli-lJbLmxsFOUvnXCyBRhGum5wJwE3qRvVN_86rbTZWHm363mvb2kqT8-wBFdEDRWFNkefePU_QVeS8RkyqFFq296Z0DlPVsqaPSifRJr8NdiXnoroclIUnZfRSGRliGmzuwSkDNZPFfJsavUqL4uBapWypGGpY87nJUUa_ksGXuQH84PZpQtYc91w0BGM48u3Nlg5YDi1ShTnBKWOd7GdKdZYj-r270YUDVfHa1g79ykpLHHnvUk574cdejwzplakjvN5S75fUg-CQ-5IJpngm56yT4GXEtTnVQBs1BP9bQ_dIQyKFxvOOC6PpOMvZKjVKivN2BE9SojNaSKzQkSqIZbrKNFoCYE_oahzKAVAlXwwmfpx17fjaNqrovUP4AV_9kMo4Fh27l-A4034NvP-hO-x5iB00YQfVyXKEHrwEPdih0-gEnQzDa48RvTRGX5jW6ZJ19uZ1DFMrLlIj1amHYWMco2vHMbw4UlzLqX7SMNUPrGAGb_A_PEUVxj_VEjVpwUiEZyIRNsUxekkgwstx_AtlzId1"
"pages/tech_validation.adoc","technical","123","url","https://niolesk.top/#https://kroki.io/pikchr/svg/eNq9VcuO2jAU3fsrrqJZDC1EiZPAgNpFGhW1El0xqrpAQiEY4k6wK9tTWPZb-mn9kl4nMIRXOjMS3USJnXvPOTnnOjcK3oPnUi7IXK4FIbE_AMM2Bpz7nGuYOPEYPo8nDsxSjc9cZMXjnOmBA8X3R21ITHfv__n1G76NR7DgBdNgJBiVCr2QarV7GSYkk4VU4G38Pk3CBBdSY-Fhxgq5htiHDtx2cKHtuV6LxEG9efI1tm0R41_9wn2_t3DruVHbNgvrzcbJp2c2655rRkb4nQouGCyUXEEcuKyk7rt-2_L3Wli-lJbLmxsFOUvnXCyBRhGum5wJwE3qRvVN_86rbTZWHm363mvb2kqT8-wBFdEDRWFNkefePU_QVeS8RkyqFFq296Z0DlPVsqaPSifRJr8NdiXnoroclIUnZfRSGRliGmzuwSkDNZPFfJsavUqL4uBapWypGGpY87nJUUa_ksGXuQH84PZpQtYc91w0BGM48u3Nlg5YDi1ShTnBKWOd7GdKdZYj-r270YUDVfHa1g79ykpLHHnvUk574cdejwzplakjvN5S75fUg-CQ-5IJpngm56yT4GXEtTnVQBs1BP9bQ_dIQyKFxvOOC6PpOMvZKjVKivN2BE9SojNaSKzQkSqIZbrKNFoCYE_oahzKAVAlXwwmfpx17fjaNqrovUP4AV_9kMo4Fh27l-A4034NvP-hO-x5iB00YQfVyXKEHrwEPdih0-gEnQzDa48RvTRGX5jW6ZJ19uZ1DFMrLlIj1amHYWMco2vHMbw4UlzLqX7SMNUPrGAGb_A_PEUVxj_VEjVpwUiEZyIRNsUxekkgwstx_AtlzId1"
"pages/tech_validation.adoc","technical","125","url","http://saxon.sourceforge.net/"
"pages/tech_validation.adoc","technical","127","image-url","https://kroki.io/pikchr/svg/eNq1lF9v2jAUxd_zKa5QH9Z1RIljQ0DaJJou2iaqSQVVe9iLCW6SLTiVYxU-fm_-NukYZB0IgRTuybm_Y_v6QsFHsEwSS8Pw7Sk8xImAgXc_G8AqTdaQbXiSdH6DNEkVrBIe_IZtvNYRvj55f6EgEnEYabBNB58MLXa6j5G1I5R-di3gGnzb4EqlW_SwckcdxRKGn4wZmUIQqyBHG-xxQh3C1H72hHjUy5Mk-OTf5B980o33uO3tkzr0wvtymtDHjTqhSQPGOqHpGUOP6tA_FvMjrKESQh4KvZ-enZHebehv50dX-po4zHEOBTB853TLAT-NbYw1U-abOyNmBkN4Z5nOB_xeGj6tW33jT_z_4Zt2WdGOYtsrbIfNCMNu7GzBaBWsijU-6Za86sU6veop47tUmr-4Guwfrc7C-Lgw9ZWkuBTD-qVB8MRJFkS4PktzlyVHzAoe3zGzyuxWZBkPxXARRGLDtUrli7MWahNLrlPV25g1xnfiMVV6Cl8X32FxfzfvFdLFkMZMKbzHy8F5UOkmx5Wg0_Is5jOUS0hXku9mKZGNxNkvoS0J3S9hLQnrSljFQlsso65kXElYLTGWGKhcFrs6W6s4LL7te_mPPSoHr5iFS2NJag_S24O1PWjbw-ntMS49hghRghhzTJPEUlR3oOJrsNnjrkpvm3Jbj7B9iWZhWpYjwdexDIEwhv_qCIcVS-NydsqSXZyIpmTa7eLEev3aFbR983J9uibetWffQJCkmYCVwE1YQ34iEJ4cgic1vGmxfvzuAf6_0rtvpncO0Y9e6Glx1VT05C307jF65x_pnwHqgeia"
"pages/tech_validation.adoc","technical","127","url","https://kroki.io/pikchr/svg/eNq1lF9v2jAUxd_zKa5QH9Z1RIljQ0DaJJou2iaqSQVVe9iLCW6SLTiVYxU-fm_-NukYZB0IgRTuybm_Y_v6QsFHsEwSS8Pw7Sk8xImAgXc_G8AqTdaQbXiSdH6DNEkVrBIe_IZtvNYRvj55f6EgEnEYabBNB58MLXa6j5G1I5R-di3gGnzb4EqlW_SwckcdxRKGn4wZmUIQqyBHG-xxQh3C1H72hHjUy5Mk-OTf5B980o33uO3tkzr0wvtymtDHjTqhSQPGOqHpGUOP6tA_FvMjrKESQh4KvZ-enZHebehv50dX-po4zHEOBTB853TLAT-NbYw1U-abOyNmBkN4Z5nOB_xeGj6tW33jT_z_4Zt2WdGOYtsrbIfNCMNu7GzBaBWsijU-6Za86sU6veop47tUmr-4Guwfrc7C-Lgw9ZWkuBTD-qVB8MRJFkS4PktzlyVHzAoe3zGzyuxWZBkPxXARRGLDtUrli7MWahNLrlPV25g1xnfiMVV6Cl8X32FxfzfvFdLFkMZMKbzHy8F5UOkmx5Wg0_Is5jOUS0hXku9mKZGNxNkvoS0J3S9hLQnrSljFQlsso65kXElYLTGWGKhcFrs6W6s4LL7te_mPPSoHr5iFS2NJag_S24O1PWjbw-ntMS49hghRghhzTJPEUlR3oOJrsNnjrkpvm3Jbj7B9iWZhWpYjwdexDIEwhv_qCIcVS-NydsqSXZyIpmTa7eLEev3aFbR983J9uibetWffQJCkmYCVwE1YQ34iEJ4cgic1vGmxfvzuAf6_0rtvpncO0Y9e6Glx1VT05C307jF65x_pnwHqgeia"
"pages/tech_validation.adoc","technical","129","url","https://niolesk.top/#https://kroki.io/pikchr/svg/eNq1lF9v2jAUxd_zKa5QH9Z1RIljQ0DaJJou2iaqSQVVe9iLCW6SLTiVYxU-fm_-NukYZB0IgRTuybm_Y_v6QsFHsEwSS8Pw7Sk8xImAgXc_G8AqTdaQbXiSdH6DNEkVrBIe_IZtvNYRvj55f6EgEnEYabBNB58MLXa6j5G1I5R-di3gGnzb4EqlW_SwckcdxRKGn4wZmUIQqyBHG-xxQh3C1H72hHjUy5Mk-OTf5B980o33uO3tkzr0wvtymtDHjTqhSQPGOqHpGUOP6tA_FvMjrKESQh4KvZ-enZHebehv50dX-po4zHEOBTB853TLAT-NbYw1U-abOyNmBkN4Z5nOB_xeGj6tW33jT_z_4Zt2WdGOYtsrbIfNCMNu7GzBaBWsijU-6Za86sU6veop47tUmr-4Guwfrc7C-Lgw9ZWkuBTD-qVB8MRJFkS4PktzlyVHzAoe3zGzyuxWZBkPxXARRGLDtUrli7MWahNLrlPV25g1xnfiMVV6Cl8X32FxfzfvFdLFkMZMKbzHy8F5UOkmx5Wg0_Is5jOUS0hXku9mKZGNxNkvoS0J3S9hLQnrSljFQlsso65kXElYLTGWGKhcFrs6W6s4LL7te_mPPSoHr5iFS2NJag_S24O1PWjbw-ntMS49hghRghhzTJPEUlR3oOJrsNnjrkpvm3Jbj7B9iWZhWpYjwdexDIEwhv_qCIcVS-NydsqSXZyIpmTa7eLEev3aFbR983J9uibetWffQJCkmYCVwE1YQ34iEJ4cgic1vGmxfvzuAf6_0rtvpncO0Y9e6Glx1VT05C307jF65x_pnwHqgeia"
"pages/tech_validation.adoc","technical","135","image-url","https://kroki.io/mermaid/svg/eNqlkk1rwkAQhu_7K4aem0PMzUJpkjVioghaSg-9rNkRQ5cd2az0UPrfGzdrYyUExQSGvLPvMx9ht4q-yp0wFl45g-aJX76h3ok9jqGsTKnwEZTYoBrDQ_P-PDlT0pkMHbRE2blSg8IirHBPxjaEA9IB4H3N4U2oSgpbkT4RPOyQLZnPzp81CshATtWfezJQP9aa7HGk-lCWWNcf2tLFeNk1OBpDpo-eDv0Nkqiq2vZtOLplw9lAk2TVUz6_ayce3TJcMdBrjVpeFJ_fNdqio-VGBcdb-v-OMhZDEDxD4mLqIg8ZD5svWBZOT1yctmcjxkdnZzMvi6WTeZtsrRFjPDrzFl5679wnfTOfzU7Zlln8ApglA0Y="
"pages/tech_validation.adoc","technical","135","url","https://kroki.io/mermaid/svg/eNqlkk1rwkAQhu_7K4aem0PMzUJpkjVioghaSg-9rNkRQ5cd2az0UPrfGzdrYyUExQSGvLPvMx9ht4q-yp0wFl45g-aJX76h3ok9jqGsTKnwEZTYoBrDQ_P-PDlT0pkMHbRE2blSg8IirHBPxjaEA9IB4H3N4U2oSgpbkT4RPOyQLZnPzp81CshATtWfezJQP9aa7HGk-lCWWNcf2tLFeNk1OBpDpo-eDv0Nkqiq2vZtOLplw9lAk2TVUz6_ayce3TJcMdBrjVpeFJ_fNdqio-VGBcdb-v-OMhZDEDxD4mLqIg8ZD5svWBZOT1yctmcjxkdnZzMvi6WTeZtsrRFjPDrzFl5679wnfTOfzU7Zlln8ApglA0Y="
"pages/tech_validation.adoc","technical","137","url","https://niolesk.top/#https://kroki.io/mermaid/svg/eNqlkk1rwkAQhu_7K4aem0PMzUJpkjVioghaSg-9rNkRQ5cd2az0UPrfGzdrYyUExQSGvLPvMx9ht4q-yp0wFl45g-aJX76h3ok9jqGsTKnwEZTYoBrDQ_P-PDlT0pkMHbRE2blSg8IirHBPxjaEA9IB4H3N4U2oSgpbkT4RPOyQLZnPzp81CshATtWfezJQP9aa7HGk-lCWWNcf2tLFeNk1OBpDpo-eDv0Nkqiq2vZtOLplw9lAk2TVUz6_ayce3TJcMdBrjVpeFJ_fNdqio-VGBcdb-v-OMhZDEDxD4mLqIg8ZD5svWBZOT1yctmcjxkdnZzMvi6WTeZtsrRFjPDrzFl5679wnfTOfzU7Zlln8ApglA0Y="
"pages/tech_validation.adoc","technical","146","image-url","https://kroki.io/pikchr/svg/eNq9mM9zqkgQx-_8FVNuDroqBQNofFV7YEBPqXpZU7u1h3dBJHFqCfgAo--_35lh-DlDEjBrDimkx-5vf6Z7hL5LwB9AUyGOlN_AMU5xhuMIxM_AS5L4DHAEdvgF7OJLkCp33pEs1tUlVGx9943eBYm3B9bxAkbrp0cXbIOfpyDNRuxLfhzGCdAujmUhXQfPOAzJp7W7dA36KQNnvM8OQLd-v0vAIcAvhwxAcq1kwSWTOfQyQOJyv-cDzgJFQV1C0mMcpUEvJcS5ml9xNfQGv_yhnDExqGeuQg3AFIw11bRm2qSpuB6ZLEZtyTb0vwEfJ34YgOyA_X8b_zkUyqQlu5AQFRJSJmE211RjouzjcwSUfNfotxXbaJP558kFf3sh3nt0k0dgNP4LPcz_PJFbz9hnN-3jMeSXHP0cqoZ6SfeTEREgB7lBa8tdMpBUYxPlnFSXWe3qtRpo6sauRKOvoGM6pAy-gin6kCm6mmleHAOhGhzqQJZCbJqzDKZ5amXpxPsAPOA0S8l-kpBkU8D2FJL_Y00HtO7nPlkSkhXzN2ZW_TdvkvdAZ4abDXTcRobjPfEwZnnOiDI1mEyIrehGo6Mb6fJy26yiG6_STMmYJ5GM9Q4ZO8sSvDtlJAI6pTgK0nZA4MSvr-R4dR5qi9XUP_QnRdTxBuvFR1c1CZ_rlVNelsjLXrT7xfGSPY5IhWa_yhAQFGc9qJvRlgfowuKu1_ZmIW-RvliqshkgkHpbSPqoX_bp8ZbpowHpdymk7mT5L8VuYVVUHVq0N52E_Cwm9LFDKD6jWXzVwu0numYNN5q7-oqugfWu-R8yoPyWku65F-rnw0CsRsUoPRgNbCFYq6GhKqnLe0kdDeJAi_VWINBwEHKZ1KeMxOpTHfU9OwSJGNNs1CJf9JlOci3XWS--opOMDzppqHLKayXpIF1rl877EWhhttz3gDKwdYyqYnqrY68C2k6Sud6jaazK_2MS-6fktgDMWlUMFMk46DIOsM3h6Rj49AH53QjVoltiKOtgoEZGAUrOjf590O_4vA4CGtYM3UenrCOQ2BHr7-_wJd6p_XaZ17qgjzCWry7Ld0jlE-e3Kn00uPSlIhkHae0LL-2PSTD_WX9NloZovEjfEoZVFcJVShkR2fu9bnZWxjYOA2kMZrgpBLEiPimO5W1KfgugVk2JJDOhciDIUmlNiNLicC1HRLq6mCjoap9Uam3sRHwqCL-g-KJXe6TTTfqhAPrXHrBNWTxu5FTzOQqdZ0UzqlBNJ-ThirzmkaWTyhGbfDHymsq8eLv4LQA29HNB9MVwpqmGVX5nFxxwtGdjWH6HZcYmmzznl8T7VaQAWylweTy_qgZqiRW2omRqUvMa4XY-f4Uzrb-4fKL3nMSvrBRTkMXsgTYikMZ33pGOdGtrqCmtTGy11b3aElbbC7IRjaiLIuqy289S9HPf9nNf-Fl1-1mJfsjvY8sRvZPmNl2w6aUNCjZY2GiZNWyoiXbajXYqop12o22ubqNFTbTTbrRNP220qIl22o226UdAi0q0SECLSrRIQItKtPQQb9tKtvT0aNnMwsa25D9ratpK"
"pages/tech_validation.adoc","technical","146","url","https://kroki.io/pikchr/svg/eNq9mM9zqkgQx-_8FVNuDroqBQNofFV7YEBPqXpZU7u1h3dBJHFqCfgAo--_35lh-DlDEjBrDimkx-5vf6Z7hL5LwB9AUyGOlN_AMU5xhuMIxM_AS5L4DHAEdvgF7OJLkCp33pEs1tUlVGx9943eBYm3B9bxAkbrp0cXbIOfpyDNRuxLfhzGCdAujmUhXQfPOAzJp7W7dA36KQNnvM8OQLd-v0vAIcAvhwxAcq1kwSWTOfQyQOJyv-cDzgJFQV1C0mMcpUEvJcS5ml9xNfQGv_yhnDExqGeuQg3AFIw11bRm2qSpuB6ZLEZtyTb0vwEfJ34YgOyA_X8b_zkUyqQlu5AQFRJSJmE211RjouzjcwSUfNfotxXbaJP558kFf3sh3nt0k0dgNP4LPcz_PJFbz9hnN-3jMeSXHP0cqoZ6SfeTEREgB7lBa8tdMpBUYxPlnFSXWe3qtRpo6sauRKOvoGM6pAy-gin6kCm6mmleHAOhGhzqQJZCbJqzDKZ5amXpxPsAPOA0S8l-kpBkU8D2FJL_Y00HtO7nPlkSkhXzN2ZW_TdvkvdAZ4abDXTcRobjPfEwZnnOiDI1mEyIrehGo6Mb6fJy26yiG6_STMmYJ5GM9Q4ZO8sSvDtlJAI6pTgK0nZA4MSvr-R4dR5qi9XUP_QnRdTxBuvFR1c1CZ_rlVNelsjLXrT7xfGSPY5IhWa_yhAQFGc9qJvRlgfowuKu1_ZmIW-RvliqshkgkHpbSPqoX_bp8ZbpowHpdymk7mT5L8VuYVVUHVq0N52E_Cwm9LFDKD6jWXzVwu0numYNN5q7-oqugfWu-R8yoPyWku65F-rnw0CsRsUoPRgNbCFYq6GhKqnLe0kdDeJAi_VWINBwEHKZ1KeMxOpTHfU9OwSJGNNs1CJf9JlOci3XWS--opOMDzppqHLKayXpIF1rl877EWhhttz3gDKwdYyqYnqrY68C2k6Sud6jaazK_2MS-6fktgDMWlUMFMk46DIOsM3h6Rj49AH53QjVoltiKOtgoEZGAUrOjf590O_4vA4CGtYM3UenrCOQ2BHr7-_wJd6p_XaZ17qgjzCWry7Ld0jlE-e3Kn00uPSlIhkHae0LL-2PSTD_WX9NloZovEjfEoZVFcJVShkR2fu9bnZWxjYOA2kMZrgpBLEiPimO5W1KfgugVk2JJDOhciDIUmlNiNLicC1HRLq6mCjoap9Uam3sRHwqCL-g-KJXe6TTTfqhAPrXHrBNWTxu5FTzOQqdZ0UzqlBNJ-ThirzmkaWTyhGbfDHymsq8eLv4LQA29HNB9MVwpqmGVX5nFxxwtGdjWH6HZcYmmzznl8T7VaQAWylweTy_qgZqiRW2omRqUvMa4XY-f4Uzrb-4fKL3nMSvrBRTkMXsgTYikMZ33pGOdGtrqCmtTGy11b3aElbbC7IRjaiLIuqy289S9HPf9nNf-Fl1-1mJfsjvY8sRvZPmNl2w6aUNCjZY2GiZNWyoiXbajXYqop12o22ubqNFTbTTbrRNP220qIl22o226UdAi0q0SECLSrRIQItKtPQQb9tKtvT0aNnMwsa25D9ratpK"
"pages/tech_validation.adoc","technical","148","url","https://niolesk.top/#https://kroki.io/pikchr/svg/eNq9mM9zqkgQx-_8FVNuDroqBQNofFV7YEBPqXpZU7u1h3dBJHFqCfgAo--_35lh-DlDEjBrDimkx-5vf6Z7hL5LwB9AUyGOlN_AMU5xhuMIxM_AS5L4DHAEdvgF7OJLkCp33pEs1tUlVGx9943eBYm3B9bxAkbrp0cXbIOfpyDNRuxLfhzGCdAujmUhXQfPOAzJp7W7dA36KQNnvM8OQLd-v0vAIcAvhwxAcq1kwSWTOfQyQOJyv-cDzgJFQV1C0mMcpUEvJcS5ml9xNfQGv_yhnDExqGeuQg3AFIw11bRm2qSpuB6ZLEZtyTb0vwEfJ34YgOyA_X8b_zkUyqQlu5AQFRJSJmE211RjouzjcwSUfNfotxXbaJP558kFf3sh3nt0k0dgNP4LPcz_PJFbz9hnN-3jMeSXHP0cqoZ6SfeTEREgB7lBa8tdMpBUYxPlnFSXWe3qtRpo6sauRKOvoGM6pAy-gin6kCm6mmleHAOhGhzqQJZCbJqzDKZ5amXpxPsAPOA0S8l-kpBkU8D2FJL_Y00HtO7nPlkSkhXzN2ZW_TdvkvdAZ4abDXTcRobjPfEwZnnOiDI1mEyIrehGo6Mb6fJy26yiG6_STMmYJ5GM9Q4ZO8sSvDtlJAI6pTgK0nZA4MSvr-R4dR5qi9XUP_QnRdTxBuvFR1c1CZ_rlVNelsjLXrT7xfGSPY5IhWa_yhAQFGc9qJvRlgfowuKu1_ZmIW-RvliqshkgkHpbSPqoX_bp8ZbpowHpdymk7mT5L8VuYVVUHVq0N52E_Cwm9LFDKD6jWXzVwu0numYNN5q7-oqugfWu-R8yoPyWku65F-rnw0CsRsUoPRgNbCFYq6GhKqnLe0kdDeJAi_VWINBwEHKZ1KeMxOpTHfU9OwSJGNNs1CJf9JlOci3XWS--opOMDzppqHLKayXpIF1rl877EWhhttz3gDKwdYyqYnqrY68C2k6Sud6jaazK_2MS-6fktgDMWlUMFMk46DIOsM3h6Rj49AH53QjVoltiKOtgoEZGAUrOjf590O_4vA4CGtYM3UenrCOQ2BHr7-_wJd6p_XaZ17qgjzCWry7Ld0jlE-e3Kn00uPSlIhkHae0LL-2PSTD_WX9NloZovEjfEoZVFcJVShkR2fu9bnZWxjYOA2kMZrgpBLEiPimO5W1KfgugVk2JJDOhciDIUmlNiNLicC1HRLq6mCjoap9Uam3sRHwqCL-g-KJXe6TTTfqhAPrXHrBNWTxu5FTzOQqdZ0UzqlBNJ-ThirzmkaWTyhGbfDHymsq8eLv4LQA29HNB9MVwpqmGVX5nFxxwtGdjWH6HZcYmmzznl8T7VaQAWylweTy_qgZqiRW2omRqUvMa4XY-f4Uzrb-4fKL3nMSvrBRTkMXsgTYikMZ33pGOdGtrqCmtTGy11b3aElbbC7IRjaiLIuqy289S9HPf9nNf-Fl1-1mJfsjvY8sRvZPmNl2w6aUNCjZY2GiZNWyoiXbajXYqop12o22ubqNFTbTTbrRNP220qIl22o226UdAi0q0SECLSrRIQItKtPQQb9tKtvT0aNnMwsa25D9ratpK"
"pages/tech_validation.adoc","technical","198","url","https://docs.ted.europa.eu/espd-demo/"
"pages/tech_validation.adoc","technical","244","url","https://ec.europa.eu/isa2/awards_en"
"pages/tech_validation.adoc","technical","244","url","https://joinup.ec.europa.eu/asset/itb/description"
"pages/tech_validation.adoc","technical","248","url","https://www.itb.ec.europa.eu/espd/upload"
"pages/validation-conformance.adoc","technical","13","image-url","https://kroki.io/pikchr/svg/eJy9WM-TqjgQvvNXpNw56I5SEEDHV7UHAnqaqjfr1G7t4V0QmTG1DPgAR99_v0kIPxOcAWf1YCHddH_95etI-i4BfwBNhThSfgOHOMUZjiMQvwAvSeITwBHY4lewjc9Bqtx5B-Ksqwuo2Pr2G70LEm8HrMMZjFbPTy7YBD-PQZqN2EN-HMYJ0M6OZSFdBy84DMmvlbtwDforAye8y_ZAt36_S8A-wK_7DEByrWTBOZMF9DJA8vK4pz3OAkVBXUDSQxylQS8kJLiaX3E09Aa__KGcMDGoJ45CDcA9GGuqaU21SRNxPTNxRm3INvS_AR8nfhiAbI_9fxvfnBTKSQt2ASEqIKQMwnSmqcZE2cWnCCj5qtGnFdtoM_PPswv-9kK88-gij8Bo_Bd6nP15JLdesM9u2odDyC859TOomuo53U1GBICcyDVaWe6CEUkxNqmcEXWZ1apei4GWbmxLavQldEyHyOArOEUfcoqu5jQXx0BSDU7qQC6F3LRmGZnmsVWlE-8C8IjTLCXrSVKSRQGbY0i-x5oOqO5nPnEJicfsnZlV_92b5D3QWeF6DR23UeF4RyKMWZ1TgkwNJhNiK7rR6OhG6l4um1V041WYKTPmUWTGusCMnWUJ3h4zkgEdUxwFaTshcOK3N7K9Oo81ZzX19_2ZIuh4g_XiR1c1CT_XI6d8WSJf9rzdL46X7HBEFJr9KlNAUOz1oG5GG56gixZ3tbLXc3mL9KWlks0AgDTaXNJH_apPD7csHw0ovwshDSerfyF2C1NRtWnR3nQS8reY0NcOQXxGU3yV4-YTXbOCa81dfkXXwHrX_A8VUP4Wku55EPTzYSKmUTFLD44GthCsaWgoShryQaKjQTxQsd6KCDScCDlMGlPGxPJTHfU92weJmNNsaJE7faaTXMt1VvOv6CTjg04aipzytZR0kK61pXM5AxVmK3wPUga2jlEppjc6dhTQRKXYunAwuqBGq4r_lMT-MbktAWZNFQNBMh50GQ-wzcPzIfDpC_LFDJXTLWkodTAQI2MBSvaN_n3Qb_u8jgQ0rBm6t05ZRyCxI1bfL_BLolP77SqvdUEfYKxeifLRIOWT4LeSPhosfSlIxoNU-8Kh_SkJZj_rx2RpisZB-pZkWJUQrkLKGJGd73WzUxmbOAykOZjhpiSIivgkOFa3KfkvgFo1JZLMhMqBICulNSFKi821HBHp6nyioKtjUqi1sROJqSD8iuKzXq2RThfphwLopz1gu2f5uJGzms9R6DwrmlKEajohL1fkmEdcJ1UgNvlizGsqi-Jt4_cA2NDPAdGD4VRTDat8ZhvscbRjY1h-h1XGJpu85tfE-1WUAFslcHi8vkoDtcIKWyGZGtRcI9zO569wqvUHl0_0XpL4jUkxBVnMXmgjQtL4zjvQkW7Nh5rSysS8rW5vS_C252QhGlnnRdZFd5yFGOehHeehiLPsjrMU45D_x1YgeifNbbpg00sbFGywsFGZNWyoSe19N7X3IrVyb0v0blOLmtTK4yzEOG1qUZNaeZylGEegFpXUIoFaVFKLBGpRSS3dxNu2klu6e7RsZmFjS_IfxrjaTg"
"pages/validation-conformance.adoc","technical","13","url","https://kroki.io/pikchr/svg/eJy9WM-TqjgQvvNXpNw56I5SEEDHV7UHAnqaqjfr1G7t4V0QmTG1DPgAR99_v0kIPxOcAWf1YCHddH_95etI-i4BfwBNhThSfgOHOMUZjiMQvwAvSeITwBHY4lewjc9Bqtx5B-Ksqwuo2Pr2G70LEm8HrMMZjFbPTy7YBD-PQZqN2EN-HMYJ0M6OZSFdBy84DMmvlbtwDforAye8y_ZAt36_S8A-wK_7DEByrWTBOZMF9DJA8vK4pz3OAkVBXUDSQxylQS8kJLiaX3E09Aa__KGcMDGoJ45CDcA9GGuqaU21SRNxPTNxRm3INvS_AR8nfhiAbI_9fxvfnBTKSQt2ASEqIKQMwnSmqcZE2cWnCCj5qtGnFdtoM_PPswv-9kK88-gij8Bo_Bd6nP15JLdesM9u2odDyC859TOomuo53U1GBICcyDVaWe6CEUkxNqmcEXWZ1apei4GWbmxLavQldEyHyOArOEUfcoqu5jQXx0BSDU7qQC6F3LRmGZnmsVWlE-8C8IjTLCXrSVKSRQGbY0i-x5oOqO5nPnEJicfsnZlV_92b5D3QWeF6DR23UeF4RyKMWZ1TgkwNJhNiK7rR6OhG6l4um1V041WYKTPmUWTGusCMnWUJ3h4zkgEdUxwFaTshcOK3N7K9Oo81ZzX19_2ZIuh4g_XiR1c1CT_XI6d8WSJf9rzdL46X7HBEFJr9KlNAUOz1oG5GG56gixZ3tbLXc3mL9KWlks0AgDTaXNJH_apPD7csHw0ovwshDSerfyF2C1NRtWnR3nQS8reY0NcOQXxGU3yV4-YTXbOCa81dfkXXwHrX_A8VUP4Wku55EPTzYSKmUTFLD44GthCsaWgoShryQaKjQTxQsd6KCDScCDlMGlPGxPJTHfU92weJmNNsaJE7faaTXMt1VvOv6CTjg04aipzytZR0kK61pXM5AxVmK3wPUga2jlEppjc6dhTQRKXYunAwuqBGq4r_lMT-MbktAWZNFQNBMh50GQ-wzcPzIfDpC_LFDJXTLWkodTAQI2MBSvaN_n3Qb_u8jgQ0rBm6t05ZRyCxI1bfL_BLolP77SqvdUEfYKxeifLRIOWT4LeSPhosfSlIxoNU-8Kh_SkJZj_rx2RpisZB-pZkWJUQrkLKGJGd73WzUxmbOAykOZjhpiSIivgkOFa3KfkvgFo1JZLMhMqBICulNSFKi821HBHp6nyioKtjUqi1sROJqSD8iuKzXq2RThfphwLopz1gu2f5uJGzms9R6DwrmlKEajohL1fkmEdcJ1UgNvlizGsqi-Jt4_cA2NDPAdGD4VRTDat8ZhvscbRjY1h-h1XGJpu85tfE-1WUAFslcHi8vkoDtcIKWyGZGtRcI9zO569wqvUHl0_0XpL4jUkxBVnMXmgjQtL4zjvQkW7Nh5rSysS8rW5vS_C252QhGlnnRdZFd5yFGOehHeehiLPsjrMU45D_x1YgeifNbbpg00sbFGywsFGZNWyoSe19N7X3IrVyb0v0blOLmtTK4yzEOG1qUZNaeZylGEegFpXUIoFaVFKLBGpRSS3dxNu2klu6e7RsZmFjS_IfxrjaTg"
"pages/validation-conformance.adoc","technical","116","url","https://www.oasis-open.org/committees/tc_home.php?wg_abbrev=codelist"
"pages/validation-conformance.adoc","technical","129","image-url","https://kroki.io/pikchr/svg/eNqVls9zmzoQx-_8FTtMD03TUATGxOmPGbDdTi6vM22mp14wyLZSDB6BYzun_gE9vuPrpX_a-0u6AglsNS4mM4mJ0fezu9rVrp5xeAu25bDMSPJtZhgBuYFZvgMeJeCtd2CO84RCyooSwk3BMloUwDcpLUyYsQUuTROI8zTnsF2yksKcpSnYO_u9Nxh5sGVJuQTivXjGEe3cQEl3JZifaBqVLM9gRsstpRkQZCgzUZYAeXUJNKUrmpXFjQnp_QZffDVqQ_aOjJzxYIxfRCU67yEmzbcQELiE51fE8l7aF0bgKmv_f_8Fd0uqgGgqKyOWFZBnFPI5lPjuIUo3tFD_ceEfTVqnXnf5cK374FQ-DA59CMqSs9mmbO2oECHitPoCPSqgWNOYzRlNrL9bJRZ50qoR-JGy-8YEJXVCJxz6KN0yzIm1BUQEBD-v4Ln9EnftwuBssSxRPlPycb7JSr5vIcOJY5OpBvEji1YUiwyqsP1YAcTmBQuaxfvbSUsJbdd1bZ0yayh1Av1EUd5-NTvi8GNdTJX49vPHVuyP3IlDdHHSiOu0-XMl7jZMG61daxeHsX-hvMBC7w5-rruw7BH8ohH7tZgpsWPZrbgpniPxshETIVY1cH_-FrBjQuB_O9yCf6IV7Yr-XhHsUU1Ie0T_TU_96iD14JLh8Ip0bUKqM7Lzw1_p2lxp33VJM33n1o3rd11Fm-vaXXPoX3XZXevafc8Tv9PL9fHsmPfHto1QThwTTvxIl8Qgutuv6allJhSrCIdPNZLk4HFw8MCSipIGIp5rT7KmbxWy_dnW8AI7MI7B0JHuyLaVYIMW3ZjrfDF5XoTYQPER8fiEfw_5-A3i5UCckGkwndYmKnzVlmpigSfECF1pV7aM_uYcYY5lD6xgs1QAI0kkogkcmhrIF5-XOZfns68x92-xHWTsz_2rXMCsq7Rr6X0ijd7TWZRJfMR6uhT1hKcPh5jMImnSOFFEEQyabYN6ImOnUhYSlZ5g2oen54SorQ_e98G4J93yFO9DH95Ad2uoMLd9MN5Jt3zJsyzrj9rqog51564lTPTE853zTzo3UsF-7MO7PnbLGGMBx4zHKcXWY6qOYzltgcZqPMbG2Dlz8Vosds9ajAdcLB6ctxj9jw0j4hzvi3Oer2CMtQ5lDmPXotXO4C315w8Toln-gFfg6uJZXfHVb3vV5zQ5ImGV0wo1ELslWf_9q1gnKAuOV3_D-A0izaAt"
"pages/validation-conformance.adoc","technical","129","url","https://kroki.io/pikchr/svg/eNqVls9zmzoQx-_8FTtMD03TUATGxOmPGbDdTi6vM22mp14wyLZSDB6BYzun_gE9vuPrpX_a-0u6AglsNS4mM4mJ0fezu9rVrp5xeAu25bDMSPJtZhgBuYFZvgMeJeCtd2CO84RCyooSwk3BMloUwDcpLUyYsQUuTROI8zTnsF2yksKcpSnYO_u9Nxh5sGVJuQTivXjGEe3cQEl3JZifaBqVLM9gRsstpRkQZCgzUZYAeXUJNKUrmpXFjQnp_QZffDVqQ_aOjJzxYIxfRCU67yEmzbcQELiE51fE8l7aF0bgKmv_f_8Fd0uqgGgqKyOWFZBnFPI5lPjuIUo3tFD_ceEfTVqnXnf5cK374FQ-DA59CMqSs9mmbO2oECHitPoCPSqgWNOYzRlNrL9bJRZ50qoR-JGy-8YEJXVCJxz6KN0yzIm1BUQEBD-v4Ln9EnftwuBssSxRPlPycb7JSr5vIcOJY5OpBvEji1YUiwyqsP1YAcTmBQuaxfvbSUsJbdd1bZ0yayh1Av1EUd5-NTvi8GNdTJX49vPHVuyP3IlDdHHSiOu0-XMl7jZMG61daxeHsX-hvMBC7w5-rruw7BH8ohH7tZgpsWPZrbgpniPxshETIVY1cH_-FrBjQuB_O9yCf6IV7Yr-XhHsUU1Ie0T_TU_96iD14JLh8Ip0bUKqM7Lzw1_p2lxp33VJM33n1o3rd11Fm-vaXXPoX3XZXevafc8Tv9PL9fHsmPfHto1QThwTTvxIl8Qgutuv6allJhSrCIdPNZLk4HFw8MCSipIGIp5rT7KmbxWy_dnW8AI7MI7B0JHuyLaVYIMW3ZjrfDF5XoTYQPER8fiEfw_5-A3i5UCckGkwndYmKnzVlmpigSfECF1pV7aM_uYcYY5lD6xgs1QAI0kkogkcmhrIF5-XOZfns68x92-xHWTsz_2rXMCsq7Rr6X0ijd7TWZRJfMR6uhT1hKcPh5jMImnSOFFEEQyabYN6ImOnUhYSlZ5g2oen54SorQ_e98G4J93yFO9DH95Ad2uoMLd9MN5Jt3zJsyzrj9rqog51564lTPTE853zTzo3UsF-7MO7PnbLGGMBx4zHKcXWY6qOYzltgcZqPMbG2Dlz8Vosds9ajAdcLB6ctxj9jw0j4hzvi3Oer2CMtQ5lDmPXotXO4C315w8Toln-gFfg6uJZXfHVb3vV5zQ5ImGV0wo1ELslWf_9q1gnKAuOV3_D-A0izaAt"
"pages/validation-conformance.adoc","technical","135","url","https://www.itb.ec.europa.eu/espd/upload"
"pages/what-is-espd.adoc","technical","38","url","https://github.com/OP-TED/ESPD-EDM"
"pages/what-is-espd.adoc","technical","42","url","https://single-market-economy.ec.europa.eu/single-market/public-procurement/digital-procurement/eforms_en"
"pages/what-is-espd.adoc","technical","45","image-url","https://kroki.io/vega/svg/eNrNVk2PmzAQvedXILe9ZYnthCy7t0rtvdJK1VarHLzBAbd8ROBkk4347x0bMCYJYVNtq14QzPjNmxm_GXEYOQ76WCwjnjB076BIynVxP5lsecjcUMho8-yKbFId0NbJ1nN_FlmKxgoa8GKZi7UUYAD4Z0eKhMci5c5WFBsWi1emfE62cmTEna_fHr44W54XYCvcKsSLCGQE4DnG-jviIowkGEhtWLMgEGkIFm880qRMqmSf4N1xDvoJ1pQlXOXQhNfRtWeV5QlTEQ9I7tdwCFUFqNB5Ad8H9JzlUICKzJU9EDxQsfR3WZpIWxZveGG4bX7tj9kzjxXwu-c-uo8mBe2sOByE6QSTCcXU6_obUnBW_ltk3OV4iHB2gbAJOOshvK3982sIpxcIZ3VA0kM4Nx24gpAOV0j884SEmoSuICRvIJxfrhASagnrt8XIoj-RL9_yVF4n3peIG_EOiLXhUcVhl6owNboRAVTUaU2LoC5xiYVomkru-hBT4LARRvm0HwGYM1nRaR9iBhwdxJ0Rey-CdBAEGzX2ILxjjnZgjm8VnotqSxVLFlvtP7novT7QXnR1uyAxlgatNWdpqMxPeAwKKESYMi3OekuWC3MyyBImUi2UekFaqxB0JHispVnpu7wowl1Pbmq7n-ZWr_DWnm1SRSXzDb8qPd2tasaaJbwoj_vKdnZXUZYLGBjduEzKLFHIKnurDmuM0KcfyIqWsPzXmUsyBfOdtGYxh_h2BfWwtjPH02UWKGS7UsAmed4xgXGn45xLtLknrbWys132GqTnGt5uCO664Tp0NOsI9bpHViKOOyfQB4zxEY0uWh0yuWhdHEXKUvkgXrt8hJYn6-680poG53z5_zbY73qbPxWr3u4B8-vStu6AQhiHtT2ykEO2WhVcHfQHr8f3fXRtUwdUa-bur7RVj--5thrQ_hRULSW7MzfTd1Fuve3eIF38ztL9513e0UGUXql_dje9Sm8aOBu8L7r05zToV7PayqPyNzZp_E4="
"pages/what-is-espd.adoc","technical","45","url","https://kroki.io/vega/svg/eNrNVk2PmzAQvedXILe9ZYnthCy7t0rtvdJK1VarHLzBAbd8ROBkk4347x0bMCYJYVNtq14QzPjNmxm_GXEYOQ76WCwjnjB076BIynVxP5lsecjcUMho8-yKbFId0NbJ1nN_FlmKxgoa8GKZi7UUYAD4Z0eKhMci5c5WFBsWi1emfE62cmTEna_fHr44W54XYCvcKsSLCGQE4DnG-jviIowkGEhtWLMgEGkIFm880qRMqmSf4N1xDvoJ1pQlXOXQhNfRtWeV5QlTEQ9I7tdwCFUFqNB5Ad8H9JzlUICKzJU9EDxQsfR3WZpIWxZveGG4bX7tj9kzjxXwu-c-uo8mBe2sOByE6QSTCcXU6_obUnBW_ltk3OV4iHB2gbAJOOshvK3982sIpxcIZ3VA0kM4Nx24gpAOV0j884SEmoSuICRvIJxfrhASagnrt8XIoj-RL9_yVF4n3peIG_EOiLXhUcVhl6owNboRAVTUaU2LoC5xiYVomkru-hBT4LARRvm0HwGYM1nRaR9iBhwdxJ0Rey-CdBAEGzX2ILxjjnZgjm8VnotqSxVLFlvtP7novT7QXnR1uyAxlgatNWdpqMxPeAwKKESYMi3OekuWC3MyyBImUi2UekFaqxB0JHispVnpu7wowl1Pbmq7n-ZWr_DWnm1SRSXzDb8qPd2tasaaJbwoj_vKdnZXUZYLGBjduEzKLFHIKnurDmuM0KcfyIqWsPzXmUsyBfOdtGYxh_h2BfWwtjPH02UWKGS7UsAmed4xgXGn45xLtLknrbWys132GqTnGt5uCO664Tp0NOsI9bpHViKOOyfQB4zxEY0uWh0yuWhdHEXKUvkgXrt8hJYn6-680poG53z5_zbY73qbPxWr3u4B8-vStu6AQhiHtT2ykEO2WhVcHfQHr8f3fXRtUwdUa-bur7RVj--5thrQ_hRULSW7MzfTd1Fuve3eIF38ztL9513e0UGUXql_dje9Sm8aOBu8L7r05zToV7PayqPyNzZp_E4="
"pages/what-is-espd.adoc","technical","47","url","https://niolesk.top/#https://kroki.io/vega/svg/eNrNVk2PmzAQvedXILe9ZYnthCy7t0rtvdJK1VarHLzBAbd8ROBkk4347x0bMCYJYVNtq14QzPjNmxm_GXEYOQ76WCwjnjB076BIynVxP5lsecjcUMho8-yKbFId0NbJ1nN_FlmKxgoa8GKZi7UUYAD4Z0eKhMci5c5WFBsWi1emfE62cmTEna_fHr44W54XYCvcKsSLCGQE4DnG-jviIowkGEhtWLMgEGkIFm880qRMqmSf4N1xDvoJ1pQlXOXQhNfRtWeV5QlTEQ9I7tdwCFUFqNB5Ad8H9JzlUICKzJU9EDxQsfR3WZpIWxZveGG4bX7tj9kzjxXwu-c-uo8mBe2sOByE6QSTCcXU6_obUnBW_ltk3OV4iHB2gbAJOOshvK3982sIpxcIZ3VA0kM4Nx24gpAOV0j884SEmoSuICRvIJxfrhASagnrt8XIoj-RL9_yVF4n3peIG_EOiLXhUcVhl6owNboRAVTUaU2LoC5xiYVomkru-hBT4LARRvm0HwGYM1nRaR9iBhwdxJ0Rey-CdBAEGzX2ILxjjnZgjm8VnotqSxVLFlvtP7novT7QXnR1uyAxlgatNWdpqMxPeAwKKESYMi3OekuWC3MyyBImUi2UekFaqxB0JHispVnpu7wowl1Pbmq7n-ZWr_DWnm1SRSXzDb8qPd2tasaaJbwoj_vKdnZXUZYLGBjduEzKLFHIKnurDmuM0KcfyIqWsPzXmUsyBfOdtGYxh_h2BfWwtjPH02UWKGS7UsAmed4xgXGn45xLtLknrbWys132GqTnGt5uCO664Tp0NOsI9bpHViKOOyfQB4zxEY0uWh0yuWhdHEXKUvkgXrt8hJYn6-680poG53z5_zbY73qbPxWr3u4B8-vStu6AQhiHtT2ykEO2WhVcHfQHr8f3fXRtUwdUa-bur7RVj--5thrQ_hRULSW7MzfTd1Fuve3eIF38ztL9513e0UGUXql_dje9Sm8aOBu8L7r05zToV7PayqPyNzZp_E4="
"pages/what-is-espd.adoc","technical","55","image-url","https://kroki.io/pikchr/svg/eNrFlU-P2jAQxe_5FKN0D_2zRMEORarUQ-nSXrbaVXvtJZABLCU2tY3CfvvOOAmEQCW0EuoJGDt-7_dmHO4sfIY0EUpHb6BUGm1ehMp08v7ORlypVVMRkyiajT_BwuyBd022e4hnuxe0UOCKNroY4kfj6YMe8RvIEj4DNqjWGw8iGfOvlSpLSPfZ9CGbfIlya00NNmxolq2pYDZOEPwGNey2kHE5_Dhui-bkA8tSbR0GTRjHnc44qP7j5DmdTBCXKdiaA6VjcFVOLuP5r-cH-Il_duh8V2zQZA-sERyAXUMmLpKJAZm4kkwEMnFrMjhFE6do0VwO7Msr7ctgX_7_xhSm1s0xZ63RAzZ9JZsObNnt2fi6HvJ0UORugwV4wxZ0h97yMnDP6ZH94oWbiXRg_2m1Qqv0Gp5z61_o6n-3hob6EfMC7StfAb1pEimHJoeqjcgPrBZo3f0hNEN-LaD2yivs1d1uMVoa7W2-9Ma60zxfb04Gc9mtIuG0l83Z8bd2PoBb086G2xrtkM4vlfOstw461SGVQR5gsVQ0CIamLM51AWex_I5qRd4SV0PuQ_i6hg_wNk3Se3r1y3dhB9ufNoZb-zLhaYm4UX3Drd_4MM2d405HNzqUIymOLulkiTiLKeLMO52vpixx6R1wQ1mG1DohKjaUleK_o5jSqCAo0zdlwXCjzqizjnpEToKdydHPx5O2yUQGP8cLxy2jK0d3LaTXX6FsEh1WmLe_kh2eYe2_9s9KsQ=="
"pages/what-is-espd.adoc","technical","55","url","https://kroki.io/pikchr/svg/eNrFlU-P2jAQxe_5FKN0D_2zRMEORarUQ-nSXrbaVXvtJZABLCU2tY3CfvvOOAmEQCW0EuoJGDt-7_dmHO4sfIY0EUpHb6BUGm1ehMp08v7ORlypVVMRkyiajT_BwuyBd022e4hnuxe0UOCKNroY4kfj6YMe8RvIEj4DNqjWGw8iGfOvlSpLSPfZ9CGbfIlya00NNmxolq2pYDZOEPwGNey2kHE5_Dhui-bkA8tSbR0GTRjHnc44qP7j5DmdTBCXKdiaA6VjcFVOLuP5r-cH-Il_duh8V2zQZA-sERyAXUMmLpKJAZm4kkwEMnFrMjhFE6do0VwO7Msr7ctgX_7_xhSm1s0xZ63RAzZ9JZsObNnt2fi6HvJ0UORugwV4wxZ0h97yMnDP6ZH94oWbiXRg_2m1Qqv0Gp5z61_o6n-3hob6EfMC7StfAb1pEimHJoeqjcgPrBZo3f0hNEN-LaD2yivs1d1uMVoa7W2-9Ma60zxfb04Gc9mtIuG0l83Z8bd2PoBb086G2xrtkM4vlfOstw461SGVQR5gsVQ0CIamLM51AWex_I5qRd4SV0PuQ_i6hg_wNk3Se3r1y3dhB9ufNoZb-zLhaYm4UX3Drd_4MM2d405HNzqUIymOLulkiTiLKeLMO52vpixx6R1wQ1mG1DohKjaUleK_o5jSqCAo0zdlwXCjzqizjnpEToKdydHPx5O2yUQGP8cLxy2jK0d3LaTXX6FsEh1WmLe_kh2eYe2_9s9KsQ=="
"pages/what-is-espd.adoc","technical","57","url","https://niolesk.top/#https://kroki.io/pikchr/svg/eNrFlU-P2jAQxe_5FKN0D_2zRMEORarUQ-nSXrbaVXvtJZABLCU2tY3CfvvOOAmEQCW0EuoJGDt-7_dmHO4sfIY0EUpHb6BUGm1ehMp08v7ORlypVVMRkyiajT_BwuyBd022e4hnuxe0UOCKNroY4kfj6YMe8RvIEj4DNqjWGw8iGfOvlSpLSPfZ9CGbfIlya00NNmxolq2pYDZOEPwGNey2kHE5_Dhui-bkA8tSbR0GTRjHnc44qP7j5DmdTBCXKdiaA6VjcFVOLuP5r-cH-Il_duh8V2zQZA-sERyAXUMmLpKJAZm4kkwEMnFrMjhFE6do0VwO7Msr7ctgX_7_xhSm1s0xZ63RAzZ9JZsObNnt2fi6HvJ0UORugwV4wxZ0h97yMnDP6ZH94oWbiXRg_2m1Qqv0Gp5z61_o6n-3hob6EfMC7StfAb1pEimHJoeqjcgPrBZo3f0hNEN-LaD2yivs1d1uMVoa7W2-9Ma60zxfb04Gc9mtIuG0l83Z8bd2PoBb086G2xrtkM4vlfOstw461SGVQR5gsVQ0CIamLM51AWex_I5qRd4SV0PuQ_i6hg_wNk3Se3r1y3dhB9ufNoZb-zLhaYm4UX3Drd_4MM2d405HNzqUIymOLulkiTiLKeLMO52vpixx6R1wQ1mG1DohKjaUleK_o5jSqCAo0zdlwXCjzqizjnpEToKdydHPx5O2yUQGP8cLxy2jK0d3LaTXX6FsEh1WmLe_kh2eYe2_9s9KsQ=="
"partials/attributes.adoc","technical","14","url","https://github.com/OP-TED/ePO"
"partials/business-rules-register.adoc","technical","15","url","https://github.com/OP-TED/espd-validation-schematron/blob/feature/testing_and_doc/common/sch/04-ESPD-common-other-br.sch"
"partials/business-rules-register.adoc","technical","28","url","https://github.com/OP-TED/espd-validation-schematron/blob/feature/testing_and_doc/common/sch/04-ESPD-common-other-br.sch"
"partials/business-rules-register.adoc","technical","41","url","https://github.com/OP-TED/espd-validation-schematron/blob/feature/testing_and_doc/common/sch/04-ESPD-common-other-br.sch"
"partials/business-rules-register.adoc","technical","54","url","https://github.com/OP-TED/espd-validation-schematron/blob/feature/testing_and_doc/ESPDResponse/sch/05-ESPD-resp-role-br.sch"
"partials/business-rules-register.adoc","technical","67","url","https://github.com/OP-TED/espd-validation-schematron/blob/feature/testing_and_doc/ESPDResponse/sch/05-ESPD-resp-role-br.sch"
"partials/business-rules-register.adoc","technical","80","url","https://github.com/OP-TED/espd-validation-schematron/blob/feature/testing_and_doc/ESPDResponse/sch/05-ESPD-resp-role-br.sch"
"partials/business-rules-register.adoc","technical","93","url","https://github.com/OP-TED/espd-validation-schematron/blob/feature/testing_and_doc/ESPDResponse/sch/05-ESPD-resp-role-br.sch"
"partials/business-rules-register.adoc","technical","106","url","https://github.com/OP-TED/espd-validation-schematron/blob/feature/testing_and_doc/ESPDResponse/sch/05-ESPD-resp-specific-br.sch"
"partials/business-rules-register.adoc","technical","119","url","https://github.com/OP-TED/espd-validation-schematron/blob/feature/testing_and_doc/ESPDRequest/sch/05-ESPD-req-specific-br.sch"
"partials/business-rules-register.adoc","technical","132","url","https://github.com/OP-TED/espd-validation-schematron/blob/feature/testing_and_doc/ESPDRequest/sch/05-ESPD-req-specific-br.sch"
"partials/business-rules-register.adoc","technical","145","url","https://github.com/OP-TED/espd-validation-schematron/blob/feature/testing_and_doc/common/sch/04-ESPD-common-other-br.sch"
"partials/business-rules-register.adoc","technical","158","url","https://github.com/OP-TED/espd-validation-schematron/blob/feature/testing_and_doc/common/sch/04-ESPD-common-other-br.sch"
"partials/business-rules-register.adoc","technical","171","url","https://github.com/OP-TED/espd-validation-schematron/blob/feature/testing_and_doc/common/sch/04-ESPD-common-other-br.sch"
"partials/business-rules-register.adoc","technical","184","url","https://github.com/OP-TED/espd-validation-schematron/blob/feature/testing_and_doc/common/sch/04-ESPD-common-other-br.sch"
"partials/business-rules-register.adoc","technical","197","url","https://github.com/OP-TED/espd-validation-schematron/blob/feature/testing_and_doc/common/sch/04-ESPD-common-other-br.sch"
"partials/business-rules-register.adoc","technical","210","url","https://github.com/OP-TED/espd-validation-schematron/blob/feature/testing_and_doc/common/sch/04-ESPD-common-other-br.sch"
"partials/business-rules-register.adoc","technical","223","url","https://github.com/OP-TED/espd-validation-schematron/blob/feature/testing_and_doc/common/sch/04-ESPD-common-other-br.sch"
"partials/business-rules-register.adoc","technical","236","url","https://github.com/OP-TED/espd-validation-schematron/blob/feature/testing_and_doc/common/sch/04-ESPD-common-other-br.sch"
"partials/business-rules-register.adoc","technical","249","url","https://github.com/OP-TED/espd-validation-schematron/blob/feature/testing_and_doc/common/sch/04-ESPD-common-other-br.sch"
"partials/business-rules-register.adoc","technical","262","url","https://github.com/OP-TED/espd-validation-schematron/blob/feature/testing_and_doc/ESPDRequest/sch/02-ESPD-req-cardinality-br.sch"
"partials/business-rules-register.adoc","technical","275","url","https://github.com/OP-TED/espd-validation-schematron/blob/feature/testing_and_doc/ESPDResponse/sch/02-ESPD-resp-cardinality-br.sch"
"partials/business-rules-register.adoc","technical","288","url","https://github.com/OP-TED/espd-validation-schematron/blob/feature/testing_and_doc/ESPDRequest/sch/02-ESPD-req-cardinality-br.sch"
"partials/business-rules-register.adoc","technical","301","url","https://github.com/OP-TED/espd-validation-schematron/blob/feature/testing_and_doc/ESPDResponse/sch/02-ESPD-resp-cardinality-br.sch"
"partials/business-rules-register.adoc","technical","314","url","https://github.com/OP-TED/espd-validation-schematron/blob/feature/testing_and_doc/ESPDRequest/sch/02-ESPD-req-cardinality-br.sch"
"partials/business-rules-register.adoc","technical","327","url","https://github.com/OP-TED/espd-validation-schematron/blob/feature/testing_and_doc/ESPDResponse/sch/02-ESPD-resp-cardinality-br.sch"
"partials/business-rules-register.adoc","technical","340","url","https://github.com/OP-TED/espd-validation-schematron/blob/feature/testing_and_doc/ESPDRequest/sch/02-ESPD-req-cardinality-br.sch"
"partials/business-rules-register.adoc","technical","353","url","https://github.com/OP-TED/espd-validation-schematron/blob/feature/testing_and_doc/ESPDResponse/sch/02-ESPD-resp-cardinality-br.sch"
"partials/business-rules-register.adoc","technical","366","url","https://github.com/OP-TED/espd-validation-schematron/blob/feature/testing_and_doc/ESPDResponse/sch/02-ESPD-resp-cardinality-br.sch"
"partials/business-rules-register.adoc","technical","379","url","https://github.com/OP-TED/espd-validation-schematron/blob/feature/testing_and_doc/common/sch/04-ESPD-common-other-br.sch"
"partials/business-rules-register.adoc","technical","392","url","https://github.com/OP-TED/espd-validation-schematron/blob/feature/testing_and_doc/common/sch/04-ESPD-common-other-br.sch"
"partials/business-rules-register.adoc","technical","405","url","https://github.com/OP-TED/espd-validation-schematron/blob/feature/testing_and_doc/common/sch/04-ESPD-common-other-br.sch"
"partials/business-rules-register.adoc","technical","418","url","https://github.com/OP-TED/espd-validation-schematron/blob/feature/testing_and_doc/ESPDRequest/sch/05-ESPD-req-procurer-br.sch"
"partials/business-rules-register.adoc","technical","431","url","https://github.com/OP-TED/espd-validation-schematron/blob/feature/testing_and_doc/ESPDRequest/sch/05-ESPD-req-procurer-br.sch"
"partials/business-rules-register.adoc","technical","444","url","https://github.com/OP-TED/espd-validation-schematron/blob/feature/testing_and_doc/ESPDRequest/sch/05-ESPD-req-procurer-br.sch"
"partials/business-rules-register.adoc","technical","457","url","https://github.com/OP-TED/espd-validation-schematron/blob/feature/testing_and_doc/ESPDRequest/sch/05-ESPD-req-procurer-br.sch"
"partials/business-rules-register.adoc","technical","470","url","https://github.com/OP-TED/espd-validation-schematron/blob/feature/testing_and_doc/ESPDRequest/sch/05-ESPD-req-procurer-br.sch"
"partials/business-rules-register.adoc","technical","483","url","https://github.com/OP-TED/espd-validation-schematron/blob/feature/testing_and_doc/ESPDRequest/sch/05-ESPD-req-procurer-br.sch"
"partials/business-rules-register.adoc","technical","496","url","https://github.com/OP-TED/espd-validation-schematron/blob/feature/testing_and_doc/ESPDRequest/sch/05-ESPD-req-procurer-br.sch"
"partials/business-rules-register.adoc","technical","509","url","https://github.com/OP-TED/espd-validation-schematron/blob/feature/testing_and_doc/ESPDRequest/sch/03-ESPD-req-criterion-br.sch"
"partials/business-rules-register.adoc","technical","522","url","https://github.com/OP-TED/espd-validation-schematron/blob/feature/testing_and_doc/ESPDRequest/sch/03-ESPD-req-criterion-br.sch"
"partials/business-rules-register.adoc","technical","535","url","https://github.com/OP-TED/espd-validation-schematron/blob/feature/testing_and_doc/ESPDResponse/sch/05-ESPD-resp-eo-br.sch"
"partials/business-rules-register.adoc","technical","548","url","https://github.com/OP-TED/espd-validation-schematron/blob/feature/testing_and_doc/ESPDResponse/sch/05-ESPD-resp-eo-br.sch"
"partials/business-rules-register.adoc","technical","561","url","https://github.com/OP-TED/espd-validation-schematron/blob/feature/testing_and_doc/ESPDResponse/sch/05-ESPD-resp-eo-br.sch"
"partials/business-rules-register.adoc","technical","574","url","https://github.com/OP-TED/espd-validation-schematron/blob/feature/testing_and_doc/ESPDResponse/sch/05-ESPD-resp-eo-br.sch"
"partials/business-rules-register.adoc","technical","587","url","https://github.com/OP-TED/espd-validation-schematron/blob/feature/testing_and_doc/ESPDResponse/sch/05-ESPD-resp-eo-br.sch"
"partials/business-rules-register.adoc","technical","600","url","https://github.com/OP-TED/espd-validation-schematron/blob/feature/testing_and_doc/ESPDResponse/sch/05-ESPD-resp-eo-br.sch"
"partials/business-rules-register.adoc","technical","613","url","https://github.com/OP-TED/espd-validation-schematron/blob/feature/testing_and_doc/ESPDResponse/sch/05-ESPD-resp-eo-br.sch"
"partials/business-rules-register.adoc","technical","626","url","https://github.com/OP-TED/espd-validation-schematron/blob/feature/testing_and_doc/ESPDResponse/sch/05-ESPD-resp-eo-br.sch"
"partials/business-rules-register.adoc","technical","639","url","https://github.com/OP-TED/espd-validation-schematron/blob/feature/testing_and_doc/ESPDResponse/sch/05-ESPD-resp-eo-br.sch"
"partials/business-rules-register.adoc","technical","652","url","https://github.com/OP-TED/espd-validation-schematron/blob/feature/testing_and_doc/ESPDResponse/sch/05-ESPD-resp-eo-br.sch"
"partials/business-rules-register.adoc","technical","665","url","https://github.com/OP-TED/espd-validation-schematron/blob/feature/testing_and_doc/ESPDResponse/sch/05-ESPD-resp-eo-br.sch"
"partials/business-rules-register.adoc","technical","678","url","https://github.com/OP-TED/espd-validation-schematron/blob/feature/testing_and_doc/ESPDResponse/sch/05-ESPD-resp-eo-br.sch"
"partials/business-rules-register.adoc","technical","691","url","https://github.com/OP-TED/espd-validation-schematron/blob/feature/testing_and_doc/ESPDResponse/sch/05-ESPD-resp-qualification-br.sch"
"partials/business-rules-register.adoc","technical","704","url","https://github.com/OP-TED/espd-validation-schematron/blob/feature/testing_and_doc/ESPDResponse/sch/05-ESPD-resp-qualification-br.sch"
"partials/business-rules-register.adoc","technical","717","url","https://github.com/OP-TED/espd-validation-schematron/blob/feature/testing_and_doc/ESPDResponse/sch/05-ESPD-resp-qualification-br.sch"
"partials/business-rules-register.adoc","technical","730","url","https://github.com/OP-TED/espd-validation-schematron/blob/feature/testing_and_doc/ESPDRequest/sch/05-ESPD-req-specific-br.sch"
"partials/business-rules-register.adoc","technical","743","url","https://github.com/OP-TED/espd-validation-schematron/blob/feature/testing_and_doc/ESPDResponse/sch/05-ESPD-resp-role-br.sch"
"partials/business-rules-register.adoc","technical","756","url","https://github.com/OP-TED/espd-validation-schematron/blob/feature/testing_and_doc/common/sch/03-ESPD-common-criterion-br.sch"
"partials/business-rules-register.adoc","technical","769","url","https://github.com/OP-TED/espd-validation-schematron/blob/feature/testing_and_doc/common/sch/03-ESPD-common-criterion-br.sch"
"partials/business-rules-register.adoc","technical","782","url","https://github.com/OP-TED/espd-validation-schematron/blob/feature/testing_and_doc/common/sch/03-ESPD-common-criterion-br.sch"
"partials/business-rules-register.adoc","technical","795","url","https://github.com/OP-TED/espd-validation-schematron/blob/feature/testing_and_doc/common/sch/03-ESPD-common-criterion-br.sch"
"partials/business-rules-register.adoc","technical","808","url","https://github.com/OP-TED/espd-validation-schematron/blob/feature/testing_and_doc/common/sch/03-ESPD-common-criterion-br.sch"
"partials/business-rules-register.adoc","technical","821","url","https://github.com/OP-TED/espd-validation-schematron/blob/feature/testing_and_doc/common/sch/03-ESPD-common-criterion-br.sch"
"partials/business-rules-register.adoc","technical","834","url","https://github.com/OP-TED/espd-validation-schematron/blob/feature/testing_and_doc/common/sch/03-ESPD-common-criterion-br.sch"
"partials/business-rules-register.adoc","technical","847","url","https://github.com/OP-TED/espd-validation-schematron/blob/feature/testing_and_doc/common/sch/03-ESPD-common-criterion-br.sch"
"partials/business-rules-register.adoc","technical","860","url","https://github.com/OP-TED/espd-validation-schematron/blob/feature/testing_and_doc/common/sch/03-ESPD-common-criterion-br.sch"
"partials/business-rules-register.adoc","technical","873","url","https://github.com/OP-TED/espd-validation-schematron/blob/feature/testing_and_doc/common/sch/03-ESPD-common-criterion-br.sch"
"partials/business-rules-register.adoc","technical","886","url","https://github.com/OP-TED/espd-validation-schematron/blob/feature/testing_and_doc/common/sch/03-ESPD-common-criterion-br.sch"
"partials/business-rules-register.adoc","technical","899","url","https://github.com/OP-TED/espd-validation-schematron/blob/feature/testing_and_doc/common/sch/03-ESPD-common-criterion-br.sch"
"partials/business-rules-register.adoc","technical","912","url","https://github.com/OP-TED/espd-validation-schematron/blob/feature/testing_and_doc/common/sch/03-ESPD-common-criterion-br.sch"
"partials/business-rules-register.adoc","technical","925","url","https://github.com/OP-TED/espd-validation-schematron/blob/feature/testing_and_doc/common/sch/03-ESPD-common-criterion-br.sch"
"partials/business-rules-register.adoc","technical","938","url","https://github.com/OP-TED/espd-validation-schematron/blob/feature/testing_and_doc/common/sch/03-ESPD-common-criterion-br.sch"
"partials/business-rules-register.adoc","technical","951","url","https://github.com/OP-TED/espd-validation-schematron/blob/feature/testing_and_doc/common/sch/03-ESPD-common-criterion-br.sch"
"partials/business-rules-register.adoc","technical","964","url","https://github.com/OP-TED/espd-validation-schematron/blob/feature/testing_and_doc/common/sch/03-ESPD-common-criterion-br.sch"
"partials/business-rules-register.adoc","technical","977","url","https://github.com/OP-TED/espd-validation-schematron/blob/feature/testing_and_doc/common/sch/03-ESPD-common-criterion-br.sch"
"partials/business-rules-register.adoc","technical","990","url","https://github.com/OP-TED/espd-validation-schematron/blob/feature/testing_and_doc/common/sch/03-ESPD-common-criterion-br.sch"
"partials/business-rules-register.adoc","technical","1003","url","https://github.com/OP-TED/espd-validation-schematron/blob/feature/testing_and_doc/common/sch/03-ESPD-common-criterion-br.sch"
"partials/business-rules-register.adoc","technical","1016","url","https://github.com/OP-TED/espd-validation-schematron/blob/feature/testing_and_doc/common/sch/03-ESPD-common-criterion-br.sch"
"partials/business-rules-register.adoc","technical","1029","url","https://github.com/OP-TED/espd-validation-schematron/blob/feature/testing_and_doc/common/sch/03-ESPD-common-criterion-br.sch"
"partials/business-rules-register.adoc","technical","1042","url","https://github.com/OP-TED/espd-validation-schematron/blob/feature/testing_and_doc/common/sch/03-ESPD-common-criterion-br.sch"
"partials/business-rules-register.adoc","technical","1055","url","https://github.com/OP-TED/espd-validation-schematron/blob/feature/testing_and_doc/common/sch/03-ESPD-common-criterion-br.sch"
"partials/business-rules-register.adoc","technical","1068","url","https://github.com/OP-TED/espd-validation-schematron/blob/feature/testing_and_doc/common/sch/03-ESPD-common-criterion-br.sch"
"partials/business-rules-register.adoc","technical","1081","url","https://github.com/OP-TED/espd-validation-schematron/blob/feature/testing_and_doc/ESPDResponse/sch/03-ESPD-resp-criterion-br.sch"
"partials/business-rules-register.adoc","technical","1094","url","https://github.com/OP-TED/espd-validation-schematron/blob/feature/testing_and_doc/ESPDResponse/sch/03-ESPD-resp-criterion-br.sch"
"partials/business-rules-register.adoc","technical","1107","url","https://github.com/OP-TED/espd-validation-schematron/blob/feature/testing_and_doc/ESPDResponse/sch/03-ESPD-resp-criterion-br.sch"
"partials/business-rules-register.adoc","technical","1120","url","https://github.com/OP-TED/espd-validation-schematron/blob/feature/testing_and_doc/ESPDResponse/sch/03-ESPD-resp-criterion-br.sch"
"partials/business-rules-register.adoc","technical","1133","url","https://github.com/OP-TED/espd-validation-schematron/blob/feature/testing_and_doc/ESPDResponse/sch/03-ESPD-resp-criterion-br.sch"
"partials/business-rules-register.adoc","technical","1146","url","https://github.com/OP-TED/espd-validation-schematron/blob/feature/testing_and_doc/ESPDResponse/sch/03-ESPD-resp-criterion-br.sch"
"partials/business-rules-register.adoc","technical","1159","url","https://github.com/OP-TED/espd-validation-schematron/blob/feature/testing_and_doc/ESPDResponse/sch/03-ESPD-resp-criterion-br.sch"
"partials/business-rules-register.adoc","technical","1172","url","https://github.com/OP-TED/espd-validation-schematron/blob/feature/testing_and_doc/ESPDResponse/sch/03-ESPD-resp-criterion-br.sch"
"partials/business-rules-register.adoc","technical","1185","url","https://github.com/OP-TED/espd-validation-schematron/blob/feature/testing_and_doc/ESPDResponse/sch/03-ESPD-resp-criterion-br.sch"
"partials/business-rules-register.adoc","technical","1198","url","https://github.com/OP-TED/espd-validation-schematron/blob/feature/testing_and_doc/ESPDResponse/sch/03-ESPD-resp-criterion-br.sch"
"partials/business-rules-register.adoc","technical","1211","url","https://github.com/OP-TED/espd-validation-schematron/blob/feature/testing_and_doc/ESPDResponse/sch/03-ESPD-resp-criterion-br.sch"
"partials/business-rules-register.adoc","technical","1224","url","https://github.com/OP-TED/espd-validation-schematron/blob/feature/testing_and_doc/ESPDResponse/sch/03-ESPD-resp-criterion-br.sch"
"partials/business-rules-register.adoc","technical","1237","url","https://github.com/OP-TED/espd-validation-schematron/blob/feature/testing_and_doc/ESPDResponse/sch/03-ESPD-resp-criterion-br.sch"
"partials/business-rules-register.adoc","technical","1250","url","https://github.com/OP-TED/espd-validation-schematron/blob/feature/testing_and_doc/ESPDResponse/sch/03-ESPD-resp-criterion-br.sch"
"partials/business-rules-register.adoc","technical","1263","url","https://github.com/OP-TED/espd-validation-schematron/blob/feature/testing_and_doc/ESPDResponse/sch/03-ESPD-resp-criterion-br.sch"
"partials/business-rules-register.adoc","technical","1276","url","https://github.com/OP-TED/espd-validation-schematron/blob/feature/testing_and_doc/ESPDResponse/sch/03-ESPD-resp-criterion-br.sch"
"partials/business-rules-register.adoc","technical","1289","url","https://github.com/OP-TED/espd-validation-schematron/blob/feature/testing_and_doc/ESPDResponse/sch/03-ESPD-resp-criterion-br.sch"
"partials/business-rules-register.adoc","technical","1302","url","https://github.com/OP-TED/espd-validation-schematron/blob/feature/testing_and_doc/ESPDResponse/sch/03-ESPD-resp-criterion-br.sch"
"partials/business-rules-register.adoc","technical","1315","url","https://github.com/OP-TED/espd-validation-schematron/blob/feature/testing_and_doc/ESPDResponse/sch/03-ESPD-resp-criterion-br.sch"
"partials/business-rules-register.adoc","technical","1328","url","https://github.com/OP-TED/espd-validation-schematron/blob/feature/testing_and_doc/ESPDResponse/sch/03-ESPD-resp-criterion-br.sch"
"partials/business-rules-register.adoc","technical","1341","url","https://github.com/OP-TED/espd-validation-schematron/blob/feature/testing_and_doc/ESPDResponse/sch/03-ESPD-resp-criterion-br.sch"
"partials/business-rules-register.adoc","technical","1354","url","https://github.com/OP-TED/espd-validation-schematron/blob/feature/testing_and_doc/ESPDResponse/sch/03-ESPD-resp-criterion-br.sch"
"partials/business-rules-register.adoc","technical","1367","url","https://github.com/OP-TED/espd-validation-schematron/blob/feature/testing_and_doc/ESPDResponse/sch/03-ESPD-resp-criterion-br.sch"
"partials/business-rules-register.adoc","technical","1380","url","https://github.com/OP-TED/espd-validation-schematron/blob/feature/testing_and_doc/ESPDResponse/sch/03-ESPD-resp-criterion-br.sch"
"partials/business-rules-register.adoc","technical","1393","url","https://github.com/OP-TED/espd-validation-schematron/blob/feature/testing_and_doc/ESPDResponse/sch/03-ESPD-resp-criterion-br.sch"
"partials/business-rules-register.adoc","technical","1406","url","https://github.com/OP-TED/espd-validation-schematron/blob/feature/testing_and_doc/ESPDResponse/sch/03-ESPD-resp-criterion-br.sch"
"partials/business-rules-register.adoc","technical","1419","url","https://github.com/OP-TED/espd-validation-schematron/blob/feature/testing_and_doc/ESPDResponse/sch/03-ESPD-resp-criterion-br.sch"
"partials/business-rules-register.adoc","technical","1432","url","https://github.com/OP-TED/espd-validation-schematron/blob/feature/testing_and_doc/ESPDResponse/sch/03-ESPD-resp-criterion-br.sch"
"partials/business-rules-register.adoc","technical","1445","url","https://github.com/OP-TED/espd-validation-schematron/blob/feature/testing_and_doc/ESPDResponse/sch/03-ESPD-resp-criterion-br.sch"
"partials/business-rules-register.adoc","technical","1458","url","https://github.com/OP-TED/espd-validation-schematron/blob/feature/testing_and_doc/ESPDResponse/sch/03-ESPD-resp-criterion-br.sch"
"partials/business-rules-register.adoc","technical","1471","url","https://github.com/OP-TED/espd-validation-schematron/blob/feature/testing_and_doc/ESPDResponse/sch/03-ESPD-resp-criterion-br.sch"
"partials/business-rules-register.adoc","technical","1484","url","https://github.com/OP-TED/espd-validation-schematron/blob/feature/testing_and_doc/ESPDResponse/sch/03-ESPD-resp-criterion-br.sch"
"partials/business-rules-register.adoc","technical","1497","url","https://github.com/OP-TED/espd-validation-schematron/blob/feature/testing_and_doc/ESPDResponse/sch/03-ESPD-resp-criterion-br.sch"
"partials/feedback.adoc","technical","5","url","https://github.com/OP-TED/espd-docs/issues/new/choose"
